ID,Food name,無単位,枚,本,個片丁株玉房,杯/カップ,半分,摘み/少々,小/小匙,中,大/大匙,一掴,袋,箱,缶/カン,CC,cm,束,合,適量、お好み,g
99999,水,-1,-1,-1,-1,180,-1,0.8,5,10,15,-1,-1,-1,-1,1,-1,-1,180,-1,1
1001,アマランサス　玄穀,-1,-1,-1,-1,-1,-1,-1,-1,-1,-1,-1,-1,-1,-1,-1,-1,-1,-1,-1,1
1002,あわ　精白粒,-1,-1,-1,-1,-1,-1,-1,-1,-1,-1,-1,-1,-1,-1,-1,-1,-1,-1,-1,1
1003,あわ　あわもち,-1,-1,-1,-1,-1,-1,-1,-1,-1,-1,-1,-1,-1,-1,-1,-1,-1,-1,-1,1
1004,えんばく　オートミール,-1,-1,-1,-1,150,75,-1,5,-1,10,50,100,-1,-1,-1,-1,-1,150,-1,1
1005,おおむぎ　七分つき押麦,-1,-1,-1,-1,150,75,-1,5,-1,10,50,100,-1,-1,-1,-1,-1,150,-1,1
1006,おおむぎ　押麦　乾,-1,-1,-1,-1,150,75,-1,5,-1,10,50,100,-1,-1,-1,-1,-1,150,-1,1
1170,おおむぎ　押麦　めし,-1,-1,-1,-1,-1,-1,-1,-1,-1,-1,-1,-1,-1,-1,-1,-1,-1,-1,-1,1
1007,おおむぎ　米粒麦,-1,-1,-1,-1,150,75,-1,5,-1,10,50,100,-1,-1,-1,-1,-1,150,-1,1
1008,おおむぎ　大麦めん　乾,70,-1,-1,70,-1,35,-1,-1,-1,-1,-1,70,-1,-1,-1,-1,70,-1,-1,1
1009,おおむぎ　大麦めん　ゆで,220,-1,-1,220,-1,110,-1,-1,-1,-1,-1,220,-1,-1,-1,-1,220,-1,-1,1
1010,おおむぎ　麦こがし,-1,-1,-1,-1,150,75,-1,5,-1,10,50,100,-1,-1,-1,-1,-1,150,-1,1
1167,キヌア　玄穀,-1,-1,-1,-1,160,-1,-1,-1,-1,-1,-1,-1,-1,-1,-1,-1,-1,-1,-1,1
1011,きび　精白粒,-1,-1,-1,-1,-1,-1,-1,-1,-1,-1,-1,-1,-1,-1,-1,-1,-1,-1,-1,1
1012,こむぎ　［玄穀］　国産　普通,-1,-1,-1,-1,-1,-1,-1,-1,-1,-1,-1,-1,-1,-1,-1,-1,-1,-1,-1,1
1013,こむぎ　［玄穀］　輸入　軟質,-1,-1,-1,-1,-1,-1,-1,-1,-1,-1,-1,-1,-1,-1,-1,-1,-1,-1,-1,1
1014,こむぎ　［玄穀］　輸入　硬質,-1,-1,-1,-1,-1,-1,-1,-1,-1,-1,-1,-1,-1,-1,-1,-1,-1,-1,-1,1
1015,こむぎ　［小麦粉］　薄力粉　1等,-1,-1,-1,-1,150,75,2,3,-1,9,-1,200,-1,-1,1,-1,-1,-1,-1,1
1016,こむぎ　［小麦粉］　薄力粉　2等,-1,-1,-1,-1,-1,-1,-1,-1,-1,-1,-1,-1,-1,-1,-1,-1,-1,-1,-1,1
1018,こむぎ　［小麦粉］　中力粉　1等,-1,-1,-1,-1,150,75,-1,3,-1,9,-1,200,-1,-1,-1,-1,-1,-1,-1,1
1019,こむぎ　［小麦粉］　中力粉　2等,-1,-1,-1,-1,150,75,-1,3,-1,9,-1,200,-1,-1,-1,-1,-1,-1,-1,1
1020,こむぎ　［小麦粉］　強力粉　1等,-1,-1,-1,-1,150,75,-1,3,-1,9,-1,200,-1,-1,-1,-1,-1,-1,-1,1
1021,こむぎ　［小麦粉］　強力粉　2等,-1,-1,-1,-1,-1,-1,-1,-1,-1,-1,-1,-1,-1,-1,-1,-1,-1,-1,-1,1
1023,こむぎ　［小麦粉］　強力粉　全粒粉,-1,-1,-1,-1,150,75,-1,3,-1,9,-1,200,-1,-1,-1,-1,-1,-1,-1,1
1146,こむぎ　［小麦粉］　プレミックス粉　お好み焼き用,-1,-1,-1,-1,120,-1,-1,3,-1,9,-1,680,-1,-1,-1,-1,-1,-1,-1,1
1024,こむぎ　［小麦粉］　プレミックス粉　ホットケーキ用,600,-1,-1,-1,150,75,-1,3,-1,9,-1,600,300,-1,-1,-1,-1,-1,-1,1
1147,こむぎ　［小麦粉］　プレミックス粉　から揚げ用,-1,-1,-1,-1,120,75,-1,3,-1,9,-1,200,-1,-1,-1,-1,-1,-1,-1,1
1025,こむぎ　［小麦粉］　プレミックス粉　天ぷら用,-1,20,-1,-1,150,75,-1,3,-1,9,-1,200,-1,-1,-1,-1,-1,-1,-1,1
1171,こむぎ　［小麦粉］　プレミックス粉　天ぷら用　バッター,-1,-1,-1,-1,-1,-1,-1,-1,-1,-1,-1,-1,-1,-1,-1,-1,-1,-1,-1,1
1172,こむぎ　［小麦粉］　プレミックス粉　天ぷら用　バッター　揚げ,-1,-1,-1,-1,120,75,-1,3,-1,9,-1,200,-1,-1,-1,-1,-1,-1,-1,1
1026,こむぎ　［パン類］　角形食パン　食パン,30,70,-1,-1,15,-1,-1,-1,-1,-1,-1,380,-1,-1,-1,-1,-1,-1,-1,1
1174,こむぎ　［パン類］　角形食パン　焼き,70,70,-1,-1,-1,-1,-1,-1,-1,-1,-1,380,-1,-1,-1,-1,-1,-1,-1,1
1175,こむぎ　［パン類］　角形食パン　耳を除いたもの,-1,70,-1,-1,-1,-1,-1,-1,-1,-1,-1,380,-1,-1,-1,-1,-1,-1,-1,1
1176,こむぎ　［パン類］　角形食パン　耳,-1,70,-1,-1,-1,-1,-1,-1,-1,-1,-1,380,-1,-1,-1,-1,-1,-1,-1,1
1206,こむぎ　［パン類］　食パン　リーンタイプ,-1,-1,-1,-1,-1,-1,-1,-1,-1,-1,-1,-1,-1,-1,-1,-1,-1,-1,-1,1
1207,こむぎ　［パン類］　食パン　リッチタイプ,-1,-1,-1,-1,-1,-1,-1,-1,-1,-1,-1,-1,-1,-1,-1,-1,-1,-1,-1,1
1205,こむぎ　［パン類］　山形食パン　食パン,-1,-1,-1,-1,-1,-1,-1,-1,-1,-1,-1,-1,-1,-1,-1,-1,-1,-1,-1,1
1028,こむぎ　［パン類］　コッペパン,-1,-1,-1,-1,-1,-1,-1,-1,-1,-1,-1,-1,-1,-1,-1,-1,-1,-1,-1,1
1213,こむぎ　［パン類］　バンズ,-1,-1,-1,-1,-1,-1,-1,-1,-1,-1,-1,-1,-1,-1,-1,-1,-1,-1,-1,1
1030,こむぎ　［パン類］　乾パン,-1,-1,-1,-1,-1,-1,-1,-1,-1,-1,-1,-1,-1,-1,-1,-1,-1,-1,-1,1
1031,こむぎ　［パン類］　フランスパン,-1,-1,350,350,-1,-1,-1,-1,-1,-1,-1,380,-1,-1,-1,-1,-1,-1,-1,1
1032,こむぎ　［パン類］　ライ麦パン,-1,-1,-1,-1,-1,-1,-1,-1,-1,-1,-1,-1,-1,-1,-1,-1,-1,-1,-1,1
1208,こむぎ　［パン類］　全粒粉パン,-1,-1,-1,-1,-1,-1,-1,-1,-1,-1,-1,-1,-1,-1,-1,-1,-1,-1,-1,1
1033,こむぎ　［パン類］　ぶどうパン,-1,-1,-1,-1,-1,-1,-1,-1,-1,-1,-1,-1,-1,-1,-1,-1,-1,-1,-1,1
1034,こむぎ　［パン類］　ロールパン,-1,-1,-1,30,-1,15,-1,-1,-1,-1,-1,230,-1,-1,-1,-1,-1,-1,-1,1
1209,こむぎ　［パン類］　クロワッサン　レギュラータイプ,-1,-1,-1,-1,-1,-1,-1,-1,-1,-1,-1,-1,-1,-1,-1,-1,-1,-1,-1,1
1035,こむぎ　［パン類］　クロワッサン　リッチタイプ,-1,-1,-1,-1,-1,-1,-1,-1,-1,-1,-1,-1,-1,-1,-1,-1,-1,-1,-1,1
1210,こむぎ　［パン類］　くるみパン,-1,80,-1,-1,-1,-1,-1,-1,-1,-1,-1,-1,-1,-1,-1,-1,-1,-1,-1,1
1036,こむぎ　［パン類］　イングリッシュマフィン,-1,-1,-1,60,-1,-1,-1,-1,-1,-1,-1,-1,-1,-1,-1,-1,-1,-1,-1,1
1037,こむぎ　［パン類］　ナン,-1,28.8,-1,-1,-1,-1,-1,-1,-1,-1,-1,-1,-1,-1,-1,-1,-1,-1,-1,1
1148,こむぎ　［パン類］　ベーグル,-1,-1,-1,90,-1,-1,-1,-1,-1,-1,-1,-1,-1,-1,-1,-1,-1,-1,-1,1
1038,こむぎ　［うどん・そうめん類］　うどん　生,-1,-1,-1,150,-1,-1,30,-1,-1,-1,-1,200,-1,-1,-1,-1,100,-1,-1,1
1039,こむぎ　［うどん・そうめん類］　うどん　ゆで,220,-1,-1,220,-1,110,-1,-1,-1,-1,-1,220,-1,-1,-1,-1,220,-1,-1,1
1186,こむぎ　［うどん・そうめん類］　うどん　半生うどん,-1,-1,-1,-1,-1,-1,-1,-1,-1,-1,-1,-1,-1,-1,-1,-1,-1,-1,-1,1
1041,こむぎ　［うどん・そうめん類］　干しうどん　乾,70,-1,-1,70,-1,35,-1,-1,-1,-1,-1,70,-1,-1,-1,-1,70,-1,-1,1
1042,こむぎ　［うどん・そうめん類］　干しうどん　ゆで,220,-1,-1,220,-1,110,-1,-1,-1,-1,-1,220,-1,-1,-1,-1,220,-1,-1,1
1043,こむぎ　［うどん・そうめん類］　そうめん・ひやむぎ　乾,70,-1,-1,70,-1,35,-1,-1,-1,-1,-1,70,-1,-1,-1,-1,70,-1,-1,1
1044,こむぎ　［うどん・そうめん類］　そうめん・ひやむぎ　ゆで,220,-1,-1,220,-1,110,-1,-1,-1,-1,-1,220,-1,-1,-1,-1,220,-1,-1,1
1045,こむぎ　［うどん・そうめん類］　手延そうめん・手延ひやむぎ　乾,70,-1,-1,70,-1,35,-1,-1,-1,-1,-1,70,-1,-1,-1,-1,70,-1,-1,1
1046,こむぎ　［うどん・そうめん類］　手延そうめん・手延ひやむぎ　ゆで,220,-1,-1,220,-1,110,-1,-1,-1,-1,-1,220,-1,-1,-1,-1,220,-1,-1,1
1047,こむぎ　［中華めん類］　中華めん　生,-1,-1,-1,140,-1,70,-1,-1,-1,-1,-1,140,-1,-1,-1,-1,-1,-1,-1,1
1048,こむぎ　［中華めん類］　中華めん　ゆで,220,-1,-1,220,-1,110,-1,-1,-1,-1,-1,220,-1,-1,-1,-1,220,-1,-1,1
1187,こむぎ　［中華めん類］　半生中華めん　,-1,-1,-1,100,-1,50,-1,-1,-1,-1,-1,100,-1,-1,-1,-1,-1,-1,-1,1
1049,こむぎ　［中華めん類］　蒸し中華めん　蒸し中華めん,-1,-1,-1,130,-1,-1,-1,-1,-1,-1,-1,150,-1,-1,-1,-1,-1,-1,-1,1
1188,こむぎ　［中華めん類］　蒸し中華めん  ソテー,-1,-1,-1,220,-1,110,-1,-1,-1,-1,-1,220,-1,-1,-1,-1,-1,-1,-1,1
1050,こむぎ　［中華めん類］　干し中華めん　乾,70,-1,-1,70,-1,35,-1,-1,-1,-1,-1,70,-1,-1,-1,-1,70,-1,-1,1
1051,こむぎ　［中華めん類］　干し中華めん　ゆで,220,-1,-1,220,-1,110,-1,-1,-1,-1,-1,220,-1,-1,-1,-1,220,-1,-1,1
1052,こむぎ　［中華めん類］　沖縄そば　生,-1,-1,-1,140,-1,70,-1,-1,-1,-1,-1,140,-1,-1,-1,-1,-1,-1,-1,1
1053,こむぎ　［中華めん類］　沖縄そば　ゆで,220,-1,-1,220,-1,110,-1,-1,-1,-1,-1,220,-1,-1,-1,-1,220,-1,-1,1
1054,こむぎ　［中華めん類］　干し沖縄そば　乾,70,-1,-1,70,-1,35,-1,-1,-1,-1,-1,70,-1,-1,-1,-1,70,-1,-1,1
1055,こむぎ　［中華めん類］　干し沖縄そば　ゆで,220,-1,-1,220,-1,110,-1,-1,-1,-1,-1,220,-1,-1,-1,-1,220,-1,-1,1
1056,こむぎ　［即席めん類］　即席中華めん　油揚げ味付け,-1,-1,-1,-1,-1,-1,-1,-1,-1,-1,-1,100,-1,-1,-1,-1,-1,-1,-1,1
1057,こむぎ　［即席めん類］　即席中華めん　油揚げ　乾　（添付調味料等を含むもの）,70,-1,-1,70,-1,35,-1,-1,-1,-1,-1,70,-1,-1,-1,-1,70,-1,-1,1
1198,こむぎ　［即席めん類］　即席中華めん　油揚げ　調理後全体　（添付調味料等を含むもの）,-1,-1,-1,-1,-1,-1,-1,-1,-1,-1,-1,-1,-1,-1,-1,-1,-1,-1,-1,1
1189,こむぎ　［即席めん類］　即席中華めん　油揚げ　ゆで　（添付調味料等を含まないもの）,220,-1,-1,220,-1,110,-1,-1,-1,-1,-1,220,-1,-1,-1,-1,220,-1,-1,1
1144,こむぎ　［即席めん類］　即席中華めん　油揚げ　乾　（添付調味料等を含まないもの）,70,-1,-1,70,-1,35,-1,-1,-1,-1,-1,70,-1,-1,-1,-1,70,-1,-1,1
1058,こむぎ　［即席めん類］　即席中華めん　非油揚げ　乾　（添付調味料等を含むもの）,70,-1,-1,70,-1,35,-1,-1,-1,-1,-1,70,-1,-1,-1,-1,70,-1,-1,1
1199,こむぎ　［即席めん類］　即席中華めん　非油揚げ　調理後全体　（添付調味料等を含むもの）,-1,-1,-1,-1,-1,-1,-1,-1,-1,-1,-1,-1,-1,-1,-1,-1,-1,-1,-1,1
1190,こむぎ　［即席めん類］　即席中華めん　非油揚げ　ゆで　（添付調味料等を含まないもの）,220,-1,-1,220,-1,110,-1,-1,-1,-1,-1,220,-1,-1,-1,-1,220,-1,-1,1
1145,こむぎ　［即席めん類］　即席中華めん　非油揚げ　乾　（添付調味料等を含まないもの）,70,-1,-1,70,-1,35,-1,-1,-1,-1,-1,70,-1,-1,-1,-1,70,-1,-1,1
1193,こむぎ　［即席めん類］　中華スタイル即席カップめん　油揚げ　塩味　乾　（添付調味料等を含むもの）,70,-1,-1,70,-1,35,-1,-1,-1,-1,-1,70,-1,-1,-1,-1,70,-1,-1,1
1201,こむぎ　［即席めん類］　中華スタイル即席カップめん　油揚げ　塩味　調理後全体　（添付調味料等を含むもの）,-1,-1,-1,-1,-1,-1,-1,-1,-1,-1,-1,-1,-1,-1,-1,-1,-1,-1,-1,1
1194,こむぎ　［即席めん類］　中華スタイル即席カップめん　油揚げ　塩味　調理後のめん　（スープを残したもの）,-1,-1,-1,-1,-1,-1,-1,-1,-1,-1,-1,-1,-1,-1,-1,-1,-1,-1,-1,1
1191,こむぎ　［即席めん類］　中華スタイル即席カップめん　油揚げ　しょうゆ味　乾　（添付調味料等を含むもの）,70,-1,-1,70,-1,35,-1,-1,-1,-1,-1,70,-1,-1,-1,-1,70,-1,-1,1
1200,こむぎ　［即席めん類］　中華スタイル即席カップめん　油揚げ　しょうゆ味　調理後全体　（添付調味料等を含むもの）,-1,-1,-1,-1,-1,-1,-1,-1,-1,-1,-1,-1,-1,-1,-1,-1,-1,-1,-1,1
1192,こむぎ　［即席めん類］　中華スタイル即席カップめん　油揚げ　しょうゆ味　調理後のめん　（スープを残したもの）,-1,-1,-1,-1,-1,-1,-1,-1,-1,-1,-1,-1,-1,-1,-1,-1,-1,-1,-1,1
1060,こむぎ　［即席めん類］　中華スタイル即席カップめん　油揚げ　焼きそば　乾　（添付調味料等を含むもの）,70,-1,-1,70,-1,35,-1,-1,-1,-1,-1,70,-1,-1,-1,-1,70,-1,-1,1
1202,こむぎ　［即席めん類］　中華スタイル即席カップめん　油揚げ　焼きそば　調理後全体　（添付調味料等を含むもの）,-1,-1,-1,-1,-1,-1,-1,-1,-1,-1,-1,-1,-1,-1,-1,-1,-1,-1,-1,1
1061,こむぎ　［即席めん類］　中華スタイル即席カップめん　非油揚げ　乾　（添付調味料等を含むもの）,70,-1,-1,70,-1,35,-1,-1,-1,-1,-1,70,-1,-1,-1,-1,70,-1,-1,1
1203,こむぎ　［即席めん類］　中華スタイル即席カップめん　非油揚げ　調理後全体　（添付調味料等を含むもの）,-1,-1,-1,-1,-1,-1,-1,-1,-1,-1,-1,-1,-1,-1,-1,-1,-1,-1,-1,1
1195,こむぎ　［即席めん類］　中華スタイル即席カップめん　非油揚げ　調理後のめん　（スープを残したもの）,-1,-1,-1,-1,-1,-1,-1,-1,-1,-1,-1,-1,-1,-1,-1,-1,-1,-1,-1,1
1062,こむぎ　［即席めん類］　和風スタイル即席カップめん　油揚げ　乾　（添付調味料等を含むもの）,70,-1,-1,70,-1,35,-1,-1,-1,-1,-1,70,-1,-1,-1,-1,70,-1,-1,1
1204,こむぎ　［即席めん類］　和風スタイル即席カップめん　油揚げ　調理後全体　（添付調味料等を含むもの）,-1,-1,-1,-1,-1,-1,-1,-1,-1,-1,-1,-1,-1,-1,-1,-1,-1,-1,-1,1
1196,こむぎ　［即席めん類］　和風スタイル即席カップめん　油揚げ　調理後のめん　（スープを残したもの）,-1,-1,-1,-1,-1,-1,-1,-1,-1,-1,-1,-1,-1,-1,-1,-1,-1,-1,-1,1
1063,こむぎ　［マカロニ・スパゲッティ類］　マカロニ・スパゲッティ　乾,70,12,0.54,70,110,35,-1,-1,-1,-1,-1,70,-1,-1,-1,-1,70,-1,-1,1
1064,こむぎ　［マカロニ・スパゲッティ類］　マカロニ・スパゲッティ　ゆで,220,-1,-1,220,-1,110,-1,-1,-1,-1,-1,220,-1,-1,-1,-1,220,-1,-1,1
1173,こむぎ　［マカロニ・スパゲッティ類］　マカロニ・スパゲッティ　ソテー,220,20,-1,220,-1,110,-1,-1,-1,-1,-1,220,-1,-1,-1,-1,220,-1,-1,1
1149,こむぎ　［マカロニ・スパゲッティ類］　生パスタ　生,-1,-1,-1,-1,-1,-1,-1,-1,-1,-1,-1,-1,-1,-1,-1,-1,-1,-1,-1,1
1065,こむぎ　［ふ類］　生ふ,-1,-1,-1,-1,-1,-1,-1,-1,-1,-1,-1,-1,-1,-1,-1,-1,-1,-1,-1,1
1066,こむぎ　［ふ類］　焼きふ　釜焼きふ,-1,-1,-1,-1,-1,-1,-1,-1,-1,-1,-1,70,-1,-1,-1,-1,-1,-1,-1,1
1067,こむぎ　［ふ類］　焼きふ　板ふ,-1,-1,-1,-1,-1,-1,-1,-1,-1,-1,-1,-1,-1,-1,-1,-1,-1,-1,-1,1
1068,こむぎ　［ふ類］　焼きふ　車ふ,-1,-1,-1,-1,-1,-1,-1,-1,-1,-1,-1,70,-1,-1,-1,-1,-1,-1,-1,1
1177,こむぎ　［ふ類］　油ふ,-1,-1,-1,-1,-1,-1,-1,-1,-1,-1,-1,-1,-1,-1,-1,-1,-1,-1,-1,1
1070,こむぎ　［その他］　小麦はいが,-1,-1,-1,-1,-1,-1,-1,-1,-1,-1,-1,-1,-1,-1,-1,-1,-1,-1,-1,1
1071,こむぎ　［その他］　小麦たんぱく　粉末状,-1,-1,-1,-1,-1,-1,-1,-1,-1,-1,-1,-1,-1,-1,-1,-1,-1,-1,-1,1
1072,こむぎ　［その他］　小麦たんぱく　粒状,-1,-1,-1,-1,-1,-1,-1,-1,-1,-1,-1,-1,-1,-1,-1,-1,-1,-1,-1,1
1073,こむぎ　［その他］　小麦たんぱく　ペースト状,-1,-1,-1,-1,-1,-1,-1,-1,-1,-1,-1,-1,-1,-1,-1,-1,-1,-1,-1,1
1178,こむぎ　［その他］　かやきせんべい,-1,-1,-1,-1,-1,-1,-1,-1,-1,-1,-1,-1,-1,-1,-1,-1,-1,-1,-1,1
1074,こむぎ　［その他］　ぎょうざの皮　生,-1,6,-1,-1,-1,-1,-1,-1,-1,-1,-1,150,-1,-1,-1,-1,-1,-1,-1,1
1075,こむぎ　［その他］　しゅうまいの皮　生,-1,6,-1,-1,-1,-1,-1,-1,-1,-1,-1,150,-1,-1,-1,-1,-1,-1,-1,1
1179,こむぎ　［その他］　春巻きの皮　生,-1,6,-1,-1,-1,-1,-1,-1,-1,-1,-1,150,-1,-1,-1,-1,-1,-1,-1,1
1180,こむぎ　［その他］　春巻きの皮　揚げ,-1,6,-1,-1,-1,-1,-1,-1,-1,-1,-1,-1,-1,-1,-1,-1,-1,-1,-1,1
1076,こむぎ　［その他］　ピザ生地,-1,180,-1,-1,-1,-1,-1,-1,-1,-1,-1,-1,-1,-1,-1,-1,-1,-1,-1,1
1069,こむぎ　［その他］　ちくわぶ,-1,-1,-1,-1,-1,-1,-1,-1,-1,-1,-1,-1,-1,-1,-1,-1,-1,-1,-1,1
1077,こむぎ　［その他］　パン粉　生,-1,-1,-1,-1,40,-1,15,1,2,3,40,200,-1,-1,1,-1,-1,-1,-1,1
1078,こむぎ　［その他］　パン粉　半生,-1,-1,-1,-1,40,-1,-1,1,2,3,-1,200,-1,-1,-1,-1,-1,-1,-1,1
1079,こむぎ　［その他］　パン粉　乾燥,-1,-1,-1,-1,40,-1,-1,1,2,3,-1,200,-1,-1,-1,-1,-1,-1,-1,1
1150,こむぎ　［その他］　冷めん　生,-1,-1,-1,-1,-1,-1,-1,-1,-1,-1,-1,-1,-1,-1,-1,-1,-1,-1,-1,1
1080,こめ　［水稲穀粒］　玄米,-1,-1,-1,-1,-1,-1,-1,-1,-1,-1,-1,-1,-1,-1,-1,-1,-1,-1,-1,1
1081,こめ　［水稲穀粒］　半つき米,-1,-1,-1,-1,-1,-1,-1,-1,-1,-1,-1,-1,-1,-1,-1,-1,-1,-1,-1,1
1082,こめ　［水稲穀粒］　七分つき米,-1,-1,-1,-1,-1,-1,-1,-1,-1,-1,-1,-1,-1,-1,-1,-1,-1,-1,-1,1
1083,こめ　［水稲穀粒］　精白米　うるち米,-1,-1,-1,-1,160,-1,-1,-1,-1,15,-1,-1,-1,-1,-1,-1,-1,150,-1,1
1151,こめ　［水稲穀粒］　精白米　もち米,-1,-1,-1,-1,160,-1,-1,-1,-1,-1,-1,-1,-1,-1,-1,-1,-1,150,-1,1
1152,こめ　［水稲穀粒］　精白米　インディカ米,-1,-1,-1,-1,-1,-1,-1,-1,-1,-1,-1,-1,-1,-1,-1,-1,-1,-1,-1,1
1084,こめ　［水稲穀粒］　はいが精米,-1,-1,-1,-1,-1,-1,-1,-1,-1,-1,-1,-1,-1,-1,-1,-1,-1,-1,-1,1
1153,こめ　［水稲穀粒］　発芽玄米,-1,-1,-1,-1,-1,-1,-1,-1,-1,-1,-1,-1,-1,-1,-1,-1,-1,-1,-1,1
1181,こめ　［水稲穀粒］　赤米,-1,-1,-1,-1,-1,-1,-1,-1,-1,-1,-1,-1,-1,-1,-1,-1,-1,-1,-1,1
1182,こめ　［水稲穀粒］　黒米,-1,-1,-1,-1,150,-1,-1,-1,-1,-1,-1,-1,-1,-1,-1,-1,-1,-1,-1,1
1085,こめ　［水稲めし］　玄米,-1,-1,-1,-1,160,-1,-1,-1,-1,-1,-1,-1,-1,-1,-1,-1,-1,150,-1,1
1086,こめ　［水稲めし］　半つき米,-1,-1,-1,-1,-1,-1,-1,-1,-1,-1,-1,-1,-1,-1,-1,-1,-1,-1,-1,1
1087,こめ　［水稲めし］　七分つき米,-1,-1,-1,-1,-1,-1,-1,-1,-1,-1,-1,-1,-1,-1,-1,-1,-1,-1,-1,1
1168,こめ　［水稲めし］　精白米　インディカ米,-1,-1,-1,-1,-1,-1,-1,-1,-1,-1,-1,-1,-1,-1,-1,-1,-1,-1,-1,1
1088,こめ　［水稲めし］　精白米　うるち米,-1,-1,-1,-1,160,-1,-1,-1,-1,-1,-1,-1,-1,-1,-1,-1,-1,150,-1,1
1154,こめ　［水稲めし］　精白米　もち米,-1,-1,-1,-1,-1,-1,-1,-1,-1,-1,-1,-1,-1,-1,-1,-1,-1,-1,-1,1
1089,こめ　［水稲めし］　はいが精米,-1,-1,-1,-1,-1,-1,-1,-1,-1,-1,-1,-1,-1,-1,-1,-1,-1,-1,-1,1
1155,こめ　［水稲めし］　発芽玄米,-1,-1,-1,-1,-1,-1,-1,-1,-1,-1,-1,-1,-1,-1,-1,-1,-1,-1,-1,1
1183,こめ　［水稲めし］　赤米,-1,-1,-1,-1,-1,-1,-1,-1,-1,-1,-1,-1,-1,-1,-1,-1,-1,-1,-1,1
1184,こめ　［水稲めし］　黒米,-1,-1,-1,-1,-1,-1,-1,-1,-1,-1,-1,-1,-1,-1,-1,-1,-1,-1,-1,1
1185,こめ　［水稲軟めし］　精白米,-1,-1,-1,-1,-1,-1,-1,-1,-1,-1,-1,-1,-1,-1,-1,-1,-1,-1,-1,1
1090,こめ　［水稲全かゆ］　玄米,-1,-1,-1,-1,-1,-1,-1,-1,-1,-1,-1,-1,-1,-1,-1,-1,-1,-1,-1,1
1091,こめ　［水稲全かゆ］　半つき米,-1,-1,-1,-1,-1,-1,-1,-1,-1,-1,-1,-1,-1,-1,-1,-1,-1,-1,-1,1
1092,こめ　［水稲全かゆ］　七分つき米,-1,-1,-1,-1,-1,-1,-1,-1,-1,-1,-1,-1,-1,-1,-1,-1,-1,-1,-1,1
1093,こめ　［水稲全かゆ］　精白米,-1,-1,-1,-1,-1,-1,-1,-1,-1,-1,-1,-1,-1,-1,-1,-1,-1,-1,-1,1
1094,こめ　［水稲五分かゆ］　玄米,-1,-1,-1,-1,-1,-1,-1,-1,-1,-1,-1,-1,-1,-1,-1,-1,-1,-1,-1,1
1095,こめ　［水稲五分かゆ］　半つき米,-1,-1,-1,-1,-1,-1,-1,-1,-1,-1,-1,-1,-1,-1,-1,-1,-1,-1,-1,1
1096,こめ　［水稲五分かゆ］　七分つき米,-1,-1,-1,-1,-1,-1,-1,-1,-1,-1,-1,-1,-1,-1,-1,-1,-1,-1,-1,1
1097,こめ　［水稲五分かゆ］　精白米,-1,-1,-1,-1,-1,-1,-1,-1,-1,-1,-1,-1,-1,-1,-1,-1,-1,-1,-1,1
1098,こめ　［水稲おもゆ］　玄米,-1,-1,-1,-1,-1,-1,-1,-1,-1,-1,-1,-1,-1,-1,-1,-1,-1,-1,-1,1
1099,こめ　［水稲おもゆ］　半つき米,-1,-1,-1,-1,-1,-1,-1,-1,-1,-1,-1,-1,-1,-1,-1,-1,-1,-1,-1,1
1100,こめ　［水稲おもゆ］　七分つき米,-1,-1,-1,-1,-1,-1,-1,-1,-1,-1,-1,-1,-1,-1,-1,-1,-1,-1,-1,1
1101,こめ　［水稲おもゆ］　精白米,-1,-1,-1,-1,-1,-1,-1,-1,-1,-1,-1,-1,-1,-1,-1,-1,-1,-1,-1,1
1102,こめ　［陸稲穀粒］　玄米,-1,-1,-1,-1,-1,-1,-1,-1,-1,-1,-1,-1,-1,-1,-1,-1,-1,-1,-1,1
1103,こめ　［陸稲穀粒］　半つき米,-1,-1,-1,-1,-1,-1,-1,-1,-1,-1,-1,-1,-1,-1,-1,-1,-1,-1,-1,1
1104,こめ　［陸稲穀粒］　七分つき米,-1,-1,-1,-1,-1,-1,-1,-1,-1,-1,-1,-1,-1,-1,-1,-1,-1,-1,-1,1
1105,こめ　［陸稲穀粒］　精白米,-1,-1,-1,-1,-1,-1,-1,-1,-1,-1,-1,-1,-1,-1,-1,-1,-1,-1,-1,1
1106,こめ　［陸稲めし］　玄米,-1,-1,-1,-1,-1,-1,-1,-1,-1,-1,-1,-1,-1,-1,-1,-1,-1,-1,-1,1
1107,こめ　［陸稲めし］　半つき米,-1,-1,-1,-1,-1,-1,-1,-1,-1,-1,-1,-1,-1,-1,-1,-1,-1,-1,-1,1
1108,こめ　［陸稲めし］　七分つき米,-1,-1,-1,-1,-1,-1,-1,-1,-1,-1,-1,-1,-1,-1,-1,-1,-1,-1,-1,1
1109,こめ　［陸稲めし］　精白米,-1,-1,-1,-1,-1,-1,-1,-1,-1,-1,-1,-1,-1,-1,-1,-1,-1,-1,-1,1
1110,こめ　［うるち米製品］　アルファ化米　一般用,-1,-1,-1,-1,-1,-1,-1,-1,-1,-1,-1,-1,-1,-1,-1,-1,-1,-1,-1,1
1156,こめ　［うるち米製品］　アルファ化米　学校給食用強化品,-1,-1,-1,-1,-1,-1,-1,-1,-1,-1,-1,-1,-1,-1,-1,-1,-1,-1,-1,1
1214,こめ　［うるち米製品］　水稲全かゆ　レトルト　玄米,-1,-1,-1,-1,-1,-1,-1,-1,-1,-1,-1,-1,-1,-1,-1,-1,-1,-1,-1,1
1215,こめ　［うるち米製品］　水稲全かゆ　レトルト　精白米,-1,-1,-1,-1,-1,-1,-1,-1,-1,-1,-1,-1,-1,-1,-1,-1,-1,-1,-1,1
1111,こめ　［うるち米製品］　おにぎり,-1,-1,-1,100,-1,-1,-1,-1,-1,-1,-1,-1,-1,-1,-1,-1,-1,0.3,-1,1
1112,こめ　［うるち米製品］　焼きおにぎり,-1,-1,-1,-1,-1,-1,-1,-1,-1,-1,-1,-1,-1,-1,-1,-1,-1,-1,-1,1
1113,こめ　［うるち米製品］　きりたんぽ,-1,-1,-1,-1,-1,-1,-1,-1,-1,-1,-1,-1,-1,-1,-1,-1,-1,-1,-1,1
1114,こめ　［うるち米製品］　上新粉,-1,-1,-1,-1,-1,-1,-1,3,-1,9,-1,250,-1,-1,-1,-1,-1,-1,-1,1
1157,こめ　［うるち米製品］　玄米粉,-1,-1,-1,-1,-1,-1,-1,-1,-1,-1,-1,-1,-1,-1,-1,-1,-1,-1,-1,1
1158,こめ　［うるち米製品］　米粉,-1,-1,-1,-1,100,-1,-1,3,-1,9,-1,500,-1,-1,-1,-1,-1,-1,-1,1
1211,こめ　［うるち米製品］　米粉パン　食パン,-1,-1,-1,-1,-1,-1,-1,-1,-1,-1,-1,-1,-1,-1,-1,-1,-1,-1,-1,1
1212,こめ　［うるち米製品］　米粉パン　ロールパン,-1,-1,-1,-1,-1,-1,-1,-1,-1,-1,-1,-1,-1,-1,-1,-1,-1,-1,-1,1
1159,こめ　［うるち米製品］　米粉パン　小麦グルテン不使用のもの,-1,-1,-1,-1,-1,-1,-1,-1,-1,-1,-1,-1,-1,-1,-1,-1,-1,-1,-1,1
1160,こめ　［うるち米製品］　米粉めん,-1,-1,-1,-1,-1,-1,-1,-1,-1,-1,-1,-1,-1,-1,-1,-1,-1,-1,-1,1
1115,こめ　［うるち米製品］　ビーフン,1,-1,-1,-1,-1,-1,-1,-1,-1,-1,-1,150,-1,-1,-1,-1,-1,-1,-1,1
1169,こめ　［うるち米製品］　ライスペーパー,-1,10,-1,-1,-1,-1,-1,-1,-1,-1,-1,-1,-1,-1,-1,-1,-1,-1,-1,1
1116,こめ　［うるち米製品］　米こうじ,-1,-1,-1,-1,-1,-1,3,7,14,20,-1,-1,-1,-1,-1,-1,-1,110,-1,1
1117,こめ　［もち米製品］　もち,-1,30,-1,30,-1,-1,-1,-1,-1,17,-1,-1,-1,-1,-1,-1,-1,-1,-1,1
1118,こめ　［もち米製品］　赤飯,-1,-1,-1,-1,-1,-1,-1,-1,-1,-1,-1,-1,-1,-1,-1,-1,-1,-1,-1,1
1119,こめ　［もち米製品］　あくまき,-1,-1,-1,-1,-1,-1,-1,-1,-1,-1,-1,-1,-1,-1,-1,-1,-1,-1,-1,1
1120,こめ　［もち米製品］　白玉粉,-1,-1,-1,3,110,-1,-1,3,-1,9,-1,200,-1,-1,-1,-1,-1,-1,-1,1
1121,こめ　［もち米製品］　道明寺粉,-1,-1,-1,-1,110,-1,-1,3,-1,9,-1,200,-1,-1,-1,-1,-1,-1,-1,1
1161,こめ　［その他］　米ぬか,-1,-1,-1,-1,110,-1,-1,3,-1,9,-1,200,-1,-1,-1,-1,-1,-1,-1,1
1122,そば　そば粉　全層粉,-1,-1,-1,-1,110,-1,-1,3,-1,9,-1,200,-1,-1,-1,-1,-1,-1,-1,1
1123,そば　そば粉　内層粉,-1,-1,-1,-1,110,-1,-1,3,-1,9,-1,200,-1,-1,-1,-1,-1,-1,-1,1
1124,そば　そば粉　中層粉,-1,-1,-1,-1,110,-1,-1,3,-1,9,-1,200,-1,-1,-1,-1,-1,-1,-1,1
1125,そば　そば粉　表層粉,-1,-1,-1,-1,110,-1,-1,3,-1,9,-1,200,-1,-1,-1,-1,-1,-1,-1,1
1126,そば　そば米,-1,-1,-1,-1,160,-1,-1,-1,-1,-1,-1,-1,-1,-1,-1,-1,-1,-1,-1,1
1127,そば　そば　生,-1,-1,-1,180,-1,-1,-1,-1,-1,-1,-1,180,-1,-1,-1,-1,-1,-1,-1,1
1128,そば　そば　ゆで,-1,-1,-1,230,-1,-1,-1,-1,-1,-1,-1,230,-1,-1,-1,-1,-1,-1,-1,1
1197,そば　そば　半生そば,-1,-1,-1,180,-1,-1,-1,-1,-1,-1,-1,180,-1,-1,-1,-1,-1,-1,-1,1
1129,そば　干しそば　乾,-1,-1,-1,70,-1,-1,-1,-1,-1,-1,-1,200,-1,-1,-1,-1,50,-1,-1,1
1130,そば　干しそば　ゆで,-1,-1,-1,230,-1,-1,-1,-1,-1,-1,-1,230,-1,-1,-1,-1,-1,-1,-1,1
1131,とうもろこし　玄穀　黄色種,-1,-1,-1,-1,-1,-1,-1,-1,-1,-1,-1,-1,-1,-1,-1,-1,-1,-1,-1,1
1162,とうもろこし　玄穀　白色種,-1,-1,-1,-1,-1,-1,-1,-1,-1,-1,-1,-1,-1,-1,-1,-1,-1,-1,-1,1
1132,とうもろこし　コーンミール　黄色種,-1,-1,-1,-1,-1,-1,-1,-1,-1,-1,-1,680,-1,-1,-1,-1,-1,-1,-1,1
1163,とうもろこし　コーンミール　白色種,-1,-1,-1,-1,-1,-1,-1,-1,-1,-1,-1,-1,-1,-1,-1,-1,-1,-1,-1,1
1133,とうもろこし　コーングリッツ　黄色種,-1,-1,-1,-1,-1,-1,-1,-1,-1,-1,-1,-1,-1,-1,-1,-1,-1,-1,-1,1
1164,とうもろこし　コーングリッツ　白色種,-1,-1,-1,-1,-1,-1,-1,-1,-1,-1,-1,-1,-1,-1,-1,-1,-1,-1,-1,1
1134,とうもろこし　コーンフラワー　黄色種,-1,-1,-1,-1,-1,-1,-1,-1,-1,-1,-1,-1,-1,-1,-1,-1,-1,-1,-1,1
1165,とうもろこし　コーンフラワー　白色種,-1,-1,-1,-1,-1,-1,-1,-1,-1,-1,-1,-1,-1,-1,-1,-1,-1,-1,-1,1
1135,とうもろこし　ジャイアントコーン　フライ　味付け,-1,-1,-1,-1,-1,-1,-1,-1,-1,-1,-1,-1,-1,-1,-1,-1,-1,-1,-1,1
1136,とうもろこし　ポップコーン,-1,-1,-1,-1,-1,-1,-1,-1,-1,-1,-1,-1,-1,-1,-1,-1,-1,-1,-1,1
1137,とうもろこし　コーンフレーク,-1,-1,-1,-1,40,-1,-1,1,-1,3,-1,-1,-1,-1,-1,-1,-1,-1,-1,1
1138,はとむぎ　精白粒,-1,-1,-1,-1,-1,-1,-1,-1,-1,-1,-1,-1,-1,-1,-1,-1,-1,-1,-1,1
1139,ひえ　精白粒,-1,-1,-1,-1,-1,-1,-1,-1,-1,-1,-1,-1,-1,-1,-1,-1,-1,-1,-1,1
1140,もろこし　玄穀,-1,-1,-1,-1,-1,-1,-1,-1,-1,-1,-1,-1,-1,-1,-1,-1,-1,-1,-1,1
1141,もろこし　精白粒,-1,-1,-1,-1,-1,-1,-1,-1,-1,-1,-1,-1,-1,-1,-1,-1,-1,-1,-1,1
1142,ライむぎ　全粒粉,-1,-1,-1,-1,120,-1,-1,3,-1,9,-1,500,-1,-1,-1,-1,-1,-1,-1,1
1143,ライむぎ　ライ麦粉,-1,-1,-1,-1,-1,-1,-1,-1,-1,-1,-1,-1,-1,-1,-1,-1,-1,-1,-1,1
2068,＜いも類＞　アメリカほどいも　塊根　生,-1,-1,-1,-1,-1,-1,-1,-1,-1,-1,-1,-1,-1,-1,-1,-1,-1,-1,-1,1
2069,＜いも類＞　アメリカほどいも　塊根　ゆで,-1,-1,-1,-1,-1,-1,-1,-1,-1,-1,-1,-1,-1,-1,-1,-1,-1,-1,-1,1
2001,＜いも類＞　きくいも　塊茎　生,-1,-1,-1,-1,-1,-1,-1,-1,-1,-1,-1,-1,-1,-1,-1,-1,-1,-1,-1,1
2041,＜いも類＞　きくいも　塊茎　水煮,-1,-1,-1,-1,-1,-1,-1,-1,-1,-1,-1,-1,-1,-1,-1,-1,-1,-1,-1,1
2002,＜いも類＞　こんにゃく　精粉,-1,-1,-1,-1,-1,-1,-1,-1,-1,-1,-1,-1,-1,-1,-1,-1,-1,-1,-1,1
2003,＜いも類＞　こんにゃく　板こんにゃく　精粉こんにゃく,-1,300,-1,300,-1,150,-1,-1,-1,15,-1,300,-1,-1,-1,-1,-1,-1,-1,1
2004,＜いも類＞　こんにゃく　板こんにゃく　生いもこんにゃく,-1,-1,-1,-1,-1,-1,-1,-1,-1,-1,-1,150,-1,-1,-1,-1,-1,-1,-1,1
2042,＜いも類＞　こんにゃく　赤こんにゃく,-1,-1,-1,-1,-1,-1,-1,-1,-1,-1,-1,-1,-1,-1,-1,-1,-1,-1,-1,1
2043,＜いも類＞　こんにゃく　凍みこんにゃく　乾,-1,-1,-1,-1,-1,-1,-1,-1,-1,-1,-1,-1,-1,-1,-1,-1,-1,-1,-1,1
2044,＜いも類＞　こんにゃく　凍みこんにゃく　ゆで,-1,-1,-1,-1,-1,-1,-1,-1,-1,-1,-1,-1,-1,-1,-1,-1,-1,-1,-1,1
2005,＜いも類＞　こんにゃく　しらたき,-1,-1,-1,300,-1,150,-1,-1,-1,-1,-1,300,-1,-1,-1,-1,-1,-1,-1,1
2045,＜いも類＞　（さつまいも類）　さつまいも　塊根　皮つき　生,-1,-1,200,200,-1,100,-1,-1,-1,-1,-1,-1,-1,-1,-1,-1,-1,-1,-1,1
2046,＜いも類＞　（さつまいも類）　さつまいも　塊根　皮つき　蒸し,-1,-1,200,200,-1,100,-1,-1,-1,-1,-1,-1,-1,-1,-1,-1,-1,-1,-1,1
2047,＜いも類＞　（さつまいも類）　さつまいも　塊根　皮つき　天ぷら,-1,-1,200,200,-1,100,-1,-1,-1,-1,-1,-1,-1,-1,-1,-1,-1,-1,-1,1
2006,＜いも類＞　（さつまいも類）　さつまいも　塊根　皮なし　生,-1,-1,200,200,-1,100,-1,-1,-1,-1,-1,-1,-1,-1,-1,60,-1,-1,-1,1
2007,＜いも類＞　（さつまいも類）　さつまいも　塊根　皮なし　蒸し,-1,-1,200,200,-1,100,-1,-1,-1,-1,-1,-1,-1,-1,-1,-1,-1,-1,-1,1
2008,＜いも類＞　（さつまいも類）　さつまいも　塊根　皮なし　焼き,-1,-1,200,200,-1,100,-1,-1,-1,-1,-1,-1,-1,-1,-1,-1,-1,-1,-1,1
2009,＜いも類＞　（さつまいも類）　さつまいも　蒸し切干,-1,-1,200,200,-1,100,-1,-1,-1,-1,-1,-1,-1,-1,-1,-1,-1,-1,-1,1
2048,＜いも類＞　（さつまいも類）　むらさきいも　塊根　皮なし　生,-1,-1,160,160,-1,80,-1,3,-1,-1,-1,-1,-1,-1,-1,-1,-1,-1,-1,1
2049,＜いも類＞　（さつまいも類）　むらさきいも　塊根　皮なし　蒸し,-1,-1,160,160,-1,80,-1,-1,-1,-1,-1,-1,-1,-1,-1,-1,-1,-1,-1,1
2010,＜いも類＞　（さといも類）　さといも　球茎　生,-1,-1,-1,60,-1,30,-1,-1,-1,-1,-1,450,-1,-1,-1,-1,-1,-1,-1,1
2011,＜いも類＞　（さといも類）　さといも　球茎　水煮,-1,-1,-1,60,-1,30,-1,-1,-1,-1,-1,-1,-1,-1,-1,-1,-1,-1,-1,1
2012,＜いも類＞　（さといも類）　さといも　球茎　冷凍,-1,-1,-1,60,-1,30,-1,-1,-1,-1,-1,-1,-1,-1,-1,-1,-1,-1,-1,1
2050,＜いも類＞　（さといも類）　セレベス　球茎　生,-1,-1,-1,-1,-1,-1,-1,-1,-1,-1,-1,-1,-1,-1,-1,-1,-1,-1,-1,1
2051,＜いも類＞　（さといも類）　セレベス　球茎　水煮,-1,-1,-1,-1,-1,-1,-1,-1,-1,-1,-1,-1,-1,-1,-1,-1,-1,-1,-1,1
2052,＜いも類＞　（さといも類）　たけのこいも　球茎　生,-1,-1,-1,-1,-1,-1,-1,-1,-1,-1,-1,-1,-1,-1,-1,-1,-1,-1,-1,1
2053,＜いも類＞　（さといも類）　たけのこいも　球茎　水煮,-1,-1,-1,-1,-1,-1,-1,-1,-1,-1,-1,-1,-1,-1,-1,-1,-1,-1,-1,1
2013,＜いも類＞　（さといも類）　みずいも　球茎　生,-1,-1,-1,-1,-1,-1,-1,-1,-1,-1,-1,-1,-1,-1,-1,-1,-1,-1,-1,1
2014,＜いも類＞　（さといも類）　みずいも　球茎　水煮,-1,-1,-1,-1,-1,-1,-1,-1,-1,-1,-1,-1,-1,-1,-1,-1,-1,-1,-1,1
2015,＜いも類＞　（さといも類）　やつがしら　球茎　生,-1,-1,-1,-1,-1,-1,-1,-1,-1,-1,-1,-1,-1,-1,-1,-1,-1,-1,-1,1
2016,＜いも類＞　（さといも類）　やつがしら　球茎　水煮,-1,-1,-1,-1,-1,-1,-1,-1,-1,-1,-1,-1,-1,-1,-1,-1,-1,-1,-1,1
2063,＜いも類＞　じゃがいも　塊茎　皮つき　生,-1,-1,-1,-1,-1,-1,-1,-1,-1,-1,-1,-1,-1,-1,-1,-1,-1,-1,-1,1
2064,＜いも類＞　じゃがいも　塊茎　皮つき　電子レンジ調理,-1,-1,-1,-1,-1,-1,-1,-1,-1,-1,-1,-1,-1,-1,-1,-1,-1,-1,-1,1
2065,＜いも類＞　じゃがいも　塊茎　皮つき　フライドポテト　（生を揚げたもの）,-1,-1,-1,-1,-1,-1,-1,-1,-1,-1,-1,-1,-1,-1,-1,-1,-1,-1,-1,1
2017,＜いも類＞　じゃがいも　塊茎　皮なし　生,150,-1,-1,120,-1,60,-1,-1,-1,150,-1,500,-1,-1,-1,-1,-1,-1,-1,1
2019,＜いも類＞　じゃがいも　塊茎　皮なし　水煮,-1,-1,-1,-1,-1,-1,-1,-1,-1,-1,-1,-1,-1,-1,-1,-1,-1,-1,-1,1
2018,＜いも類＞　じゃがいも　塊茎　皮なし　蒸し,-1,-1,-1,-1,-1,-1,-1,-1,-1,-1,-1,-1,-1,-1,-1,-1,-1,-1,-1,1
2066,＜いも類＞　じゃがいも　塊茎　皮なし　電子レンジ調理,-1,-1,-1,-1,-1,-1,-1,-1,-1,-1,-1,-1,-1,-1,-1,-1,-1,-1,-1,1
2067,＜いも類＞　じゃがいも　塊茎　皮なし　フライドポテト　（生を揚げたもの）,-1,-1,-1,4,-1,-1,-1,-1,-1,-1,-1,-1,-1,-1,-1,-1,-1,-1,-1,1
2020,＜いも類＞　じゃがいも　塊茎　皮なし　フライドポテト　（市販冷凍食品を揚げたもの）,-1,-1,-1,-1,-1,-1,-1,-1,-1,-1,-1,-1,-1,-1,-1,-1,-1,-1,-1,1
2021,＜いも類＞　じゃがいも　乾燥マッシュポテト,-1,-1,-1,-1,-1,-1,-1,-1,-1,-1,-1,-1,-1,-1,-1,-1,-1,-1,-1,1
2054,＜いも類＞　ヤーコン　塊根　生,-1,-1,-1,150,-1,-1,-1,-1,-1,-1,-1,-1,-1,-1,-1,-1,-1,-1,-1,1
2055,＜いも類＞　ヤーコン　塊根　水煮,-1,-1,-1,-1,-1,-1,-1,-1,-1,-1,-1,-1,-1,-1,-1,-1,-1,-1,-1,1
2022,＜いも類＞　（やまのいも類）　ながいも　いちょういも　塊根　生,-1,-1,-1,-1,-1,-1,-1,-1,-1,-1,-1,-1,-1,-1,-1,-1,-1,-1,-1,1
2023,＜いも類＞　（やまのいも類）　ながいも　ながいも　塊根　生,-1,-1,700,500,-1,350,-1,-1,-1,-1,-1,-1,-1,-1,1,70,-1,-1,-1,1
2024,＜いも類＞　（やまのいも類）　ながいも　ながいも　塊根　水煮,-1,-1,-1,-1,-1,-1,-1,-1,-1,-1,-1,-1,-1,-1,-1,-1,-1,-1,-1,1
2025,＜いも類＞　（やまのいも類）　ながいも　やまといも　塊根　生,-1,-1,700,-1,-1,350,-1,-1,-1,-1,-1,-1,-1,-1,-1,70,-1,-1,-1,1
2026,＜いも類＞　（やまのいも類）　じねんじょ　塊根　生,-1,-1,-1,-1,-1,-1,-1,-1,-1,-1,-1,-1,-1,-1,-1,-1,-1,-1,-1,1
2027,＜いも類＞　（やまのいも類）　だいじょ　塊根　生,-1,-1,-1,-1,-1,-1,-1,-1,-1,-1,-1,-1,-1,-1,-1,-1,-1,-1,-1,1
2070,＜でん粉・でん粉製品＞　（でん粉類）　おおうばゆりでん粉,-1,-1,-1,-1,-1,-1,-1,-1,-1,-1,-1,-1,-1,-1,-1,-1,-1,-1,-1,1
2028,＜でん粉・でん粉製品＞　（でん粉類）　キャッサバでん粉,-1,-1,-1,-1,120,-1,-1,3,-1,9,-1,-1,-1,-1,-1,70,-1,-1,-1,1
2029,＜でん粉・でん粉製品＞　（でん粉類）　くずでん粉,-1,-1,-1,-1,120,-1,-1,3,-1,9,-1,-1,-1,-1,-1,70,-1,-1,-1,1
2030,＜でん粉・でん粉製品＞　（でん粉類）　米でん粉,-1,-1,-1,-1,-1,-1,-1,-1,-1,-1,-1,-1,-1,-1,-1,-1,-1,-1,-1,1
2031,＜でん粉・でん粉製品＞　（でん粉類）　小麦でん粉,-1,-1,-1,-1,-1,-1,-1,-1,-1,-1,-1,-1,-1,-1,-1,-1,-1,-1,-1,1
2032,＜でん粉・でん粉製品＞　（でん粉類）　サゴでん粉,-1,-1,-1,-1,-1,-1,-1,-1,-1,-1,-1,-1,-1,-1,-1,-1,-1,-1,-1,1
2033,＜でん粉・でん粉製品＞　（でん粉類）　さつまいもでん粉,-1,-1,-1,-1,-1,-1,-1,-1,-1,-1,-1,-1,-1,-1,-1,-1,-1,-1,-1,1
2034,＜でん粉・でん粉製品＞　（でん粉類）　じゃがいもでん粉,-1,-1,-1,-1,120,-1,20,3,-1,9,-1,500,-1,-1,1,-1,-1,-1,-1,1
2035,＜でん粉・でん粉製品＞　（でん粉類）　とうもろこしでん粉,-1,-1,-1,-1,120,-1,-1,3,-1,9,-1,500,-1,-1,1,-1,-1,-1,-1,1
2036,＜でん粉・でん粉製品＞　（でん粉製品）　くずきり　乾,-1,-1,-1,-1,-1,-1,-1,-1,-1,-1,-1,-1,-1,-1,-1,-1,-1,-1,-1,1
2037,＜でん粉・でん粉製品＞　（でん粉製品）　くずきり　ゆで,-1,-1,-1,-1,-1,-1,-1,-1,-1,-1,-1,-1,-1,-1,-1,-1,-1,-1,-1,1
2056,＜でん粉・でん粉製品＞　（でん粉製品）　ごま豆腐,-1,-1,-1,-1,-1,-1,-1,-1,-1,-1,-1,-1,-1,-1,-1,-1,-1,-1,-1,1
2038,＜でん粉・でん粉製品＞　（でん粉製品）　タピオカパール　乾,-1,-1,-1,-1,-1,-1,-1,-1,-1,-1,-1,-1,-1,-1,-1,-1,-1,-1,-1,1
2057,＜でん粉・でん粉製品＞　（でん粉製品）　タピオカパール　ゆで,-1,-1,-1,-1,-1,-1,-1,-1,-1,-1,-1,-1,-1,-1,-1,-1,-1,-1,-1,1
2058,＜でん粉・でん粉製品＞　（でん粉製品）　でん粉めん　生,-1,-1,-1,-1,-1,-1,-1,-1,-1,-1,-1,-1,-1,-1,-1,-1,-1,-1,-1,1
2059,＜でん粉・でん粉製品＞　（でん粉製品）　でん粉めん　乾,70,-1,-1,70,-1,35,-1,-1,-1,-1,-1,70,-1,-1,-1,-1,70,-1,-1,1
2060,＜でん粉・でん粉製品＞　（でん粉製品）　でん粉めん　乾　ゆで,-1,-1,-1,-1,-1,-1,-1,-1,-1,-1,-1,-1,-1,-1,-1,-1,-1,-1,-1,1
2039,＜でん粉・でん粉製品＞　（でん粉製品）　はるさめ　緑豆はるさめ　乾,-1,-1,-1,-1,-1,-1,-1,-1,-1,-1,-1,100,-1,-1,-1,-1,-1,-1,-1,1
2061,＜でん粉・でん粉製品＞　（でん粉製品）　はるさめ　緑豆はるさめ　ゆで,-1,-1,-1,-1,-1,-1,-1,-1,-1,-1,-1,-1,-1,-1,-1,-1,-1,-1,-1,1
2040,＜でん粉・でん粉製品＞　（でん粉製品）　はるさめ　普通はるさめ　乾,-1,-1,-1,-1,-1,-1,-1,-1,-1,-1,-1,100,-1,-1,-1,-1,-1,-1,-1,1
2062,＜でん粉・でん粉製品＞　（でん粉製品）　はるさめ　普通はるさめ　ゆで,-1,-1,-1,-1,-1,-1,-1,-1,-1,-1,-1,-1,-1,-1,-1,-1,-1,-1,-1,1
3001,（砂糖類）　黒砂糖,-1,-1,-1,4,120,-1,-1,3,-1,9,-1,300,-1,-1,-1,-1,-1,-1,-1,1
3030,（砂糖類）　てんさい含蜜糖,-1,-1,-1,-1,-1,-1,-1,3,-1,9,-1,500,-1,-1,-1,-1,-1,-1,-1,1
3002,（砂糖類）　和三盆糖,-1,-1,-1,-1,-1,-1,-1,-1,-1,-1,-1,-1,-1,-1,-1,-1,-1,-1,-1,1
3003,（砂糖類）　車糖　上白糖,3,-1,-1,-1,120,-1,1,3,-1,9,25,1000,-1,-1,-1,-1,-1,-1,-1,1
3004,（砂糖類）　車糖　三温糖,-1,-1,-1,-1,120,-1,-1,3,-1,9,-1,1000,-1,-1,-1,-1,-1,-1,-1,1
3005,（砂糖類）　ざらめ糖　グラニュー糖,-1,-1,-1,-1,200,-1,3,5,-1,15,-1,500,-1,-1,170,-1,-1,-1,-1,1
3006,（砂糖類）　ざらめ糖　白ざら糖,-1,-1,-1,-1,-1,-1,-1,-1,-1,-1,-1,-1,-1,-1,-1,-1,-1,-1,-1,1
3007,（砂糖類）　ざらめ糖　中ざら糖,-1,-1,-1,-1,-1,-1,-1,-1,-1,-1,-1,-1,-1,-1,-1,-1,-1,-1,-1,1
3008,（砂糖類）　加工糖　角砂糖,-1,-1,-1,3,-1,-1,-1,-1,-1,-1,-1,-1,-1,-1,-1,-1,-1,-1,-1,1
3009,（砂糖類）　加工糖　氷砂糖,-1,-1,-1,2,180,-1,-1,3,-1,9,-1,500,-1,-1,-1,-1,-1,-1,-1,1
3010,（砂糖類）　加工糖　コーヒーシュガー,-1,-1,-1,3,-1,-1,-1,-1,-1,-1,-1,-1,-1,-1,-1,-1,-1,-1,-1,1
3011,（砂糖類）　加工糖　粉糖,-1,-1,-1,-1,110,-1,-1,3,-1,9,-1,70,-1,-1,-1,-1,-1,-1,-1,1
3012,（砂糖類）　液糖　しょ糖型液糖,-1,-1,-1,-1,280,-1,-1,7,-1,21,-1,1000,-1,-1,1.4,-1,-1,-1,-1,1
3013,（砂糖類）　液糖　転化型液糖,-1,-1,-1,-1,280,-1,-1,7,-1,21,-1,1000,-1,-1,1.4,-1,-1,-1,-1,1
3014,（砂糖類）　氷糖みつ,-1,-1,-1,-1,280,-1,-1,7,-1,21,-1,1000,-1,-1,1.4,-1,-1,-1,-1,1
3031,（でん粉糖類）　還元麦芽糖,-1,-1,-1,-1,280,-1,-1,7,-1,21,-1,1000,-1,-1,1.4,-1,-1,-1,-1,1
3032,（でん粉糖類）　還元水あめ,-1,-1,-1,-1,280,-1,-1,7,-1,21,-1,1000,-1,-1,1.4,-1,-1,-1,-1,1
3015,（でん粉糖類）　粉あめ,-1,-1,-1,-1,280,-1,-1,7,-1,21,-1,1000,-1,-1,1.4,-1,-1,-1,-1,1
3024,（でん粉糖類）　水あめ　酵素糖化,-1,-1,-1,-1,280,-1,-1,7,-1,21,-1,1000,-1,-1,1.4,-1,-1,-1,-1,1
3025,（でん粉糖類）　水あめ　酸糖化,-1,-1,-1,-1,280,-1,-1,7,-1,21,-1,1000,-1,-1,1.4,-1,-1,-1,-1,1
3017,（でん粉糖類）　ぶどう糖　全糖,-1,-1,-1,-1,280,-1,-1,7,-1,21,-1,1000,-1,-1,1.4,-1,-1,-1,-1,1
3018,（でん粉糖類）　ぶどう糖　含水結晶,-1,-1,-1,-1,280,-1,-1,7,-1,21,-1,1000,-1,-1,1.4,-1,-1,-1,-1,1
3019,（でん粉糖類）　ぶどう糖　無水結晶,-1,-1,-1,-1,280,-1,-1,7,-1,21,-1,1000,-1,-1,1.4,-1,-1,-1,-1,1
3020,（でん粉糖類）　果糖,-1,-1,-1,-1,280,-1,-1,7,-1,21,-1,1000,-1,-1,1.4,-1,-1,-1,-1,1
3026,（でん粉糖類）　異性化液糖　ぶどう糖果糖液糖,-1,-1,-1,-1,280,-1,-1,7,-1,21,-1,1000,-1,-1,1.4,-1,-1,-1,-1,1
3027,（でん粉糖類）　異性化液糖　果糖ぶどう糖液糖,-1,-1,-1,-1,280,-1,-1,7,-1,21,-1,1000,-1,-1,1.4,-1,-1,-1,-1,1
3028,（でん粉糖類）　異性化液糖　高果糖液糖,-1,-1,-1,-1,280,-1,-1,7,-1,21,-1,1000,-1,-1,1.4,-1,-1,-1,-1,1
3029,（その他）　黒蜜,-1,-1,-1,-1,280,-1,-1,7,-1,21,-1,1000,-1,-1,1.4,-1,-1,-1,-1,1
3022,（その他）　はちみつ,-1,-1,-1,-1,280,-1,-1,7,-1,21,-1,1000,-1,-1,1.4,-1,-1,-1,-1,1
3033,（その他）　はちみつ　国産品　,-1,-1,-1,-1,280,-1,-1,7,-1,21,-1,1000,-1,-1,1.4,-1,-1,-1,-1,1
3023,（その他）　メープルシロップ,-1,-1,-1,-1,280,-1,3,7,-1,21,-1,1000,-1,-1,1.4,-1,-1,-1,-1,1
4001,あずき　全粒　乾,-1,-1,-1,-1,-1,-1,-1,-1,-1,-1,-1,-1,-1,400,-1,-1,-1,-1,-1,1
4002,あずき　全粒　ゆで,-1,-1,-1,-1,-1,-1,-1,7,-1,20,-1,-1,-1,-1,-1,-1,-1,-1,-1,1
4003,あずき　ゆで小豆缶詰,-1,-1,-1,-1,-1,-1,-1,7,-1,20,-1,-1,-1,165,-1,-1,-1,-1,-1,1
4004,あずき　あん　こし生あん,-1,-1,-1,-1,120,-1,-1,7,-1,20,-1,350,-1,-1,-1,-1,-1,-1,-1,1
4005,あずき　あん　さらしあん　（乾燥あん）,-1,-1,-1,-1,-1,-1,-1,-1,-1,-1,-1,-1,-1,-1,-1,-1,-1,-1,-1,1
4101,あずき　あん　こし練りあん　（並あん）,-1,-1,-1,-1,-1,-1,-1,7,-1,20,-1,350,-1,-1,-1,-1,-1,-1,-1,1
4102,あずき　あん　こし練りあん　（中割りあん）,-1,-1,-1,-1,-1,-1,-1,7,-1,20,-1,350,-1,-1,-1,-1,-1,-1,-1,1
4103,あずき　あん　こし練りあん　（もなかあん）,-1,-1,-1,-1,-1,-1,-1,7,-1,20,-1,350,-1,-1,-1,-1,-1,-1,-1,1
4111,あずき　あん　つぶし生あん,-1,-1,-1,-1,-1,-1,-1,7,-1,20,-1,350,-1,-1,-1,-1,-1,-1,-1,1
4006,あずき　あん　つぶし練りあん,-1,-1,-1,-1,-1,-1,-1,7,-1,20,-1,350,-1,-1,-1,-1,-1,-1,-1,1
4007,いんげんまめ　全粒　乾,-1,-1,3,1,-1,1.5,-1,-1,-1,-1,-1,-1,-1,-1,-1,-1,-1,-1,-1,1
4008,いんげんまめ　全粒　ゆで,-1,-1,-1,-1,-1,-1,-1,-1,-1,-1,-1,-1,-1,-1,-1,-1,-1,-1,-1,1
4009,いんげんまめ　うずら豆,-1,-1,-1,-1,-1,-1,-1,-1,-1,-1,-1,-1,-1,-1,-1,-1,-1,-1,-1,1
4010,いんげんまめ　こし生あん,-1,-1,-1,-1,-1,-1,-1,-1,-1,-1,-1,-1,-1,-1,-1,-1,-1,-1,-1,1
4011,いんげんまめ　豆きんとん,-1,-1,-1,-1,-1,-1,-1,-1,-1,-1,-1,-1,-1,-1,-1,-1,-1,-1,-1,1
4012,えんどう　全粒　青えんどう　乾,-1,-1,-1,-1,-1,-1,-1,-1,-1,-1,-1,-1,-1,-1,-1,-1,-1,-1,-1,1
4013,えんどう　全粒　青えんどう　ゆで,-1,-1,-1,-1,-1,-1,-1,-1,-1,-1,-1,-1,-1,-1,-1,-1,-1,-1,-1,1
4074,えんどう　全粒　赤えんどう　乾,-1,-1,-1,-1,-1,-1,-1,-1,-1,-1,-1,-1,-1,-1,-1,-1,-1,-1,-1,1
4075,えんどう　全粒　赤えんどう　ゆで,-1,-1,-1,-1,-1,-1,-1,-1,-1,-1,-1,-1,-1,-1,-1,-1,-1,-1,-1,1
4014,えんどう　グリンピース（揚げ豆）,-1,-1,-1,-1,-1,-1,-1,-1,-1,-1,-1,-1,-1,-1,-1,-1,-1,-1,-1,1
4015,えんどう　塩豆,-1,-1,-1,-1,-1,-1,-1,-1,-1,-1,-1,-1,-1,-1,-1,-1,-1,-1,-1,1
4016,えんどう　うぐいす豆,-1,-1,-1,-1,-1,-1,-1,-1,-1,-1,-1,-1,-1,-1,-1,-1,-1,-1,-1,1
4112,えんどう　うぐいすあん,-1,-1,-1,-1,-1,-1,-1,-1,-1,-1,-1,-1,-1,-1,-1,-1,-1,-1,-1,1
4017,ささげ　全粒　乾,-1,-1,-1,-1,-1,-1,-1,-1,-1,-1,-1,-1,-1,-1,-1,-1,-1,-1,-1,1
4018,ささげ　全粒　ゆで,-1,-1,-1,-1,-1,-1,-1,-1,-1,-1,-1,-1,-1,-1,-1,-1,-1,-1,-1,1
4019,そらまめ　全粒　乾,-1,-1,45,-1,-1,-1,-1,-1,-1,-1,-1,-1,-1,-1,-1,-1,-1,-1,-1,1
4020,そらまめ　フライビーンズ,-1,-1,-1,-1,-1,-1,-1,-1,-1,-1,-1,-1,-1,-1,-1,-1,-1,-1,-1,1
4021,そらまめ　おたふく豆,-1,-1,-1,-1,-1,-1,-1,-1,-1,-1,-1,-1,-1,-1,-1,-1,-1,-1,-1,1
4022,そらまめ　ふき豆,-1,-1,-1,-1,-1,-1,-1,-1,-1,-1,-1,-1,-1,-1,-1,-1,-1,-1,-1,1
4076,そらまめ　しょうゆ豆,-1,-1,-1,-1,-1,-1,-1,-1,-1,-1,-1,-1,-1,-1,-1,-1,-1,-1,-1,1
4104,だいず　［全粒・全粒製品］　全粒　青大豆　国産　乾,-1,-1,-1,-1,-1,-1,-1,-1,-1,-1,-1,-1,-1,-1,-1,-1,-1,-1,-1,1
4105,だいず　［全粒・全粒製品］　全粒　青大豆　国産　ゆで,-1,-1,-1,-1,-1,-1,-1,-1,-1,-1,-1,-1,-1,-1,-1,-1,-1,-1,-1,1
4023,だいず　［全粒・全粒製品］　全粒　黄大豆　国産　乾,-1,-1,-1,-1,-1,-1,-1,-1,-1,-1,-1,-1,-1,500,-1,-1,-1,-1,-1,1
4024,だいず　［全粒・全粒製品］　全粒　黄大豆　国産　ゆで,-1,-1,-1,-1,-1,-1,-1,-1,-1,-1,-1,-1,-1,-1,-1,-1,-1,-1,-1,1
4025,だいず　［全粒・全粒製品］　全粒　黄大豆　米国産　乾,-1,-1,-1,-1,-1,-1,-1,-1,-1,-1,-1,-1,-1,-1,-1,-1,-1,-1,-1,1
4026,だいず　［全粒・全粒製品］　全粒　黄大豆　中国産　乾,-1,-1,-1,-1,-1,-1,-1,-1,-1,-1,-1,-1,-1,-1,-1,-1,-1,-1,-1,1
4027,だいず　［全粒・全粒製品］　全粒　黄大豆　ブラジル産　乾,-1,-1,-1,-1,-1,-1,-1,-1,-1,-1,-1,-1,-1,-1,-1,-1,-1,-1,-1,1
4077,だいず　［全粒・全粒製品］　全粒　黒大豆　国産　乾,-1,-1,-1,-1,-1,-1,-1,-1,-1,-1,-1,-1,-1,-1,-1,-1,-1,-1,-1,1
4106,だいず　［全粒・全粒製品］　全粒　黒大豆　国産　ゆで,-1,-1,-1,-1,145,-1,1,-1,-1,-1,-1,50,-1,-1,-1,-1,-1,-1,-1,1
4080,だいず　［全粒・全粒製品］　いり大豆　青大豆,-1,-1,-1,-1,-1,-1,-1,-1,-1,-1,-1,-1,-1,-1,-1,-1,-1,-1,-1,1
4078,だいず　［全粒・全粒製品］　いり大豆　黄大豆,-1,-1,-1,-1,-1,-1,-1,-1,-1,-1,-1,-1,-1,-1,-1,-1,-1,-1,-1,1
4079,だいず　［全粒・全粒製品］　いり大豆　黒大豆,-1,-1,-1,-1,-1,-1,-1,-1,-1,-1,-1,-1,-1,-1,-1,-1,-1,-1,-1,1
4028,だいず　［全粒・全粒製品］　水煮缶詰　黄大豆,-1,-1,-1,-1,-1,-1,-1,-1,-1,15,-1,220,-1,190,-1,-1,-1,-1,-1,1
4081,だいず　［全粒・全粒製品］　蒸し大豆　黄大豆,-1,-1,-1,-1,-1,-1,-1,-1,-1,-1,-1,-1,-1,-1,-1,-1,-1,-1,-1,1
4082,だいず　［全粒・全粒製品］　きな粉　青大豆　全粒大豆,-1,-1,-1,-1,-1,-1,-1,-1,-1,-1,-1,-1,-1,-1,-1,-1,-1,-1,-1,1
4096,だいず　［全粒・全粒製品］　きな粉　青大豆　脱皮大豆,-1,-1,-1,-1,-1,-1,-1,-1,-1,-1,-1,-1,-1,-1,-1,-1,-1,-1,-1,1
4029,だいず　［全粒・全粒製品］　きな粉　黄大豆　全粒大豆,-1,-1,-1,-1,93,-1,-1,3,-1,9,-1,100,-1,-1,-1,-1,-1,-1,-1,1
4030,だいず　［全粒・全粒製品］　きな粉　黄大豆　脱皮大豆,-1,-1,-1,-1,-1,-1,-1,-1,-1,-1,-1,-1,-1,-1,-1,-1,-1,-1,-1,1
4109,だいず　［全粒・全粒製品］　きな粉（砂糖入り）　青きな粉,-1,-1,-1,-1,-1,-1,-1,-1,-1,-1,-1,-1,-1,-1,-1,-1,-1,-1,-1,1
4110,だいず　［全粒・全粒製品］　きな粉（砂糖入り）　きな粉,-1,-1,-1,-1,-1,-1,-1,-1,-1,-1,-1,-1,-1,-1,-1,-1,-1,-1,-1,1
4083,だいず　［全粒・全粒製品］　大豆はいが,-1,-1,-1,-1,-1,-1,-1,-1,-1,-1,-1,-1,-1,-1,-1,-1,-1,-1,-1,1
4031,だいず　［全粒・全粒製品］　ぶどう豆,-1,-1,-1,-1,-1,-1,-1,-1,-1,-1,-1,-1,-1,-1,-1,-1,-1,-1,-1,1
4032,だいず　［豆腐・油揚げ類］　木綿豆腐,-1,-1,-1,340,-1,-1,-1,-1,-1,-1,-1,-1,-1,-1,-1,-1,-1,-1,-1,1
4097,だいず　［豆腐・油揚げ類］　木綿豆腐　（凝固剤：塩化マグネシウム）,-1,-1,-1,-1,-1,-1,-1,-1,-1,-1,-1,-1,-1,-1,-1,-1,-1,-1,-1,1
4098,だいず　［豆腐・油揚げ類］　木綿豆腐　（凝固剤：硫酸カルシウム）,-1,-1,-1,-1,-1,-1,-1,-1,-1,-1,-1,-1,-1,-1,-1,-1,-1,-1,-1,1
4033,だいず　［豆腐・油揚げ類］　絹ごし豆腐,300,-1,-1,250,-1,125,-1,-1,-1,-1,-1,150,-1,-1,-1,-1,-1,-1,-1,1
4099,だいず　［豆腐・油揚げ類］　絹ごし豆腐　（凝固剤：塩化マグネシウム）,-1,-1,-1,-1,-1,-1,-1,-1,-1,-1,-1,-1,-1,-1,-1,-1,-1,-1,-1,1
4100,だいず　［豆腐・油揚げ類］　絹ごし豆腐　（凝固剤：硫酸カルシウム）,-1,-1,-1,-1,-1,-1,-1,-1,-1,-1,-1,-1,-1,-1,-1,-1,-1,-1,-1,1
4034,だいず　［豆腐・油揚げ類］　ソフト豆腐,-1,-1,-1,-1,-1,-1,-1,-1,-1,-1,-1,-1,-1,-1,-1,-1,-1,-1,-1,1
4035,だいず　［豆腐・油揚げ類］　充てん豆腐,-1,-1,-1,-1,-1,-1,-1,-1,-1,-1,-1,-1,-1,-1,-1,-1,-1,-1,-1,1
4036,だいず　［豆腐・油揚げ類］　沖縄豆腐,-1,-1,-1,-1,-1,-1,-1,-1,-1,-1,-1,-1,-1,-1,-1,-1,-1,-1,-1,1
4037,だいず　［豆腐・油揚げ類］　ゆし豆腐,-1,-1,-1,-1,-1,-1,-1,-1,-1,-1,-1,-1,-1,-1,-1,-1,-1,-1,-1,1
4038,だいず　［豆腐・油揚げ類］　焼き豆腐,-1,-1,-1,250,-1,-1,-1,-1,-1,-1,-1,-1,-1,-1,-1,-1,-1,-1,-1,1
4039,だいず　［豆腐・油揚げ類］　生揚げ,-1,130,-1,130,-1,65,-1,-1,-1,-1,-1,-1,-1,-1,-1,-1,-1,-1,-1,1
4113,だいず　［豆腐・油揚げ類］　絹生揚げ,-1,-1,-1,-1,-1,-1,-1,-1,-1,-1,-1,-1,-1,-1,-1,-1,-1,-1,-1,1
4040,だいず　［豆腐・油揚げ類］　油揚げ　生,30,27.5,-1,27.5,-1,13.75,-1,-1,-1,-1,-1,27.5,-1,-1,-1,-1,-1,-1,-1,1
4084,だいず　［豆腐・油揚げ類］　油揚げ　油抜き　生,-1,-1,-1,-1,-1,-1,-1,-1,-1,-1,-1,-1,-1,-1,-1,-1,-1,-1,-1,1
4086,だいず　［豆腐・油揚げ類］　油揚げ　油抜き　ゆで,-1,-1,-1,-1,-1,-1,-1,-1,-1,-1,-1,-1,-1,-1,-1,-1,-1,-1,-1,1
4085,だいず　［豆腐・油揚げ類］　油揚げ　油抜き　焼き,-1,-1,-1,-1,-1,-1,-1,-1,-1,-1,-1,-1,-1,-1,-1,-1,-1,-1,-1,1
4095,だいず　［豆腐・油揚げ類］　油揚げ　甘煮,-1,-1,-1,-1,-1,-1,-1,-1,-1,-1,-1,-1,-1,-1,-1,-1,-1,-1,-1,1
4041,だいず　［豆腐・油揚げ類］　がんもどき,-1,38,-1,-1,-1,-1,-1,-1,-1,-1,-1,100,-1,-1,-1,-1,-1,-1,-1,1
4042,だいず　［豆腐・油揚げ類］　凍り豆腐　乾,-1,16,-1,16,-1,-1,-1,-1,-1,-1,-1,165,-1,-1,-1,-1,-1,-1,-1,1
4087,だいず　［豆腐・油揚げ類］　凍り豆腐　水煮,-1,100,-1,100,-1,-1,-1,-1,-1,-1,-1,-1,-1,-1,-1,-1,-1,-1,-1,1
4043,だいず　［豆腐・油揚げ類］　豆腐よう,-1,-1,-1,-1,-1,-1,-1,-1,-1,-1,-1,-1,-1,-1,-1,-1,-1,-1,-1,1
4044,だいず　［豆腐・油揚げ類］　豆腐竹輪　蒸し,-1,-1,-1,-1,-1,-1,-1,-1,-1,-1,-1,-1,-1,-1,-1,-1,-1,-1,-1,1
4045,だいず　［豆腐・油揚げ類］　豆腐竹輪　焼き,-1,-1,-1,-1,-1,-1,-1,-1,-1,-1,-1,-1,-1,-1,-1,-1,-1,-1,-1,1
4088,だいず　［豆腐・油揚げ類］　ろくじょう豆腐,-1,-1,-1,-1,-1,-1,-1,-1,-1,-1,-1,-1,-1,-1,-1,-1,-1,-1,-1,1
4046,だいず　［納豆類］　糸引き納豆,-1,-1,-1,40,-1,-1,-1,-1,-1,-1,-1,40,40,-1,-1,-1,-1,-1,-1,1
4047,だいず　［納豆類］　挽きわり納豆,-1,-1,-1,40,-1,-1,-1,-1,-1,-1,-1,49,40,-1,-1,-1,-1,-1,-1,1
4048,だいず　［納豆類］　五斗納豆,-1,-1,-1,40,-1,-1,-1,-1,-1,-1,-1,-1,40,-1,-1,-1,-1,-1,-1,1
4114,だいず　［納豆類］　塩納豆,-1,-1,-1,40,-1,-1,-1,-1,-1,-1,-1,-1,40,-1,-1,-1,-1,-1,-1,1
4049,だいず　［納豆類］　寺納豆,-1,-1,-1,40,-1,-1,-1,-1,-1,-1,-1,-1,40,-1,-1,-1,-1,-1,-1,1
4115,だいず　［納豆類］　干し納豆,-1,-1,-1,-1,-1,-1,-1,-1,-1,-1,-1,-1,-1,-1,-1,-1,-1,-1,-1,1
4051,だいず　［その他］　おから　生,-1,-1,-1,-1,-1,-1,-1,-1,-1,-1,-1,50,-1,-1,-1,-1,-1,-1,-1,1
4089,だいず　［その他］　おから　乾燥,-1,-1,-1,-1,-1,-1,-1,-1,-1,-1,-1,120,-1,-1,-1,-1,-1,-1,-1,1
4052,だいず　［その他］　豆乳　豆乳,-1,-1,-1,-1,200,-1,-1,5,-1,15,-1,-1,-1,-1,1.05,-1,-1,-1,-1,1
4053,だいず　［その他］　豆乳　調製豆乳,-1,-1,-1,-1,200,-1,-1,5,-1,15,-1,-1,-1,-1,1.05,-1,-1,-1,-1,1
4054,だいず　［その他］　豆乳　豆乳飲料・麦芽コーヒー,-1,-1,-1,-1,-1,-1,-1,-1,-1,-1,-1,-1,-1,-1,-1,-1,-1,-1,-1,1
4055,だいず　［その他］　大豆たんぱく　粒状大豆たんぱく,-1,-1,-1,-1,-1,-1,-1,-1,-1,-1,-1,-1,-1,-1,-1,-1,-1,-1,-1,1
4056,だいず　［その他］　大豆たんぱく　濃縮大豆たんぱく,-1,-1,-1,-1,-1,-1,-1,-1,-1,-1,-1,-1,-1,-1,-1,-1,-1,-1,-1,1
4057,だいず　［その他］　大豆たんぱく　分離大豆たんぱく　塩分無調整タイプ,-1,-1,-1,-1,-1,-1,-1,-1,-1,-1,-1,-1,-1,-1,-1,-1,-1,-1,-1,1
4090,だいず　［その他］　大豆たんぱく　分離大豆たんぱく　塩分調整タイプ,-1,-1,-1,-1,-1,-1,-1,-1,-1,-1,-1,-1,-1,-1,-1,-1,-1,-1,-1,1
4058,だいず　［その他］　大豆たんぱく　繊維状大豆たんぱく,-1,-1,-1,-1,-1,-1,-1,-1,-1,-1,-1,-1,-1,-1,-1,-1,-1,-1,-1,1
4059,だいず　［その他］　湯葉　生,-1,4.5,-1,-1,-1,-1,-1,-1,-1,-1,-1,-1,-1,-1,-1,-1,-1,-1,-1,1
4060,だいず　［その他］　湯葉　干し　乾,-1,-1,-1,-1,-1,-1,-1,-1,-1,-1,-1,-1,-1,-1,-1,-1,-1,-1,-1,1
4091,だいず　［その他］　湯葉　干し　湯戻し,-1,-1,-1,-1,-1,-1,-1,-1,-1,-1,-1,-1,-1,-1,-1,-1,-1,-1,-1,1
4061,だいず　［その他］　金山寺みそ,-1,-1,-1,-1,-1,-1,-1,-1,-1,-1,-1,-1,-1,-1,-1,-1,-1,-1,-1,1
4062,だいず　［その他］　ひしおみそ,-1,-1,-1,-1,-1,-1,-1,-1,-1,-1,-1,-1,-1,-1,-1,-1,-1,-1,-1,1
4063,だいず　［その他］　テンペ,-1,-1,-1,-1,-1,-1,-1,-1,-1,-1,-1,-1,-1,-1,-1,-1,-1,-1,-1,1
4064,つるあずき　全粒　乾,-1,-1,-1,-1,-1,-1,-1,-1,-1,-1,-1,-1,-1,-1,-1,-1,-1,-1,-1,1
4092,つるあずき　全粒　ゆで,-1,-1,-1,-1,-1,-1,-1,-1,-1,-1,-1,-1,-1,-1,-1,-1,-1,-1,-1,1
4065,ひよこまめ　全粒　乾,-1,-1,-1,-1,-1,-1,-1,-1,-1,-1,-1,-1,-1,100,-1,-1,-1,-1,-1,1
4066,ひよこまめ　全粒　ゆで,-1,-1,-1,-1,240,-1,-1,-1,-1,15,-1,57,-1,-1,-1,-1,-1,-1,-1,1
4067,ひよこまめ　全粒　フライ　味付け,-1,-1,-1,-1,-1,-1,-1,-1,-1,-1,-1,-1,-1,-1,-1,-1,-1,-1,-1,1
4068,べにばないんげん　全粒　乾,-1,-1,-1,-1,-1,-1,-1,-1,-1,-1,-1,-1,-1,-1,-1,-1,-1,-1,-1,1
4069,べにばないんげん　全粒　ゆで,-1,-1,-1,-1,-1,-1,-1,-1,-1,-1,-1,-1,-1,-1,-1,-1,-1,-1,-1,1
4108,やぶまめ　乾,-1,-1,-1,-1,-1,-1,-1,-1,-1,-1,-1,-1,-1,-1,-1,-1,-1,-1,-1,1
4070,らいまめ　全粒　乾,-1,-1,-1,-1,-1,-1,-1,-1,-1,-1,-1,-1,-1,-1,-1,-1,-1,-1,-1,1
4093,らいまめ　全粒　ゆで,-1,-1,-1,-1,-1,-1,-1,-1,-1,-1,-1,-1,-1,-1,-1,-1,-1,-1,-1,1
4071,りょくとう　全粒　乾,-1,-1,-1,-1,-1,-1,-1,-1,-1,-1,-1,-1,-1,-1,-1,-1,-1,-1,-1,1
4072,りょくとう　全粒　ゆで,-1,-1,-1,-1,-1,-1,-1,-1,-1,-1,-1,-1,-1,-1,-1,-1,-1,-1,-1,1
4073,レンズまめ　全粒　乾,-1,-1,-1,-1,-1,-1,-1,-1,-1,15,-1,-1,-1,-1,-1,-1,-1,-1,-1,1
4094,レンズまめ　全粒　ゆで,-1,-1,-1,-1,-1,-1,-1,-1,-1,-1,-1,-1,-1,-1,-1,-1,-1,-1,-1,1
5001,アーモンド　乾,-1,-1,-1,1.5,-1,-1,-1,-1,-1,-1,-1,-1,-1,-1,1,-1,-1,-1,-1,1
5002,アーモンド　フライ　味付け,-1,-1,-1,-1,-1,-1,-1,-1,-1,-1,-1,-1,-1,-1,-1,-1,-1,-1,-1,1
5040,アーモンド　いり　無塩,-1,-1,-1,-1,-1,-1,-1,-1,-1,-1,-1,-1,-1,-1,-1,-1,-1,-1,-1,1
5003,あさ　乾,-1,-1,-1,-1,-1,-1,-1,-1,-1,-1,-1,-1,-1,-1,-1,-1,-1,-1,-1,1
5041,あまに　いり,-1,-1,-1,-1,-1,-1,-1,-1,-1,-1,-1,-1,-1,-1,-1,-1,-1,-1,-1,1
5004,えごま　乾,-1,-1,-1,-1,-1,-1,-1,-1,-1,-1,-1,-1,-1,-1,-1,-1,-1,-1,-1,1
5005,カシューナッツ　フライ　味付け,-1,-1,-1,-1,120,-1,-1,-1,-1,-1,-1,-1,-1,-1,-1,-1,-1,-1,-1,1
5006,かぼちゃ　いり　味付け,-1,-1,-1,-1,-1,-1,-1,-1,-1,-1,-1,-1,-1,-1,-1,-1,-1,-1,-1,1
5007,かや　いり,-1,-1,-1,-1,-1,-1,-1,-1,-1,-1,-1,-1,-1,-1,-1,-1,-1,-1,-1,1
5008,ぎんなん　生,-1,-1,-1,3,-1,-1,-1,-1,-1,-1,-1,-1,-1,-1,-1,-1,-1,-1,-1,1
5009,ぎんなん　ゆで,-1,-1,-1,-1,-1,-1,-1,-1,-1,-1,-1,-1,-1,-1,-1,-1,-1,-1,-1,1
5010,（くり類）　日本ぐり　生,-1,-1,-1,30,-1,-1,-1,-1,-1,-1,-1,-1,-1,-1,-1,-1,-1,-1,-1,1
5011,（くり類）　日本ぐり　ゆで,-1,-1,-1,-1,-1,-1,-1,-1,-1,-1,-1,-1,-1,-1,-1,-1,-1,-1,-1,1
5012,（くり類）　日本ぐり　甘露煮,-1,-1,-1,20,-1,-1,-1,-1,-1,-1,-1,-1,-1,-1,-1,-1,-1,-1,-1,1
5013,（くり類）　中国ぐり　甘ぐり,-1,-1,-1,-1,-1,-1,-1,-1,-1,-1,-1,-1,-1,-1,-1,-1,-1,-1,-1,1
5014,くるみ　いり,-1,-1,-1,4,120,-1,-1,-1,-1,10,-1,-1,-1,-1,-1,-1,-1,-1,-1,1
5015,けし　乾,-1,-1,-1,-1,-1,-1,-1,-1,-1,-1,-1,-1,-1,-1,-1,-1,-1,-1,-1,1
5016,ココナッツ　ココナッツパウダー,-1,-1,-1,2000,-1,-1,-1,-1,-1,15,-1,-1,-1,-1,-1,-1,-1,-1,-1,1
5017,ごま　乾,-1,-1,-1,-1,-1,-1,1,3,-1,9,-1,60,-1,-1,-1,-1,-1,-1,-1,1
5018,ごま　いり,10,-1,-1,0.003,-1,-1,2,3,-1,9,-1,60,-1,-1,-1,-1,-1,-1,-1,1
5019,ごま　むき,-1,-1,-1,-1,120,-1,-1,2,-1,7,-1,-1,-1,-1,-1,-1,-1,-1,-1,1
5042,ごま　ねり,-1,-1,160,-1,180,-1,-1,5,-1,15,-1,-1,-1,-1,1.05,-1,-1,-1,-1,1
5020,しい　生,-1,-1,-1,-1,-1,-1,-1,-1,-1,-1,-1,-1,-1,-1,-1,-1,-1,-1,-1,1
5021,すいか　いり　味付け,-1,-1,-1,-1,-1,-1,-1,-1,-1,-1,-1,-1,-1,-1,-1,-1,-1,-1,-1,1
5046,チアシード　乾,-1,-1,-1,-1,-1,-1,-1,-1,-1,-1,-1,-1,-1,-1,-1,-1,-1,-1,-1,1
5022,とち　蒸し,-1,-1,-1,-1,-1,-1,-1,-1,-1,-1,-1,-1,-1,-1,-1,-1,-1,-1,-1,1
5023,はす　未熟　生,-1,-1,-1,-1,-1,-1,-1,-1,-1,-1,-1,-1,-1,-1,-1,-1,-1,-1,-1,1
5024,はす　成熟　乾,-1,-1,-1,-1,-1,-1,-1,-1,-1,-1,-1,-1,-1,-1,-1,-1,-1,-1,-1,1
5043,はす　成熟　ゆで,-1,-1,-1,-1,-1,-1,-1,-1,-1,-1,-1,-1,-1,-1,-1,-1,-1,-1,-1,1
5025,（ひし類）　ひし　生,-1,-1,-1,-1,-1,-1,-1,-1,-1,-1,-1,-1,-1,-1,-1,-1,-1,-1,-1,1
5047,（ひし類）　とうびし　生,-1,-1,-1,-1,-1,-1,-1,-1,-1,-1,-1,-1,-1,-1,-1,-1,-1,-1,-1,1
5048,（ひし類）　とうびし　ゆで,-1,-1,-1,-1,-1,-1,-1,-1,-1,-1,-1,-1,-1,-1,-1,-1,-1,-1,-1,1
5026,ピスタチオ　いり　味付け,-1,-1,-1,-1,-1,-1,-1,-1,-1,-1,-1,-1,-1,-1,-1,-1,-1,-1,-1,1
5027,ひまわり　フライ　味付け,-1,-1,-1,-1,-1,-1,-1,-1,-1,-1,-1,-1,-1,-1,-1,-1,-1,-1,-1,1
5028,ブラジルナッツ　フライ　味付け,-1,-1,-1,-1,-1,-1,-1,-1,-1,-1,-1,-1,-1,-1,-1,-1,-1,-1,-1,1
5029,ヘーゼルナッツ　フライ　味付け,-1,-1,-1,-1,-1,-1,-1,-1,-1,-1,-1,-1,-1,-1,-1,-1,-1,-1,-1,1
5030,ペカン　フライ　味付け,-1,-1,-1,-1,-1,-1,-1,-1,-1,-1,-1,-1,-1,-1,-1,-1,-1,-1,-1,1
5031,マカダミアナッツ　いり　味付け,-1,-1,-1,-1,120,-1,-1,-1,-1,-1,-1,-1,-1,-1,-1,-1,-1,-1,-1,1
5032,まつ　生,-1,-1,-1,0.2,-1,-1,-1,-1,-1,-1,-1,500,-1,-1,-1,-1,-1,-1,-1,1
5033,まつ　いり,-1,-1,-1,-1,-1,-1,-1,-1,-1,-1,-1,-1,-1,-1,-1,-1,-1,-1,-1,1
5034,らっかせい　大粒種　乾,-1,-1,-1,-1,120,-1,-1,-1,-1,-1,-1,-1,-1,-1,-1,-1,-1,-1,-1,1
5035,らっかせい　大粒種　いり,-1,-1,-1,-1,-1,-1,-1,-1,-1,-1,-1,-1,-1,-1,-1,-1,-1,-1,-1,1
5044,らっかせい　小粒種　乾,-1,-1,-1,-1,-1,-1,-1,-1,-1,-1,-1,-1,-1,-1,-1,-1,-1,-1,-1,1
5045,らっかせい　小粒種　いり,-1,-1,-1,-1,-1,-1,-1,-1,-1,-1,-1,-1,-1,-1,-1,-1,-1,-1,-1,1
5036,らっかせい　バターピーナッツ,-1,-1,-1,-1,-1,-1,-1,-1,-1,-1,-1,-1,-1,-1,-1,-1,-1,-1,-1,1
5037,らっかせい　ピーナッツバター,-1,-1,-1,-1,-1,-1,-1,4,-1,12,-1,-1,-1,-1,-1,-1,-1,-1,-1,1
6001,アーティチョーク　花らい　生,-1,-1,-1,-1,-1,-1,-1,-1,-1,-1,-1,-1,-1,-1,-1,-1,-1,-1,-1,1
6002,アーティチョーク　花らい　ゆで,-1,-1,-1,-1,-1,-1,-1,-1,-1,-1,-1,-1,-1,-1,-1,-1,-1,-1,-1,1
6402,アイスプラント　生,-1,-1,-1,-1,-1,-1,-1,-1,-1,-1,-1,-1,-1,-1,-1,-1,-1,-1,-1,1
6003,あさつき　葉　生,-1,-1,-1,-1,-1,-1,2,-1,-1,-1,-1,-1,-1,-1,-1,-1,30,-1,-1,1
6004,あさつき　葉　ゆで,-1,-1,-1,-1,-1,-1,-1,-1,-1,-1,-1,-1,-1,-1,-1,-1,-1,-1,-1,1
6005,あしたば　茎葉　生,-1,-1,-1,-1,-1,-1,-1,-1,-1,-1,-1,-1,-1,-1,-1,-1,-1,-1,-1,1
6006,あしたば　茎葉　ゆで,-1,-1,-1,-1,-1,-1,-1,-1,-1,-1,-1,-1,-1,-1,-1,-1,-1,-1,-1,1
6007,アスパラガス　若茎　生,-1,-1,20,20,-1,10,-1,-1,-1,-1,-1,100,-1,-1,-1,-1,100,-1,-1,1
6008,アスパラガス　若茎　ゆで,-1,-1,-1,-1,-1,-1,-1,-1,-1,-1,-1,-1,-1,-1,-1,-1,-1,-1,-1,1
6327,アスパラガス　若茎　油いため,-1,-1,-1,-1,-1,-1,-1,-1,-1,-1,-1,-1,-1,-1,-1,-1,-1,-1,-1,1
6009,アスパラガス　水煮缶詰,-1,-1,-1,-1,-1,-1,-1,-1,-1,-1,-1,-1,-1,-1,-1,-1,-1,-1,-1,1
6328,アロエ　葉　生,-1,-1,-1,-1,-1,-1,-1,-1,-1,-1,-1,-1,-1,-1,-1,-1,-1,-1,-1,1
6010,いんげんまめ　さやいんげん　若ざや　生,-1,-1,7,7,-1,-1,2,-1,-1,-1,-1,100,-1,130,-1,-1,-1,-1,-1,1
6011,いんげんまめ　さやいんげん　若ざや　ゆで,-1,-1,7,-1,-1,-1,-1,-1,-1,-1,-1,-1,-1,-1,-1,-1,-1,-1,-1,1
6012,（うど類）　うど　茎　生,-1,10,-1,-1,-1,-1,-1,-1,-1,-1,-1,-1,-1,-1,-1,40,-1,-1,-1,1
6013,（うど類）　うど　茎　水さらし,-1,-1,-1,-1,-1,-1,-1,-1,-1,-1,-1,-1,-1,-1,-1,-1,-1,-1,-1,1
6014,（うど類）　やまうど　茎　生,-1,-1,-1,-1,-1,-1,-1,-1,-1,-1,-1,-1,-1,-1,-1,-1,-1,-1,-1,1
6363,うるい　葉　生,-1,-1,-1,-1,-1,-1,-1,-1,-1,-1,-1,-1,-1,-1,-1,-1,-1,-1,-1,1
6015,えだまめ　生,-1,-1,3,3,-1,1.5,-1,-1,-1,-1,50,-1,-1,-1,-1,-1,80,-1,-1,1
6016,えだまめ　ゆで,-1,-1,-1,-1,-1,-1,-1,-1,-1,-1,50,-1,-1,-1,-1,-1,-1,-1,-1,1
6017,えだまめ　冷凍,-1,-1,-1,-1,-1,-1,-1,-1,-1,-1,50,400,-1,-1,-1,-1,-1,-1,-1,1
6018,エンダイブ　葉　生,-1,-1,-1,-1,-1,-1,-1,-1,-1,-1,-1,-1,-1,-1,-1,-1,-1,-1,-1,1
6019,（えんどう類）　トウミョウ　茎葉　生,-1,-1,-1,-1,-1,2.5,-1,-1,-1,-1,-1,-1,-1,-1,-1,-1,-1,-1,-1,1
6329,（えんどう類）　トウミョウ　芽ばえ　生,-1,-1,-1,-1,-1,-1,-1,-1,-1,-1,-1,-1,-1,-1,-1,-1,-1,-1,-1,1
6330,（えんどう類）　トウミョウ　芽ばえ　ゆで,-1,-1,-1,-1,-1,-1,-1,-1,-1,-1,-1,-1,-1,-1,-1,-1,-1,-1,-1,1
6331,（えんどう類）　トウミョウ　芽ばえ　油いため,-1,-1,-1,-1,-1,-1,-1,-1,-1,-1,-1,-1,-1,-1,-1,-1,-1,-1,-1,1
6020,（えんどう類）　さやえんどう　若ざや　生,-1,2.8,6,2,-1,3,-1,-1,-1,-1,-1,25,-1,-1,-1,-1,-1,-1,-1,1
6021,（えんどう類）　さやえんどう　若ざや　ゆで,-1,-1,-1,-1,-1,-1,-1,-1,-1,-1,-1,-1,-1,-1,-1,-1,-1,-1,-1,1
6022,（えんどう類）　スナップえんどう　若ざや　生,-1,-1,5,5,-1,5,-1,-1,-1,-1,-1,-1,-1,-1,-1,-1,-1,-1,-1,1
6023,（えんどう類）　グリンピース　生,-1,-1,-1,-1,170,-1,-1,-1,-1,-1,-1,190,-1,-1,-1,-1,-1,-1,-1,1
6024,（えんどう類）　グリンピース　ゆで,-1,-1,-1,-1,-1,-1,-1,-1,-1,-1,-1,-1,-1,-1,-1,-1,-1,-1,-1,1
6025,（えんどう類）　グリンピース　冷凍,-1,-1,-1,-1,-1,-1,-1,-1,-1,-1,-1,-1,-1,-1,-1,-1,-1,-1,-1,1
6374,（えんどう類）　グリンピース　冷凍　ゆで,-1,-1,-1,-1,-1,-1,-1,-1,-1,-1,-1,-1,-1,-1,-1,-1,-1,-1,-1,1
6375,（えんどう類）　グリンピース　冷凍　油いため,-1,-1,-1,-1,-1,-1,-1,-1,-1,-1,-1,-1,-1,-1,-1,-1,-1,-1,-1,1
6026,（えんどう類）　グリンピース　水煮缶詰,-1,-1,-1,-1,-1,-1,-1,-1,-1,-1,-1,-1,-1,-1,-1,-1,-1,-1,-1,1
6027,おおさかしろな　葉　生,-1,-1,-1,-1,-1,-1,-1,-1,-1,-1,-1,-1,-1,-1,-1,-1,-1,-1,-1,1
6028,おおさかしろな　葉　ゆで,-1,-1,-1,-1,-1,-1,-1,-1,-1,-1,-1,-1,-1,-1,-1,-1,-1,-1,-1,1
6029,おおさかしろな　塩漬,-1,-1,-1,-1,-1,-1,-1,-1,-1,-1,-1,-1,-1,-1,-1,-1,-1,-1,-1,1
6030,おかひじき　茎葉　生,-1,-1,-1,-1,-1,-1,-1,-1,-1,-1,-1,70,-1,-1,-1,-1,-1,-1,-1,1
6031,おかひじき　茎葉　ゆで,-1,-1,-1,-1,-1,-1,-1,-1,-1,-1,-1,-1,-1,-1,-1,-1,-1,-1,-1,1
6032,オクラ　果実　生,-1,-1,12,12,-1,6,-1,-1,-1,-1,-1,100,-1,-1,-1,-1,-1,-1,-1,1
6033,オクラ　果実　ゆで,-1,-1,-1,-1,-1,-1,-1,-1,-1,-1,-1,-1,-1,-1,-1,-1,-1,-1,-1,1
6034,かぶ　葉　生,-1,-1,-1,800,-1,400,-1,-1,-1,-1,-1,-1,-1,-1,-1,-1,-1,-1,-1,1
6035,かぶ　葉　ゆで,-1,-1,-1,-1,-1,-1,-1,-1,-1,-1,-1,-1,-1,-1,-1,-1,-1,-1,-1,1
6036,かぶ　根　皮つき　生,-1,-1,-1,-1,-1,-1,-1,-1,-1,-1,-1,-1,-1,-1,-1,-1,-1,-1,-1,1
6037,かぶ　根　皮つき　ゆで,-1,-1,-1,-1,-1,-1,-1,-1,-1,-1,-1,-1,-1,-1,-1,-1,-1,-1,-1,1
6038,かぶ　根　皮なし　生,-1,-1,-1,800,-1,400,-1,-1,-1,-1,-1,-1,-1,-1,-1,-1,-1,-1,-1,1
6039,かぶ　根　皮なし　ゆで,-1,-1,-1,-1,-1,-1,-1,-1,-1,-1,-1,-1,-1,-1,-1,-1,-1,-1,-1,1
6040,かぶ　漬物　塩漬　葉,-1,-1,-1,-1,-1,-1,-1,-1,-1,-1,-1,-1,-1,-1,-1,-1,-1,-1,-1,1
6041,かぶ　漬物　塩漬　根　皮つき,-1,-1,-1,-1,-1,-1,-1,-1,-1,-1,-1,-1,-1,-1,-1,-1,-1,-1,-1,1
6042,かぶ　漬物　塩漬　根　皮なし,-1,-1,-1,-1,-1,-1,-1,-1,-1,-1,-1,-1,-1,-1,-1,-1,-1,-1,-1,1
6043,かぶ　漬物　ぬかみそ漬　葉,-1,-1,-1,-1,-1,-1,-1,-1,-1,-1,-1,-1,-1,-1,-1,-1,-1,-1,-1,1
6044,かぶ　漬物　ぬかみそ漬　根　皮つき,-1,-1,-1,-1,-1,-1,-1,-1,-1,-1,-1,-1,-1,-1,-1,-1,-1,-1,-1,1
6045,かぶ　漬物　ぬかみそ漬　根　皮なし,-1,-1,-1,-1,-1,-1,-1,-1,-1,-1,-1,-1,-1,-1,-1,-1,-1,-1,-1,1
6046,（かぼちゃ類）　日本かぼちゃ　果実　生,-1,-1,-1,-1,-1,-1,-1,-1,-1,-1,-1,-1,-1,-1,-1,-1,-1,-1,-1,1
6047,（かぼちゃ類）　日本かぼちゃ　果実　ゆで,-1,-1,-1,-1,-1,-1,-1,-1,-1,-1,-1,-1,-1,-1,-1,-1,-1,-1,-1,1
6048,（かぼちゃ類）　西洋かぼちゃ　果実　生,-1,-1,-1,800,-1,-1,3,-1,-1,-1,-1,-1,-1,-1,-1,-1,-1,-1,-1,1
6049,（かぼちゃ類）　西洋かぼちゃ　果実　ゆで,-1,-1,-1,1500,-1,750,-1,-1,-1,-1,-1,-1,-1,-1,-1,-1,-1,-1,-1,1
6332,（かぼちゃ類）　西洋かぼちゃ　果実　焼き,-1,-1,-1,-1,-1,-1,-1,-1,-1,-1,-1,-1,-1,-1,-1,-1,-1,-1,-1,1
6050,（かぼちゃ類）　西洋かぼちゃ　果実　冷凍,-1,-1,-1,1500,-1,750,-1,-1,-1,-1,-1,-1,-1,-1,-1,-1,-1,-1,-1,1
6051,（かぼちゃ類）　そうめんかぼちゃ　果実　生,-1,-1,-1,-1,-1,-1,-1,-1,-1,-1,40,-1,-1,-1,-1,-1,-1,-1,-1,1
6052,からしな　葉　生,-1,-1,-1,-1,-1,-1,-1,-1,-1,-1,-1,-1,-1,-1,-1,-1,30,-1,-1,1
6053,からしな　塩漬,-1,-1,-1,-1,-1,-1,-1,-1,-1,-1,-1,-1,-1,-1,-1,-1,-1,-1,-1,1
6054,カリフラワー　花序　生,-1,-1,-1,350,-1,175,-1,-1,-1,-1,-1,-1,-1,-1,-1,-1,175,-1,-1,1
6055,カリフラワー　花序　ゆで,-1,-1,-1,-1,-1,-1,-1,-1,-1,-1,-1,-1,-1,-1,-1,-1,-1,-1,-1,1
6056,かんぴょう　乾,-1,-1,-1,-1,-1,-1,-1,-1,-1,-1,-1,30,-1,-1,-1,-1,-1,-1,-1,1
6057,かんぴょう　ゆで,-1,-1,-1,-1,-1,-1,-1,-1,-1,-1,-1,-1,-1,-1,-1,-1,-1,-1,-1,1
6364,かんぴょう　甘煮,-1,-1,-1,-1,-1,-1,-1,-1,-1,-1,-1,-1,-1,-1,-1,-1,-1,-1,-1,1
6058,きく　花びら　生,-1,-1,-1,-1,-1,-1,-1,-1,-1,-1,-1,-1,-1,-1,-1,-1,-1,-1,-1,1
6059,きく　花びら　ゆで,-1,-1,-1,-1,-1,-1,-1,-1,-1,-1,-1,-1,-1,-1,-1,-1,-1,-1,-1,1
6060,きく　菊のり,-1,-1,-1,-1,-1,-1,-1,-1,-1,-1,-1,-1,-1,-1,-1,-1,-1,-1,-1,1
6061,（キャベツ類）　キャベツ　結球葉　生,1000,55,-1,1000,100,500,-1,-1,-1,-1,-1,-1,-1,-1,-1,-1,-1,-1,-1,1
6062,（キャベツ類）　キャベツ　結球葉　ゆで,-1,-1,-1,-1,-1,-1,-1,-1,-1,-1,-1,-1,-1,-1,-1,-1,-1,-1,-1,1
6333,（キャベツ類）　キャベツ　結球葉　油いため,-1,-1,-1,-1,-1,-1,-1,-1,-1,-1,-1,-1,-1,-1,-1,-1,-1,-1,-1,1
6403,（キャベツ類）　キャベツ　結球葉　カット　常法洗浄,-1,-1,-1,-1,-1,-1,-1,-1,-1,-1,-1,-1,-1,-1,-1,-1,-1,-1,-1,1
6404,（キャベツ類）　キャベツ　結球葉　カット　次亜塩素酸洗浄,-1,-1,-1,-1,-1,-1,-1,-1,-1,-1,-1,-1,-1,-1,-1,-1,-1,-1,-1,1
6063,（キャベツ類）　グリーンボール　結球葉　生,-1,-1,-1,-1,-1,-1,-1,-1,-1,-1,-1,-1,-1,-1,-1,-1,-1,-1,-1,1
6064,（キャベツ類）　レッドキャベツ　結球葉　生,-1,-1,-1,-1,-1,-1,-1,-1,-1,-1,-1,-1,-1,-1,-1,-1,-1,-1,-1,1
6065,きゅうり　果実　生,100,-1,100,100,-1,50,-1,-1,-1,-1,-1,-1,-1,-1,-1,2,-1,-1,-1,1
6066,きゅうり　漬物　塩漬,-1,-1,-1,-1,-1,-1,-1,-1,-1,-1,-1,-1,-1,-1,-1,-1,-1,-1,-1,1
6067,きゅうり　漬物　しょうゆ漬,-1,-1,-1,-1,-1,-1,-1,-1,-1,-1,-1,-1,-1,-1,-1,-1,-1,-1,-1,1
6068,きゅうり　漬物　ぬかみそ漬,-1,-1,-1,-1,-1,-1,-1,-1,-1,-1,-1,-1,-1,-1,-1,-1,-1,-1,-1,1
6069,きゅうり　漬物　ピクルス　スイート型,-1,-1,-1,-1,-1,-1,-1,-1,-1,-1,-1,-1,-1,-1,-1,-1,-1,-1,-1,1
6070,きゅうり　漬物　ピクルス　サワー型,-1,-1,20,-1,-1,-1,-1,-1,-1,-1,-1,-1,-1,-1,-1,-1,-1,-1,-1,1
6071,ぎょうじゃにんにく　葉　生,-1,-1,-1,-1,-1,-1,-1,-1,-1,-1,-1,-1,-1,-1,-1,-1,-1,-1,-1,1
6075,キンサイ　茎葉　生,-1,-1,-1,-1,-1,-1,-1,-1,-1,-1,-1,-1,-1,-1,-1,-1,-1,-1,-1,1
6076,キンサイ　茎葉　ゆで,-1,-1,-1,-1,-1,-1,-1,-1,-1,-1,-1,-1,-1,-1,-1,-1,-1,-1,-1,1
6077,クレソン　茎葉　生,-1,-1,-1,-1,-1,-1,-1,-1,-1,-1,-1,-1,-1,-1,-1,-1,50,-1,-1,1
6078,くわい　塊茎　生,-1,-1,-1,16,-1,-1,-1,-1,-1,-1,-1,-1,-1,-1,-1,-1,-1,-1,-1,1
6079,くわい　塊茎　ゆで,-1,-1,-1,-1,-1,-1,-1,-1,-1,-1,-1,-1,-1,-1,-1,-1,-1,-1,-1,1
6080,ケール　葉　生,-1,-1,-1,-1,-1,-1,-1,-1,-1,-1,-1,-1,-1,-1,-1,-1,-1,-1,-1,1
6081,コールラビ　球茎　生,-1,-1,-1,-1,-1,-1,-1,-1,-1,-1,-1,-1,-1,-1,-1,-1,-1,-1,-1,1
6082,コールラビ　球茎　ゆで,-1,-1,-1,-1,-1,-1,-1,-1,-1,-1,-1,-1,-1,-1,-1,-1,-1,-1,-1,1
6083,こごみ　若芽　生,-1,-1,-1,-1,-1,-1,-1,-1,-1,-1,-1,-1,-1,-1,-1,-1,-1,-1,-1,1
6084,（ごぼう類）　ごぼう　根　生,-1,-1,150,150,-1,75,-1,-1,-1,-1,-1,200,-1,-1,-1,1,-1,-1,-1,1
6085,（ごぼう類）　ごぼう　根　ゆで,-1,-1,-1,-1,-1,-1,-1,-1,-1,-1,-1,-1,-1,-1,-1,-1,-1,-1,-1,1
6405,（ごぼう類）　堀川ごぼう　根　生,-1,-1,-1,-1,-1,-1,-1,-1,-1,-1,-1,-1,-1,-1,-1,-1,-1,-1,-1,1
6086,こまつな　葉　生,-1,-1,-1,40,-1,-1,-1,-1,-1,-1,-1,-1,-1,-1,-1,-1,300,-1,-1,1
6087,こまつな　葉　ゆで,-1,-1,-1,-1,-1,-1,-1,-1,-1,-1,-1,-1,-1,-1,-1,-1,-1,-1,-1,1
6385,コリアンダー　葉　生,-1,-1,1,-1,-1,-1,-1,4,8,12,-1,-1,-1,-1,-1,-1,-1,-1,-1,1
6088,ザーサイ　漬物,-1,-1,-1,-1,-1,-1,-1,-1,-1,-1,-1,120,-1,-1,-1,-1,-1,-1,-1,1
6089,さんとうさい　葉　生,-1,-1,-1,-1,-1,-1,-1,-1,-1,-1,-1,-1,-1,-1,-1,-1,-1,-1,-1,1
6090,さんとうさい　葉　ゆで,-1,-1,-1,-1,-1,-1,-1,-1,-1,-1,-1,-1,-1,-1,-1,-1,-1,-1,-1,1
6091,さんとうさい　塩漬,-1,-1,-1,-1,-1,-1,-1,-1,-1,-1,-1,-1,-1,-1,-1,-1,-1,-1,-1,1
6092,しかくまめ　若ざや　生,-1,-1,-1,-1,-1,-1,-1,-1,-1,-1,-1,-1,-1,-1,-1,-1,-1,-1,-1,1
6093,（ししとう類）　ししとう　果実　生,-1,-1,-1,8,-1,-1,-1,-1,-1,-1,-1,139,-1,0,-1,-1,-1,-1,-1,1
6094,（ししとう類）　ししとう　果実　油いため,-1,-1,-1,-1,-1,-1,-1,-1,-1,-1,-1,-1,-1,-1,-1,-1,-1,-1,-1,1
6406,（ししとう類）　万願寺とうがらし　果実　生,-1,-1,-1,-1,-1,-1,-1,-1,-1,-1,-1,-1,-1,-1,-1,-1,-1,-1,-1,1
6095,しそ　葉　生,-1,0.5,1,0.75,-1,-1,0.5,2,-1,-1,-1,10,-1,-1,-1,-1,10,-1,-1,1
6096,しそ　実　生,-1,-1,-1,-1,-1,-1,-1,-1,-1,-1,-1,-1,-1,-1,-1,-1,-1,-1,-1,1
6097,じゅうろくささげ　若ざや　生,-1,-1,-1,-1,-1,-1,-1,-1,-1,-1,-1,-1,-1,-1,-1,-1,-1,-1,-1,1
6098,じゅうろくささげ　若ざや　ゆで,-1,-1,-1,-1,-1,-1,-1,-1,-1,-1,-1,-1,-1,-1,-1,-1,-1,-1,-1,1
6099,しゅんぎく　葉　生,-1,-1,-1,30,-1,15,-1,-1,-1,-1,-1,160,-1,-1,-1,-1,170,-1,-1,1
6100,しゅんぎく　葉　ゆで,-1,-1,-1,-1,-1,-1,-1,-1,-1,-1,-1,-1,-1,-1,-1,-1,-1,-1,-1,1
6101,じゅんさい　若葉　水煮びん詰,-1,-1,-1,-1,-1,-1,-1,-1,-1,-1,-1,-1,-1,-1,-1,-1,-1,-1,-1,1
6102,（しょうが類）　葉しょうが　根茎　生,-1,-1,-1,-1,-1,-1,-1,-1,-1,-1,-1,-1,-1,-1,-1,-1,-1,-1,-1,1
6103,（しょうが類）　しょうが　根茎　皮なし　生,-1,1,-1,50,-1,-1,1,6,-1,18,-1,-1,-1,-1,-1,1,-1,-1,-1,1
6365,（しょうが類）　しょうが　根茎　皮なし　生　おろし,-1,-1,1,10,-1,-1,1,6,-1,18,-1,-1,-1,-1,-1,1,-1,-1,-1,1
6366,（しょうが類）　しょうが　根茎　皮なし　生　おろし汁,-1,-1,-1,10,200,-1,1,5,-1,15,-1,-1,-1,-1,-1,-1,-1,-1,-1,1
6104,（しょうが類）　しょうが　漬物　酢漬,-1,-1,10,-1,-1,-1,1,-1,-1,15,-1,60,-1,-1,-1,-1,-1,-1,-1,1
6105,（しょうが類）　しょうが　漬物　甘酢漬,-1,-1,-1,-1,-1,-1,1,-1,-1,10,-1,-1,-1,-1,-1,-1,-1,-1,-1,1
6386,（しょうが類）　新しょうが　根茎　生,-1,-1,-1,50,-1,-1,1,6,-1,18,-1,-1,-1,-1,-1,-1,-1,-1,-1,1
6106,しろうり　果実　生,-1,-1,-1,-1,-1,-1,-1,-1,-1,-1,-1,-1,-1,-1,-1,-1,-1,-1,-1,1
6107,しろうり　漬物　塩漬,-1,-1,-1,-1,-1,-1,-1,-1,-1,-1,-1,-1,-1,-1,-1,-1,-1,-1,-1,1
6108,しろうり　漬物　奈良漬,-1,-1,-1,-1,-1,-1,-1,-1,-1,-1,-1,-1,-1,-1,-1,-1,-1,-1,-1,1
6109,ずいき　生ずいき　生,-1,-1,-1,250,-1,-1,-1,-1,-1,-1,-1,-1,-1,-1,-1,-1,-1,-1,-1,1
6110,ずいき　生ずいき　ゆで,-1,-1,-1,250,-1,-1,-1,-1,-1,-1,-1,-1,-1,-1,-1,-1,-1,-1,-1,1
6111,ずいき　干しずいき　乾,-1,-1,-1,-1,-1,-1,-1,-1,-1,-1,-1,-1,-1,-1,-1,-1,-1,-1,-1,1
6112,ずいき　干しずいき　ゆで,-1,-1,-1,250,-1,-1,-1,-1,-1,-1,-1,-1,-1,-1,-1,-1,-1,-1,-1,1
6387,すいぜんじな　葉　生,-1,-1,-1,-1,-1,-1,-1,-1,-1,-1,-1,-1,-1,-1,-1,-1,-1,-1,-1,1
6113,すぐきな　葉　生,-1,-1,-1,-1,-1,-1,-1,-1,-1,-1,-1,-1,-1,-1,-1,-1,-1,-1,-1,1
6114,すぐきな　根　生,-1,-1,-1,-1,-1,-1,-1,-1,-1,-1,-1,-1,-1,-1,-1,-1,-1,-1,-1,1
6115,すぐきな　すぐき漬,-1,-1,-1,-1,-1,-1,-1,-1,-1,-1,-1,-1,-1,-1,-1,-1,-1,-1,-1,1
6116,ズッキーニ　果実　生,-1,-1,200,200,-1,100,-1,-1,-1,-1,-1,-1,-1,-1,-1,-1,-1,-1,-1,1
6117,せり　茎葉　生,-1,-1,-1,-1,-1,-1,-1,-1,-1,-1,-1,200,-1,-1,-1,-1,-1,-1,-1,1
6118,せり　茎葉　ゆで,-1,-1,-1,-1,-1,-1,-1,-1,-1,-1,-1,-1,-1,-1,-1,-1,-1,-1,-1,1
6119,セロリ　葉柄　生,-1,10,100,100,-1,50,3,-1,-1,-1,-1,-1,-1,-1,-1,1,-1,-1,-1,1
6120,ぜんまい　生ぜんまい　若芽　生,-1,-1,-1,2.5,-1,-1,-1,-1,-1,-1,-1,-1,-1,-1,-1,-1,-1,-1,-1,1
6121,ぜんまい　生ぜんまい　若芽　ゆで,-1,-1,-1,-1,-1,-1,-1,-1,-1,-1,-1,-1,-1,-1,-1,-1,-1,-1,-1,1
6122,ぜんまい　干しぜんまい　干し若芽　乾,-1,-1,-1,-1,-1,-1,-1,-1,-1,-1,-1,-1,-1,-1,-1,-1,-1,-1,-1,1
6123,ぜんまい　干しぜんまい　干し若芽　ゆで,-1,-1,-1,-1,-1,-1,-1,-1,-1,-1,-1,-1,-1,-1,-1,-1,-1,-1,-1,1
6124,そらまめ　未熟豆　生,-1,-1,-1,6,-1,-1,-1,-1,-1,-1,-1,-1,-1,-1,-1,-1,-1,-1,-1,1
6125,そらまめ　未熟豆　ゆで,-1,-1,-1,6,-1,-1,-1,-1,-1,-1,-1,-1,-1,-1,-1,-1,-1,-1,-1,1
6126,タアサイ　葉　生,-1,-1,-1,-1,-1,-1,-1,-1,-1,-1,-1,-1,-1,-1,-1,-1,-1,-1,-1,1
6127,タアサイ　葉　ゆで,-1,-1,-1,-1,-1,-1,-1,-1,-1,-1,-1,-1,-1,-1,-1,-1,-1,-1,-1,1
6128,（だいこん類）　かいわれだいこん　芽ばえ　生,-1,-1,-1,70,-1,35,-1,-1,-1,-1,-1,70,-1,-1,-1,-1,70,-1,-1,1
6129,（だいこん類）　葉だいこん　葉　生,-1,-1,-1,-1,-1,-1,-1,-1,-1,-1,-1,-1,-1,-1,-1,-1,-1,-1,-1,1
6130,（だいこん類）　だいこん　葉　生,-1,-1,6,-1,-1,-1,-1,-1,-1,-1,-1,-1,-1,-1,-1,2,200,-1,-1,1
6131,（だいこん類）　だいこん　葉　ゆで,-1,-1,-1,-1,-1,-1,-1,-1,-1,-1,-1,-1,-1,-1,-1,-1,-1,-1,-1,1
6132,（だいこん類）　だいこん　根　皮つき　生,1000,-1,1000,1000,-1,500,-1,-1,-1,-1,-1,-1,-1,-1,-1,25,-1,-1,-1,1
6133,（だいこん類）　だいこん　根　皮つき　ゆで,-1,-1,-1,-1,-1,-1,-1,-1,-1,-1,-1,-1,-1,-1,-1,-1,-1,-1,-1,1
6134,（だいこん類）　だいこん　根　皮なし　生,1000,-1,1000,1000,-1,500,-1,-1,-1,-1,-1,-1,-1,-1,-1,25,-1,-1,-1,1
6367,（だいこん類）　だいこん　根　皮なし　生　おろし,-1,-1,-1,-1,100,-1,9,-1,-1,15,-1,-1,-1,-1,-1,-1,-1,-1,-1,1
6368,（だいこん類）　だいこん　根　皮なし　生　おろし汁,-1,-1,-1,-1,-1,-1,-1,-1,-1,-1,-1,-1,-1,-1,-1,-1,-1,-1,-1,1
6369,（だいこん類）　だいこん　根　皮なし　生　おろし水洗い,-1,-1,-1,-1,-1,-1,-1,-1,-1,-1,-1,-1,-1,-1,-1,-1,-1,-1,-1,1
6135,（だいこん類）　だいこん　根　皮なし　ゆで,-1,-1,-1,-1,-1,-1,-1,-1,-1,-1,-1,-1,-1,-1,-1,-1,-1,-1,-1,1
6136,（だいこん類）　切干しだいこん　乾,-1,-1,-1,-1,-1,-1,-1,-1,-1,-1,-1,100,-1,-1,-1,-1,-1,-1,-1,1
6334,（だいこん類）　切干しだいこん　ゆで,-1,-1,-1,-1,-1,-1,-1,-1,-1,-1,-1,-1,-1,-1,-1,-1,-1,-1,-1,1
6335,（だいこん類）　切干しだいこん　油いため,-1,-1,-1,-1,-1,-1,-1,-1,-1,-1,-1,-1,-1,-1,-1,-1,-1,-1,-1,1
6388,（だいこん類）　漬物　いぶりがっこ,-1,-1,-1,-1,-1,-1,-1,-1,-1,-1,-1,-1,-1,-1,-1,-1,-1,-1,-1,1
6137,（だいこん類）　漬物　ぬかみそ漬,-1,-1,-1,-1,-1,-1,-1,-1,-1,-1,-1,-1,-1,-1,-1,-1,-1,-1,-1,1
6138,（だいこん類）　漬物　たくあん漬　塩押しだいこん漬,-1,-1,-1,-1,-1,-1,-1,-1,-1,-1,-1,-1,-1,-1,-1,-1,-1,-1,-1,1
6139,（だいこん類）　漬物　たくあん漬　干しだいこん漬,-1,-1,100,-1,-1,50,-1,-1,-1,-1,-1,-1,-1,-1,-1,-1,-1,-1,-1,1
6140,（だいこん類）　漬物　守口漬,-1,-1,-1,-1,-1,-1,-1,-1,-1,-1,-1,-1,-1,-1,-1,-1,-1,-1,-1,1
6141,（だいこん類）　漬物　べったら漬,-1,-1,-1,-1,-1,-1,-1,-1,-1,-1,-1,-1,-1,-1,-1,-1,-1,-1,-1,1
6142,（だいこん類）　漬物　みそ漬,-1,-1,-1,-1,-1,-1,-1,-1,-1,-1,-1,-1,-1,-1,-1,-1,-1,-1,-1,1
6143,（だいこん類）　漬物　福神漬,-1,-1,-1,-1,-1,-1,-1,-1,-1,-1,-1,-1,-1,-1,-1,-1,-1,-1,-1,1
6144,（たいさい類）　つまみな　葉　生,-1,-1,-1,-1,-1,-1,-1,-1,-1,-1,-1,-1,-1,-1,-1,-1,-1,-1,-1,1
6145,（たいさい類）　たいさい　葉　生,-1,-1,-1,-1,-1,-1,-1,-1,-1,-1,-1,-1,-1,-1,-1,-1,-1,-1,-1,1
6146,（たいさい類）　たいさい　塩漬,-1,-1,-1,-1,-1,-1,-1,-1,-1,-1,-1,-1,-1,-1,-1,-1,-1,-1,-1,1
6147,たかな　葉　生,-1,-1,-1,-1,-1,-1,-1,-1,-1,-1,-1,-1,-1,-1,-1,-1,300,-1,-1,1
6148,たかな　たかな漬,-1,-1,-1,-1,-1,-1,-1,-1,-1,15,-1,150,-1,-1,-1,-1,-1,-1,-1,1
6149,たけのこ　若茎　生,1000,-1,700,700,-1,350,-1,-1,-1,-1,-1,250,-1,50,-1,-1,-1,-1,-1,1
6150,たけのこ　若茎　ゆで,200,-1,700,700,-1,350,-1,-1,-1,-1,-1,-1,-1,50,-1,1,-1,-1,-1,1
6151,たけのこ　水煮缶詰,-1,-1,200,-1,-1,-1,-1,-1,-1,-1,-1,200,-1,100,-1,-1,-1,-1,-1,1
6152,たけのこ　めんま　塩蔵　塩抜き,-1,-1,-1,-1,-1,-1,-1,-1,-1,-1,-1,-1,-1,-1,-1,-1,-1,-1,-1,1
6153,（たまねぎ類）　たまねぎ　りん茎　生,100,-1,-1,200,-1,100,3,5,-1,15,-1,-1,-1,-1,-1,-1,-1,-1,-1,1
6154,（たまねぎ類）　たまねぎ　りん茎　水さらし,-1,-1,-1,-1,-1,-1,-1,-1,-1,-1,-1,-1,-1,-1,-1,-1,-1,-1,-1,1
6155,（たまねぎ類）　たまねぎ　りん茎　ゆで,-1,-1,-1,-1,-1,-1,-1,-1,-1,-1,-1,-1,-1,-1,-1,-1,-1,-1,-1,1
6336,（たまねぎ類）　たまねぎ　りん茎　油いため,-1,-1,-1,-1,-1,-1,-1,-1,-1,-1,-1,-1,-1,-1,-1,-1,-1,-1,-1,1
6389,（たまねぎ類）　たまねぎ　りん茎　油いため　（あめ色たまねぎ）,-1,-1,-1,-1,-1,-1,-1,-1,-1,-1,-1,-1,-1,-1,-1,-1,-1,-1,-1,1
6156,（たまねぎ類）　赤たまねぎ　りん茎　生,-1,-1,-1,200,-1,100,-1,-1,-1,-1,-1,-1,-1,-1,-1,-1,-1,-1,-1,1
6337,（たまねぎ類）　葉たまねぎ　りん茎及び葉　生,-1,-1,-1,-1,-1,-1,-1,-1,-1,-1,-1,-1,-1,-1,-1,-1,-1,-1,-1,1
6157,たらのめ　若芽　生,-1,-1,-1,-1,-1,-1,-1,-1,-1,-1,-1,-1,-1,-1,-1,-1,-1,-1,-1,1
6158,たらのめ　若芽　ゆで,-1,-1,-1,-1,-1,-1,-1,-1,-1,-1,-1,-1,-1,-1,-1,-1,-1,-1,-1,1
6159,チコリ　若芽　生,-1,1,-1,-1,-1,-1,-1,-1,-1,-1,-1,-1,-1,-1,-1,-1,-1,-1,-1,1
6376,ちぢみゆきな　葉　生,-1,-1,-1,-1,-1,-1,-1,-1,-1,-1,-1,-1,-1,-1,-1,-1,-1,-1,-1,1
6377,ちぢみゆきな　葉　ゆで,-1,-1,-1,-1,-1,-1,-1,-1,-1,-1,-1,-1,-1,-1,-1,-1,-1,-1,-1,1
6160,チンゲンサイ　葉　生,-1,28.6,-1,300,-1,150,-1,-1,-1,-1,-1,-1,-1,-1,-1,-1,100,-1,-1,1
6161,チンゲンサイ　葉　ゆで,-1,-1,-1,-1,-1,-1,-1,-1,-1,-1,-1,-1,-1,-1,-1,-1,-1,-1,-1,1
6338,チンゲンサイ　葉　油いため,-1,-1,-1,-1,-1,-1,-1,-1,-1,-1,-1,-1,-1,-1,-1,-1,-1,-1,-1,1
6162,つくし　胞子茎　生,-1,-1,-1,-1,100,-1,-1,-1,-1,-1,-1,-1,-1,-1,-1,-1,-1,-1,-1,1
6163,つくし　胞子茎　ゆで,-1,-1,-1,-1,-1,-1,-1,-1,-1,-1,-1,-1,-1,-1,-1,-1,-1,-1,-1,1
6164,つるな　茎葉　生,-1,-1,-1,-1,-1,-1,-1,-1,-1,-1,-1,-1,-1,-1,-1,-1,-1,-1,-1,1
6390,つるにんじん　根　生,-1,-1,-1,-1,-1,-1,-1,-1,-1,-1,-1,-1,-1,-1,-1,-1,-1,-1,-1,1
6165,つるむらさき　茎葉　生,-1,-1,-1,-1,-1,-1,-1,-1,-1,-1,-1,-1,-1,-1,-1,-1,150,-1,-1,1
6166,つるむらさき　茎葉　ゆで,-1,-1,-1,-1,-1,-1,-1,-1,-1,-1,-1,-1,-1,-1,-1,-1,-1,-1,-1,1
6167,つわぶき　葉柄　生,-1,-1,-1,-1,-1,-1,-1,-1,-1,-1,-1,-1,-1,-1,-1,-1,-1,-1,-1,1
6168,つわぶき　葉柄　ゆで,-1,-1,-1,-1,-1,-1,-1,-1,-1,-1,-1,-1,-1,-1,-1,-1,-1,-1,-1,1
6169,とうがらし　葉･果実　生,-1,-1,0.7,0.7,-1,-1,-1,-1,-1,-1,-1,-1,-1,-1,-1,-1,-1,-1,-1,1
6170,とうがらし　葉･果実　油いため,-1,-1,-1,-1,-1,-1,-1,-1,-1,-1,-1,-1,-1,-1,-1,-1,-1,-1,-1,1
6171,とうがらし　果実　生,-1,-1,0.7,0.7,-1,-1,-1,-1,-1,15,-1,-1,-1,-1,-1,-1,-1,-1,-1,1
6172,とうがらし　果実　乾,-1,-1,0.4,0.4,-1,-1,1,5,-1,15,-1,-1,-1,-1,-1,-1,-1,-1,-1,1
6173,とうがん　果実　生,-1,-1,-1,3000,-1,1500,-1,-1,-1,-1,-1,-1,-1,-1,-1,-1,-1,-1,-1,1
6174,とうがん　果実　ゆで,-1,-1,-1,-1,-1,-1,-1,-1,-1,-1,-1,-1,-1,-1,-1,-1,-1,-1,-1,1
6175,（とうもろこし類）　スイートコーン　未熟種子　生,-1,-1,260,350,-1,130,-1,6,-1,17,-1,-1,-1,120,-1,-1,-1,-1,-1,1
6176,（とうもろこし類）　スイートコーン　未熟種子　ゆで,-1,-1,260,-1,-1,130,-1,6,-1,17,-1,-1,-1,-1,-1,-1,-1,-1,-1,1
6339,（とうもろこし類）　スイートコーン　未熟種子　電子レンジ調理,-1,-1,260,-1,-1,130,-1,6,-1,17,-1,-1,-1,-1,-1,-1,-1,-1,-1,1
6177,（とうもろこし類）　スイートコーン　未熟種子　穂軸つき　冷凍,-1,-1,260,-1,-1,130,-1,6,-1,17,-1,-1,-1,-1,-1,-1,-1,-1,-1,1
6178,（とうもろこし類）　スイートコーン　未熟種子　カーネル　冷凍,-1,-1,-1,-1,-1,-1,-1,6,-1,17,-1,500,-1,-1,-1,-1,-1,-1,-1,1
6378,（とうもろこし類）　スイートコーン　未熟種子　カーネル　冷凍　ゆで,-1,-1,-1,-1,-1,-1,-1,6,-1,17,-1,-1,-1,-1,-1,-1,-1,-1,-1,1
6379,（とうもろこし類）　スイートコーン　未熟種子　カーネル　冷凍　油いため,-1,-1,-1,-1,-1,-1,-1,6,-1,17,-1,-1,-1,-1,-1,-1,-1,-1,-1,1
6179,（とうもろこし類）　スイートコーン　缶詰　クリームスタイル,-1,-1,-1,-1,-1,-1,-1,6,-1,17,-1,-1,-1,100,-1,-1,-1,-1,-1,1
6180,（とうもろこし類）　スイートコーン　缶詰　ホールカーネルスタイル,-1,-1,-1,-1,-1,-1,-1,6,-1,17,-1,-1,-1,100,-1,-1,-1,-1,-1,1
6181,（とうもろこし類）　ヤングコーン　幼雌穂　生,-1,-1,10,10,-1,-1,-1,-1,-1,-1,-1,100,-1,-1,-1,-1,-1,-1,-1,1
6182,（トマト類）　赤色トマト　果実　生,-1,30,-1,150,-1,-1,-1,-1,-1,-1,-1,-1,-1,400,1,-1,-1,-1,-1,1
6183,（トマト類）　赤色ミニトマト　果実　生,-1,-1,-1,10,-1,-1,-1,-1,-1,-1,-1,150,-1,-1,-1,-1,-1,-1,-1,1
6391,（トマト類）　黄色トマト　果実　生,-1,-1,-1,-1,-1,-1,-1,-1,-1,-1,-1,-1,-1,-1,-1,-1,-1,-1,-1,1
6370,（トマト類）　ドライトマト,-1,-1,-1,-1,-1,-1,-1,-1,-1,-1,-1,200,-1,-1,-1,-1,-1,-1,-1,1
6184,（トマト類）　加工品　ホール　食塩無添加,-1,-1,-1,-1,-1,-1,-1,-1,-1,15,-1,-1,-1,400,1,-1,-1,-1,-1,1
6185,（トマト類）　加工品　トマトジュース　食塩添加,-1,-1,-1,200,200,100,-1,5,-1,15,-1,-1,-1,200,-1,-1,-1,-1,-1,1
6340,（トマト類）　加工品　トマトジュース　食塩無添加,-1,-1,-1,-1,-1,-1,-1,-1,-1,-1,-1,-1,-1,185,-1,-1,-1,-1,-1,1
6186,（トマト類）　加工品　ミックスジュース　食塩添加,-1,-1,-1,-1,-1,-1,-1,-1,-1,-1,-1,-1,-1,-1,-1,-1,-1,-1,-1,1
6341,（トマト類）　加工品　ミックスジュース　食塩無添加,-1,-1,-1,-1,-1,-1,-1,-1,-1,-1,-1,-1,-1,-1,-1,-1,-1,-1,-1,1
6187,トレビス　葉　生,-1,-1,-1,-1,-1,-1,-1,-1,-1,-1,-1,-1,-1,-1,-1,-1,-1,-1,-1,1
6188,とんぶり　ゆで,-1,-1,-1,-1,-1,-1,-1,-1,-1,-1,-1,-1,-1,-1,-1,-1,-1,-1,-1,1
6189,ながさきはくさい　葉　生,-1,-1,-1,-1,-1,-1,-1,-1,-1,-1,-1,-1,-1,-1,-1,-1,-1,-1,-1,1
6190,ながさきはくさい　葉　ゆで,-1,-1,-1,-1,-1,-1,-1,-1,-1,-1,-1,-1,-1,-1,-1,-1,-1,-1,-1,1
6191,（なす類）　なす　果実　生,-1,-1,100,80,-1,40,-1,-1,-1,-1,-1,-1,-1,-1,-1,-1,-1,-1,-1,1
6192,（なす類）　なす　果実　ゆで,-1,-1,-1,-1,-1,-1,-1,-1,-1,-1,-1,-1,-1,-1,-1,-1,-1,-1,-1,1
6342,（なす類）　なす　果実　油いため,-1,-1,-1,-1,-1,-1,-1,-1,-1,-1,-1,-1,-1,-1,-1,-1,-1,-1,-1,1
6343,（なす類）　なす　果実　天ぷら,-1,-1,-1,-1,-1,-1,-1,-1,-1,-1,-1,-1,-1,-1,-1,-1,-1,-1,-1,1
6193,（なす類）　べいなす　果実　生,-1,-1,-1,-1,-1,-1,-1,-1,-1,-1,-1,-1,-1,-1,-1,5,-1,-1,-1,1
6194,（なす類）　べいなす　果実　素揚げ,-1,-1,-1,-1,-1,-1,-1,-1,-1,-1,-1,-1,-1,-1,-1,-1,-1,-1,-1,1
6195,（なす類）　漬物　塩漬,-1,-1,-1,-1,-1,-1,-1,-1,-1,-1,-1,-1,-1,-1,-1,-1,-1,-1,-1,1
6196,（なす類）　漬物　ぬかみそ漬,-1,-1,-1,-1,-1,-1,-1,-1,-1,-1,-1,-1,-1,-1,-1,-1,-1,-1,-1,1
6197,（なす類）　漬物　こうじ漬,-1,-1,-1,-1,-1,-1,-1,-1,-1,-1,-1,-1,-1,-1,-1,-1,-1,-1,-1,1
6198,（なす類）　漬物　からし漬,-1,-1,-1,-1,-1,-1,-1,-1,-1,-1,-1,-1,-1,-1,-1,-1,-1,-1,-1,1
6199,（なす類）　漬物　しば漬,-1,-1,-1,-1,-1,-1,-1,-1,-1,-1,-1,-1,-1,-1,-1,-1,-1,-1,-1,1
6200,なずな　葉　生,-1,-1,-1,-1,-1,-1,-1,-1,-1,-1,-1,-1,-1,-1,-1,-1,-1,-1,-1,1
6201,（なばな類）　和種なばな　花らい・茎　生,-1,-1,5,200,-1,-1,-1,-1,-1,-1,-1,-1,-1,-1,-1,-1,200,-1,-1,1
6202,（なばな類）　和種なばな　花らい・茎　ゆで,-1,-1,-1,-1,-1,-1,-1,-1,-1,-1,-1,-1,-1,-1,-1,-1,-1,-1,-1,1
6203,（なばな類）　洋種なばな　茎葉　生,-1,-1,-1,-1,-1,-1,-1,-1,-1,-1,-1,-1,-1,-1,-1,-1,-1,-1,-1,1
6204,（なばな類）　洋種なばな　茎葉　ゆで,-1,-1,-1,-1,-1,-1,-1,-1,-1,-1,-1,-1,-1,-1,-1,-1,-1,-1,-1,1
6205,にがうり　果実　生,-1,-1,250,250,-1,125,-1,-1,-1,-1,-1,-1,-1,-1,-1,-1,-1,-1,-1,1
6206,にがうり　果実　油いため,-1,-1,-1,-1,-1,-1,-1,-1,-1,-1,-1,-1,-1,-1,-1,-1,-1,-1,-1,1
6207,（にら類）　にら　葉　生,-1,-1,5,106,-1,-1,-1,-1,-1,-1,-1,100,-1,-1,-1,2,200,-1,-1,1
6208,（にら類）　にら　葉　ゆで,-1,-1,-1,-1,-1,-1,-1,-1,-1,-1,-1,-1,-1,-1,-1,-1,-1,-1,-1,1
6344,（にら類）　にら　葉　油いため,-1,-1,-1,-1,-1,-1,-1,-1,-1,-1,-1,-1,-1,-1,-1,-1,-1,-1,-1,1
6209,（にら類）　花にら　花茎・花らい　生,-1,-1,-1,-1,-1,-1,-1,-1,-1,-1,-1,-1,-1,-1,-1,-1,-1,-1,-1,1
6210,（にら類）　黄にら　葉　生,-1,-1,-1,-1,-1,-1,-1,-1,-1,-1,-1,-1,-1,-1,-1,-1,-1,-1,-1,1
6211,（にんじん類）　葉にんじん　葉　生,-1,-1,-1,-1,-1,-1,-1,-1,-1,-1,-1,-1,-1,-1,-1,-1,-1,-1,-1,1
6212,（にんじん類）　にんじん　根　皮つき　生,150,-1,150,150,-1,-1,-1,100,150,180,-1,-1,-1,-1,-1,10,-1,-1,-1,1
6213,（にんじん類）　にんじん　根　皮つき　ゆで,-1,-1,-1,-1,-1,-1,-1,-1,-1,-1,-1,-1,-1,-1,-1,-1,-1,-1,-1,1
6214,（にんじん類）　にんじん　根　皮なし　生,150,-1,150,150,-1,-1,5,100,150,180,-1,200,-1,-1,-1,10,-1,-1,-1,1
6215,（にんじん類）　にんじん　根　皮なし　ゆで,-1,-1,-1,-1,-1,-1,-1,-1,-1,-1,-1,-1,-1,-1,-1,-1,-1,-1,-1,1
6345,（にんじん類）　にんじん　根　皮なし　油いため,-1,-1,-1,-1,-1,-1,-1,-1,-1,-1,-1,-1,-1,-1,-1,-1,-1,-1,-1,1
6346,（にんじん類）　にんじん　根　皮なし　素揚げ,-1,-1,-1,-1,-1,-1,-1,-1,-1,-1,-1,-1,-1,-1,-1,-1,-1,-1,-1,1
6407,（にんじん類）　にんじん　根　皮なし　カット　常法洗浄,-1,-1,-1,-1,-1,-1,-1,-1,-1,-1,-1,-1,-1,-1,-1,-1,-1,-1,-1,1
6408,（にんじん類）　にんじん　根　皮なし　カット　次亜塩素酸洗浄,-1,-1,-1,-1,-1,-1,-1,-1,-1,-1,-1,-1,-1,-1,-1,-1,-1,-1,-1,1
6347,（にんじん類）　にんじん　根　皮　生,-1,-1,-1,-1,-1,-1,-1,-1,-1,-1,-1,-1,-1,-1,-1,-1,-1,-1,-1,1
6216,（にんじん類）　にんじん　根　冷凍,-1,-1,-1,-1,-1,-1,-1,-1,-1,-1,-1,-1,-1,-1,-1,-1,-1,-1,-1,1
6380,（にんじん類）　にんじん　根　冷凍　ゆで,-1,-1,-1,-1,-1,-1,-1,-1,-1,-1,-1,-1,-1,-1,-1,-1,-1,-1,-1,1
6381,（にんじん類）　にんじん　根　冷凍　油いため,-1,-1,-1,-1,-1,-1,-1,-1,-1,-1,-1,-1,-1,-1,-1,-1,-1,-1,-1,1
6348,（にんじん類）　にんじん　グラッセ,-1,-1,-1,-1,-1,-1,-1,-1,-1,-1,-1,-1,-1,-1,-1,-1,-1,-1,-1,1
6217,（にんじん類）　にんじん　ジュース　缶詰,-1,-1,-1,-1,-1,-1,-1,-1,-1,-1,-1,-1,-1,-1,-1,-1,-1,-1,-1,1
6218,（にんじん類）　きんとき　根　皮つき　生,-1,-1,-1,-1,-1,-1,-1,-1,-1,-1,-1,-1,-1,-1,-1,-1,-1,-1,-1,1
6219,（にんじん類）　きんとき　根　皮つき　ゆで,-1,-1,-1,-1,-1,-1,-1,-1,-1,-1,-1,-1,-1,-1,-1,-1,-1,-1,-1,1
6220,（にんじん類）　きんとき　根　皮なし　生,-1,-1,-1,-1,-1,-1,-1,-1,-1,-1,-1,-1,-1,-1,-1,-1,-1,-1,-1,1
6221,（にんじん類）　きんとき　根　皮なし　ゆで,-1,-1,-1,-1,-1,-1,-1,-1,-1,-1,-1,-1,-1,-1,-1,-1,-1,-1,-1,1
6409,（にんじん類）　島にんじん　根　皮なし　生,-1,-1,-1,-1,-1,-1,-1,-1,-1,-1,-1,-1,-1,-1,-1,-1,-1,-1,-1,1
6222,（にんじん類）　ミニキャロット　根　生,-1,-1,-1,-1,-1,-1,-1,-1,-1,-1,-1,-1,-1,-1,-1,-1,-1,-1,-1,1
6223,（にんにく類）　にんにく　りん茎　生,-1,-1,-1,15,-1,-1,1.2,5,-1,13,-1,-1,-1,-1,-1,0.45,80,-1,-1,1
6349,（にんにく類）　にんにく　りん茎　油いため,-1,-1,-1,-1,-1,-1,-1,-1,-1,15,-1,-1,-1,-1,-1,-1,80,-1,-1,1
6224,（にんにく類）　茎にんにく　花茎　生,-1,-1,5,80,-1,-1,-1,-1,-1,-1,-1,-1,-1,-1,-1,-1,80,-1,-1,1
6225,（にんにく類）　茎にんにく　花茎　ゆで,-1,-1,-1,-1,-1,-1,-1,-1,-1,-1,-1,-1,-1,-1,-1,-1,80,-1,-1,1
6226,（ねぎ類）　根深ねぎ　葉　軟白　生,100,-1,100,50,100,-1,10,2.5,-1,15,-1,100,-1,-1,-1,3,100,-1,-1,1
6350,（ねぎ類）　根深ねぎ　葉　軟白　ゆで,-1,-1,-1,-1,-1,-1,-1,-1,-1,-1,-1,-1,-1,-1,-1,-1,-1,-1,-1,1
6351,（ねぎ類）　根深ねぎ　葉　軟白　油いため,-1,-1,-1,-1,-1,-1,-1,-1,-1,-1,-1,-1,-1,-1,-1,-1,-1,-1,-1,1
6227,（ねぎ類）　葉ねぎ　葉　生,-1,-1,5,100,-1,-1,1,-1,-1,-1,-1,-1,-1,-1,-1,-1,200,-1,-1,1
6352,（ねぎ類）　葉ねぎ　葉　油いため,-1,-1,-1,-1,-1,-1,-1,-1,-1,-1,-1,-1,-1,-1,-1,-1,-1,-1,-1,1
6410,（ねぎ類）　九条ねぎ　葉　生,-1,-1,-1,-1,-1,-1,-1,-1,-1,-1,-1,-1,-1,-1,-1,-1,-1,-1,-1,1
6228,（ねぎ類）　こねぎ　葉　生,-1,-1,3,3,100,-1,2,-1,-1,10,-1,-1,100,-1,-1,1.2,150,-1,-1,1
6411,（ねぎ類）　めねぎ　葉　生,-1,-1,-1,-1,-1,-1,-1,-1,-1,-1,-1,-1,-1,-1,-1,-1,-1,-1,-1,1
6229,のざわな　葉　生,-1,-1,-1,150,-1,-1,-1,-1,-1,-1,-1,-1,-1,-1,-1,-1,-1,-1,-1,1
6230,のざわな　漬物　塩漬,-1,-1,-1,-1,-1,-1,-1,-1,-1,-1,-1,-1,-1,-1,-1,-1,-1,-1,-1,1
6231,のざわな　漬物　調味漬,-1,-1,-1,-1,-1,-1,-1,-1,-1,-1,-1,-1,-1,-1,-1,-1,-1,-1,-1,1
6232,のびる　りん茎葉　生,-1,-1,-1,-1,-1,-1,-1,-1,-1,-1,-1,-1,-1,-1,-1,-1,-1,-1,-1,1
6233,はくさい　結球葉　生,2500,70,1200,1200,-1,600,-1,600,900,1400,-1,-1,-1,-1,-1,-1,2750,-1,-1,1
6234,はくさい　結球葉　ゆで,-1,-1,-1,-1,-1,-1,-1,-1,-1,-1,-1,-1,-1,-1,-1,-1,-1,-1,-1,1
6235,はくさい　漬物　塩漬,-1,-1,-1,-1,-1,-1,-1,-1,-1,-1,-1,-1,-1,-1,-1,-1,-1,-1,-1,1
6236,はくさい　漬物　キムチ,-1,-1,-1,-1,200,-1,-1,-1,-1,15,-1,200,-1,-1,-1,-1,-1,-1,-1,1
6237,パクチョイ　葉　生,-1,-1,-1,-1,-1,-1,1,-1,-1,-1,-1,-1,-1,-1,-1,-1,-1,-1,-1,1
6238,バジル　葉　生,-1,0.5,-1,30,-1,-1,1,-1,-1,-1,-1,100,-1,-1,-1,-1,-1,-1,-1,1
6239,パセリ　葉　生,-1,0.5,120,120,-1,-1,1,3,-1,2,-1,2.5,-1,-1,-1,-1,30,-1,-1,1
6240,はつかだいこん　根　生,-1,-1,-1,25,-1,-1,-1,-1,-1,-1,-1,-1,-1,-1,-1,-1,-1,-1,-1,1
6392,はなっこりー　生,-1,-1,-1,-1,-1,-1,-1,-1,-1,-1,-1,-1,-1,-1,-1,-1,-1,-1,-1,1
6241,はやとうり　果実　白色種　生,-1,-1,-1,300,-1,-1,-1,-1,-1,-1,-1,-1,-1,-1,-1,-1,-1,-1,-1,1
6242,はやとうり　果実　白色種　塩漬,-1,-1,-1,-1,-1,-1,-1,-1,-1,-1,-1,-1,-1,-1,-1,-1,-1,-1,-1,1
6353,はやとうり　果実　緑色種　生,-1,-1,-1,-1,-1,-1,-1,-1,-1,-1,-1,-1,-1,-1,-1,-1,-1,-1,-1,1
6243,ビーツ　根　生,-1,-1,-1,-1,-1,-1,-1,-1,-1,-1,-1,-1,-1,-1,-1,-1,-1,-1,-1,1
6244,ビーツ　根　ゆで,-1,-1,-1,-1,-1,-1,-1,-1,-1,-1,-1,-1,-1,-1,-1,-1,-1,-1,-1,1
6245,（ピーマン類）　青ピーマン　果実　生,35,-1,-1,40,100,-1,-1,-1,-1,-1,-1,150,-1,-1,-1,-1,-1,-1,-1,1
6246,（ピーマン類）　青ピーマン　果実　油いため,-1,-1,-1,-1,-1,-1,-1,-1,-1,-1,-1,-1,-1,-1,-1,-1,-1,-1,-1,1
6247,（ピーマン類）　赤ピーマン　果実　生,150,-1,-1,40,-1,20,10,-1,-1,-1,-1,150,-1,-1,-1,-1,-1,-1,-1,1
6248,（ピーマン類）　赤ピーマン　果実　油いため,-1,-1,-1,-1,-1,-1,-1,-1,-1,-1,-1,-1,-1,-1,-1,-1,-1,-1,-1,1
6393,（ピーマン類）　オレンジピーマン　果実　生,-1,-1,-1,-1,-1,-1,-1,-1,-1,-1,-1,150,-1,-1,-1,-1,-1,-1,-1,1
6394,（ピーマン類）　オレンジピーマン　果実　油いため,-1,-1,-1,-1,-1,-1,-1,-1,-1,-1,-1,-1,-1,-1,-1,-1,-1,-1,-1,1
6249,（ピーマン類）　黄ピーマン　果実　生,150,-1,-1,40,-1,20,-1,-1,-1,-1,-1,150,-1,-1,-1,-1,-1,-1,-1,1
6250,（ピーマン類）　黄ピーマン　果実　油いため,-1,-1,-1,-1,-1,-1,-1,-1,-1,-1,-1,-1,-1,-1,-1,-1,-1,-1,-1,1
6251,（ピーマン類）　トマピー　果実　生,-1,-1,-1,-1,-1,-1,-1,-1,-1,-1,-1,-1,-1,-1,-1,-1,-1,-1,-1,1
6252,ひのな　根・茎葉　生,-1,-1,-1,-1,-1,-1,-1,-1,-1,-1,-1,-1,-1,-1,-1,-1,-1,-1,-1,1
6253,ひのな　根・茎葉　甘酢漬,-1,-1,-1,-1,-1,-1,-1,-1,-1,-1,-1,-1,-1,-1,-1,-1,-1,-1,-1,1
6254,ひろしまな　葉　生,-1,-1,-1,-1,-1,-1,-1,-1,-1,-1,-1,-1,-1,-1,-1,-1,-1,-1,-1,1
6255,ひろしまな　塩漬,-1,-1,-1,-1,-1,-1,-1,-1,-1,-1,-1,-1,-1,-1,-1,-1,-1,-1,-1,1
6256,（ふき類）　ふき　葉柄　生,-1,-1,70,-1,-1,-1,-1,-1,-1,-1,-1,-1,-1,-1,-1,-1,500,-1,-1,1
6257,（ふき類）　ふき　葉柄　ゆで,-1,-1,70,-1,-1,-1,-1,-1,-1,-1,-1,-1,-1,-1,-1,-1,-1,-1,-1,1
6258,（ふき類）　ふきのとう　花序　生,-1,-1,-1,7,-1,3.5,-1,-1,-1,-1,-1,-1,-1,-1,-1,-1,-1,-1,-1,1
6259,（ふき類）　ふきのとう　花序　ゆで,-1,-1,-1,-1,-1,-1,-1,-1,-1,-1,-1,-1,-1,-1,-1,-1,-1,-1,-1,1
6260,ふじまめ　若ざや　生,-1,-1,-1,-1,-1,-1,-1,-1,-1,-1,-1,-1,-1,-1,-1,-1,-1,-1,-1,1
6261,ふだんそう　葉　生,-1,-1,-1,-1,-1,-1,-1,-1,-1,-1,-1,-1,-1,-1,-1,-1,-1,-1,-1,1
6262,ふだんそう　葉　ゆで,-1,-1,-1,-1,-1,-1,-1,-1,-1,-1,-1,-1,-1,-1,-1,-1,-1,-1,-1,1
6263,ブロッコリー　花序　生,-1,-1,-1,800,-1,400,-1,-1,-1,-1,-1,-1,-1,-1,-1,-1,175,-1,-1,1
6264,ブロッコリー　花序　ゆで,-1,-1,-1,15,-1,-1,-1,-1,-1,-1,-1,-1,-1,-1,-1,-1,-1,-1,-1,1
6395,ブロッコリー　花序　電子レンジ調理,-1,-1,-1,-1,-1,-1,-1,-1,-1,-1,-1,-1,-1,-1,-1,-1,-1,-1,-1,1
6396,ブロッコリー　花序　焼き,-1,-1,-1,-1,-1,-1,-1,-1,-1,-1,-1,-1,-1,-1,-1,-1,-1,-1,-1,1
6397,ブロッコリー　花序　油いため,-1,-1,-1,-1,-1,-1,-1,-1,-1,-1,-1,-1,-1,-1,-1,-1,-1,-1,-1,1
6354,ブロッコリー　芽ばえ　生,-1,-1,-1,800,-1,400,-1,-1,-1,-1,-1,-1,-1,-1,-1,-1,175,-1,-1,1
6265,へちま　果実　生,-1,-1,-1,-1,-1,-1,-1,-1,-1,-1,-1,-1,-1,-1,-1,-1,-1,-1,-1,1
6266,へちま　果実　ゆで,-1,-1,-1,-1,-1,-1,-1,-1,-1,-1,-1,-1,-1,-1,-1,-1,-1,-1,-1,1
6267,ほうれんそう　葉　通年平均　生,-1,-1,-1,40,-1,20,30,-1,-1,-1,-1,300,-1,-1,-1,-1,200,-1,-1,1
6268,ほうれんそう　葉　通年平均　ゆで,-1,-1,-1,-1,-1,-1,-1,-1,-1,-1,-1,-1,-1,-1,-1,-1,-1,-1,-1,1
6359,ほうれんそう　葉　通年平均　油いため,-1,-1,-1,-1,-1,-1,-1,-1,-1,-1,-1,-1,-1,-1,-1,-1,-1,-1,-1,1
6355,ほうれんそう　葉　夏採り　生,-1,-1,-1,-1,-1,-1,-1,-1,-1,-1,-1,-1,-1,-1,-1,-1,-1,-1,-1,1
6357,ほうれんそう　葉　夏採り　ゆで,-1,-1,-1,-1,-1,-1,-1,-1,-1,-1,-1,-1,-1,-1,-1,-1,-1,-1,-1,1
6356,ほうれんそう　葉　冬採り　生,-1,-1,-1,-1,-1,-1,-1,-1,-1,-1,-1,-1,-1,-1,-1,-1,-1,-1,-1,1
6358,ほうれんそう　葉　冬採り　ゆで,-1,-1,-1,-1,-1,-1,-1,-1,-1,-1,-1,-1,-1,-1,-1,-1,-1,-1,-1,1
6269,ほうれんそう　葉　冷凍,-1,-1,-1,40,-1,20,-1,-1,-1,-1,-1,200,-1,-1,-1,-1,-1,-1,-1,1
6372,ほうれんそう　葉　冷凍　ゆで,-1,-1,-1,-1,-1,-1,-1,-1,-1,-1,-1,-1,-1,-1,-1,-1,-1,-1,-1,1
6373,ほうれんそう　葉　冷凍　油いため,-1,-1,-1,-1,-1,-1,-1,-1,-1,-1,-1,-1,-1,-1,-1,-1,-1,-1,-1,1
6270,ホースラディシュ　根茎　生,-1,-1,-1,-1,-1,-1,-1,-1,-1,-1,-1,-1,-1,-1,-1,-1,-1,-1,-1,1
6271,まこも　茎　生,-1,-1,-1,-1,-1,-1,-1,-1,-1,-1,-1,-1,-1,-1,-1,-1,-1,-1,-1,1
6272,みずかけな　葉　生,-1,-1,-1,-1,-1,-1,-1,-1,-1,-1,-1,-1,-1,-1,-1,-1,-1,-1,-1,1
6273,みずかけな　塩漬,-1,-1,-1,-1,-1,-1,-1,-1,-1,-1,-1,-1,-1,-1,-1,-1,-1,-1,-1,1
6072,みずな　葉　生,-1,-1,-1,180,-1,90,-1,-1,-1,-1,-1,200,-1,-1,-1,-1,180,-1,-1,1
6073,みずな　葉　ゆで,-1,-1,-1,-1,-1,-1,-1,-1,-1,-1,-1,-1,-1,-1,-1,-1,-1,-1,-1,1
6074,みずな　塩漬,-1,-1,-1,-1,-1,-1,-1,-1,-1,-1,-1,-1,-1,-1,-1,-1,-1,-1,-1,1
6274,（みつば類）　切りみつば　葉　生,-1,-1,-1,-1,-1,-1,-1,-1,-1,-1,-1,-1,-1,-1,-1,-1,-1,-1,-1,1
6275,（みつば類）　切りみつば　葉　ゆで,-1,-1,-1,-1,-1,-1,-1,-1,-1,-1,-1,-1,-1,-1,-1,-1,-1,-1,-1,1
6276,（みつば類）　根みつば　葉　生,-1,-1,-1,-1,-1,-1,1,-1,-1,-1,-1,-1,40,-1,-1,-1,80,-1,-1,1
6277,（みつば類）　根みつば　葉　ゆで,-1,-1,-1,-1,-1,-1,-1,-1,-1,-1,-1,-1,-1,-1,-1,-1,-1,-1,-1,1
6278,（みつば類）　糸みつば　葉　生,-1,-1,-1,-1,-1,-1,-1,-1,-1,-1,-1,-1,-1,-1,-1,-1,30,-1,-1,1
6279,（みつば類）　糸みつば　葉　ゆで,-1,-1,-1,-1,-1,-1,-1,-1,-1,-1,-1,-1,-1,-1,-1,-1,-1,-1,-1,1
6360,みぶな　葉　生,-1,-1,-1,-1,-1,-1,-1,-1,-1,-1,-1,-1,-1,-1,-1,-1,-1,-1,-1,1
6280,（みょうが類）　みょうが　花穂　生,-1,-1,16,16,-1,-1,-1,-1,-1,-1,-1,50,-1,-1,-1,-1,-1,-1,-1,1
6281,（みょうが類）　みょうがたけ　茎葉　生,-1,-1,-1,-1,-1,-1,-1,-1,-1,-1,-1,-1,-1,-1,-1,-1,-1,-1,-1,1
6282,むかご　肉芽　生,-1,-1,-1,-1,-1,-1,-1,-1,-1,-1,-1,-1,-1,-1,-1,-1,-1,-1,-1,1
6283,めキャベツ　結球葉　生,-1,55,-1,1000,-1,500,-1,-1,-1,-1,-1,-1,-1,-1,-1,-1,-1,-1,-1,1
6284,めキャベツ　結球葉　ゆで,-1,-1,-1,-1,-1,-1,-1,-1,-1,-1,-1,-1,-1,-1,-1,-1,-1,-1,-1,1
6285,めたで　芽ばえ　生,-1,-1,-1,-1,-1,-1,-1,-1,-1,-1,-1,-1,-1,-1,-1,-1,-1,-1,-1,1
6286,（もやし類）　アルファルファもやし　生,-1,-1,-1,-1,-1,-1,-1,-1,-1,-1,-1,-1,-1,-1,-1,-1,-1,-1,-1,1
6287,（もやし類）　だいずもやし　生,-1,-1,-1,-1,-1,125,-1,-1,-1,-1,-1,250,-1,-1,-1,-1,-1,-1,-1,1
6288,（もやし類）　だいずもやし　ゆで,-1,-1,-1,-1,-1,-1,-1,-1,-1,-1,-1,-1,-1,-1,-1,-1,-1,-1,-1,1
6412,（もやし類）　だいずもやし　油いため,-1,-1,-1,-1,-1,-1,-1,-1,-1,-1,-1,-1,-1,-1,-1,-1,-1,-1,-1,1
6289,（もやし類）　ブラックマッペもやし　生,-1,-1,-1,-1,-1,-1,-1,-1,-1,-1,-1,-1,-1,-1,-1,-1,-1,-1,-1,1
6290,（もやし類）　ブラックマッペもやし　ゆで,-1,-1,-1,-1,-1,-1,-1,-1,-1,-1,-1,-1,-1,-1,-1,-1,-1,-1,-1,1
6398,（もやし類）　ブラックマッペもやし　油いため,-1,-1,-1,-1,-1,-1,-1,-1,-1,-1,-1,-1,-1,-1,-1,-1,-1,-1,-1,1
6291,（もやし類）　りょくとうもやし　生,250,-1,-1,-1,-1,125,-1,-1,-1,-1,50,250,-1,-1,-1,-1,-1,-1,-1,1
6292,（もやし類）　りょくとうもやし　ゆで,-1,-1,-1,-1,-1,-1,-1,-1,-1,-1,-1,-1,-1,-1,-1,-1,-1,-1,-1,1
6413,（もやし類）　りょくとうもやし　油いため,-1,-1,-1,-1,-1,-1,-1,-1,-1,-1,-1,-1,-1,-1,-1,-1,-1,-1,-1,1
6293,モロヘイヤ　茎葉　生,-1,-1,-1,-1,-1,-1,-1,-1,-1,-1,-1,-1,-1,-1,-1,-1,100,-1,-1,1
6294,モロヘイヤ　茎葉　ゆで,-1,-1,-1,-1,-1,-1,-1,-1,-1,-1,-1,-1,-1,-1,-1,-1,-1,-1,-1,1
6401,やぶまめ　生,-1,-1,-1,-1,-1,-1,-1,-1,-1,-1,-1,-1,-1,-1,-1,-1,-1,-1,-1,1
6295,やまごぼう　みそ漬,-1,-1,-1,-1,-1,-1,-1,-1,-1,-1,-1,-1,-1,-1,-1,-1,-1,-1,-1,1
6296,ゆりね　りん茎　生,-1,-1,86,86,-1,-1,-1,-1,-1,-1,-1,-1,-1,-1,-1,-1,-1,-1,-1,1
6297,ゆりね　りん茎　ゆで,-1,-1,86,86,-1,-1,-1,-1,-1,-1,-1,-1,-1,-1,-1,-1,-1,-1,-1,1
6298,ようさい　茎葉　生,-1,-1,-1,-1,-1,-1,-1,-1,-1,-1,-1,50,-1,-1,-1,-1,80,-1,-1,1
6299,ようさい　茎葉　ゆで,-1,-1,-1,-1,-1,-1,-1,-1,-1,-1,-1,-1,-1,-1,-1,-1,-1,-1,-1,1
6300,よめな　葉　生,-1,-1,-1,-1,-1,-1,-1,-1,-1,-1,-1,-1,-1,-1,-1,-1,-1,-1,-1,1
6301,よもぎ　葉　生,-1,-1,-1,-1,-1,-1,-1,-1,-1,-1,-1,-1,-1,-1,-1,-1,-1,-1,-1,1
6302,よもぎ　葉　ゆで,-1,-1,-1,-1,-1,-1,-1,-1,-1,-1,-1,-1,-1,-1,-1,-1,-1,-1,-1,1
6303,らっかせい　未熟豆　生,-1,-1,-1,-1,-1,-1,-1,-1,-1,-1,-1,-1,-1,-1,-1,-1,-1,-1,-1,1
6304,らっかせい　未熟豆　ゆで,-1,-1,-1,-1,-1,-1,-1,-1,-1,-1,-1,-1,-1,-1,-1,-1,-1,-1,-1,1
6305,（らっきょう類）　らっきょう　りん茎　生,-1,-1,-1,-1,-1,-1,-1,-1,-1,-1,-1,100,-1,-1,-1,-1,-1,-1,-1,1
6306,（らっきょう類）　らっきょう　甘酢漬,-1,-1,-1,6,-1,-1,-1,-1,-1,-1,-1,-1,-1,-1,-1,-1,-1,-1,-1,1
6307,（らっきょう類）　エシャレット　りん茎　生,-1,-1,-1,-1,-1,-1,-1,-1,-1,-1,-1,-1,-1,-1,-1,-1,-1,-1,-1,1
6308,リーキ　りん茎葉　生,-1,-1,-1,-1,-1,-1,-1,-1,-1,-1,-1,-1,-1,-1,-1,-1,-1,-1,-1,1
6309,リーキ　りん茎葉　ゆで,-1,-1,-1,-1,-1,-1,-1,-1,-1,-1,-1,-1,-1,-1,-1,-1,-1,-1,-1,1
6319,ルッコラ　葉　生,-1,3,-1,-1,-1,-1,-1,-1,-1,-1,-1,40,-1,-1,-1,-1,-1,-1,-1,1
6310,ルバーブ　葉柄　生,-1,-1,-1,-1,-1,-1,-1,-1,-1,-1,-1,-1,-1,-1,-1,-1,-1,-1,-1,1
6311,ルバーブ　葉柄　ゆで,-1,-1,-1,-1,-1,-1,-1,-1,-1,-1,-1,-1,-1,-1,-1,-1,-1,-1,-1,1
6312,（レタス類）　レタス　土耕栽培　結球葉　生,300,30,-1,450,-1,225,-1,-1,-1,-1,-1,-1,-1,-1,-1,-1,-1,-1,-1,1
6361,（レタス類）　レタス　水耕栽培　結球葉　生,-1,30,-1,-1,-1,-1,-1,-1,-1,-1,-1,-1,-1,-1,-1,-1,-1,-1,-1,1
6313,（レタス類）　サラダな　葉　生,-1,30,-1,-1,-1,-1,-1,-1,-1,-1,-1,-1,-1,-1,-1,-1,200,-1,-1,1
6314,（レタス類）　リーフレタス　葉　生,-1,30,-1,-1,-1,-1,-1,-1,-1,-1,-1,-1,-1,-1,-1,-1,-1,-1,-1,1
6315,（レタス類）　サニーレタス　葉　生,-1,30,-1,400,-1,200,-1,-1,-1,-1,-1,-1,-1,-1,-1,-1,-1,-1,-1,1
6362,（レタス類）　サンチュ　葉　生,-1,20,-1,-1,-1,-1,-1,-1,-1,-1,-1,-1,-1,-1,-1,-1,-1,-1,-1,1
6316,（レタス類）　コスレタス　葉　生,-1,30,-1,-1,-1,-1,-1,-1,-1,-1,-1,-1,-1,-1,-1,-1,-1,-1,-1,1
6317,れんこん　根茎　生,-1,-1,300,300,-1,150,-1,-1,-1,-1,-1,-1,-1,-1,-1,10,-1,-1,-1,1
6318,れんこん　根茎　ゆで,-1,-1,-1,-1,-1,-1,-1,-1,-1,-1,-1,-1,-1,-1,-1,-1,-1,-1,-1,1
6371,れんこん　甘酢れんこん,-1,-1,-1,-1,-1,-1,-1,-1,-1,-1,-1,-1,-1,-1,-1,-1,-1,-1,-1,1
6320,わけぎ　葉　生,-1,-1,3,-1,-1,-1,-1,-1,-1,-1,-1,-1,-1,-1,-1,-1,150,-1,-1,1
6321,わけぎ　葉　ゆで,-1,-1,-1,-1,-1,-1,-1,-1,-1,-1,-1,-1,-1,-1,-1,-1,-1,-1,-1,1
6322,わさび　根茎　生,-1,-1,-1,-1,-1,-1,-1,-1,-1,-1,-1,100,-1,-1,-1,3,-1,-1,-1,1
6323,わさび　わさび漬,-1,-1,-1,-1,-1,-1,-1,-1,-1,-1,-1,-1,-1,-1,-1,-1,-1,-1,-1,1
6324,わらび　生わらび　生,-1,-1,-1,-1,-1,-1,-1,-1,-1,-1,-1,-1,-1,-1,-1,-1,-1,-1,-1,1
6325,わらび　生わらび　ゆで,-1,-1,-1,-1,-1,-1,-1,-1,-1,-1,-1,-1,-1,-1,-1,-1,-1,-1,-1,1
6326,わらび　干しわらび　乾,-1,-1,-1,-1,-1,-1,-1,-1,-1,-1,-1,-1,-1,-1,-1,-1,-1,-1,-1,1
6382,（その他）　ミックスベジタブル　冷凍,-1,-1,-1,-1,110,-1,15,-1,-1,-1,50,350,-1,-1,-1,-1,-1,-1,-1,1
6383,（その他）　ミックスベジタブル　冷凍　ゆで,-1,-1,-1,-1,-1,-1,-1,-1,-1,-1,-1,-1,-1,-1,-1,-1,-1,-1,-1,1
6384,（その他）　ミックスベジタブル　冷凍　油いため,-1,-1,-1,-1,-1,-1,-1,-1,-1,-1,-1,-1,-1,-1,-1,-1,-1,-1,-1,1
6399,（その他）　野菜ミックスジュース　通常タイプ,-1,-1,-1,-1,180,100,-1,5,10,15,-1,-1,-1,185,1,-1,-1,-1,-1,1
6400,（その他）　野菜ミックスジュース　濃縮タイプ,-1,-1,-1,-1,180,100,-1,5,10,15,-1,-1,-1,185,1,-1,-1,-1,-1,1
7001,あけび　果肉　生,-1,-1,-1,-1,-1,-1,-1,-1,-1,-1,-1,-1,-1,-1,-1,-1,-1,-1,-1,1
7002,あけび　果皮　生,-1,-1,-1,-1,-1,-1,-1,-1,-1,-1,-1,-1,-1,-1,-1,-1,-1,-1,-1,1
7181,アサイー　冷凍　無糖,-1,-1,-1,-1,-1,-1,-1,-1,-1,-1,-1,-1,-1,-1,-1,-1,-1,-1,-1,1
7003,アセロラ　酸味種　生,-1,-1,-1,-1,-1,-1,-1,-1,-1,-1,-1,-1,-1,-1,-1,-1,-1,-1,-1,1
7159,アセロラ　甘味種　生,-1,-1,-1,-1,-1,-1,-1,-1,-1,-1,-1,-1,-1,-1,-1,-1,-1,-1,-1,1
7004,アセロラ　果実飲料　10%果汁入り飲料,-1,-1,-1,-1,-1,-1,-1,-1,-1,-1,-1,-1,-1,-1,-1,-1,-1,-1,-1,1
7005,アテモヤ　生,-1,-1,-1,-1,-1,-1,-1,-1,-1,-1,-1,-1,-1,-1,-1,-1,-1,-1,-1,1
7006,アボカド　生,150,-1,-1,150,-1,125,-1,-1,-1,-1,-1,-1,-1,-1,-1,-1,-1,-1,-1,1
7007,あんず　生,-1,-1,-1,-1,-1,-1,-1,-1,-1,-1,-1,-1,-1,-1,-1,-1,-1,-1,-1,1
7008,あんず　乾,-1,-1,-1,-1,-1,-1,-1,-1,-1,-1,-1,-1,-1,-1,-1,-1,-1,-1,-1,1
7009,あんず　缶詰,-1,-1,-1,-1,-1,-1,-1,-1,-1,-1,-1,-1,-1,-1,-1,-1,-1,-1,-1,1
7010,あんず　ジャム　高糖度,-1,-1,-1,-1,-1,-1,-1,-1,-1,-1,-1,-1,150,-1,-1,-1,-1,-1,-1,1
7011,あんず　ジャム　低糖度,-1,-1,-1,-1,-1,-1,-1,-1,-1,-1,-1,-1,-1,-1,-1,-1,-1,-1,-1,1
7012,いちご　生,-1,-1,15,15,-1,-1,-1,-1,-1,-1,-1,250,250,-1,-1,-1,-1,-1,-1,1
7013,いちご　ジャム　高糖度,-1,-1,-1,-1,-1,-1,-1,-1,-1,-1,-1,-1,150,-1,-1,-1,-1,-1,-1,1
7014,いちご　ジャム　低糖度,-1,-1,-1,-1,-1,-1,-1,-1,-1,15,-1,-1,150,-1,-1,-1,-1,-1,-1,1
7160,いちご　乾,-1,-1,-1,-1,-1,-1,-1,-1,-1,-1,-1,-1,-1,-1,-1,-1,-1,-1,-1,1
7015,いちじく　生,-1,-1,-1,60,-1,-1,-1,-1,-1,-1,-1,-1,-1,-1,-1,-1,-1,-1,-1,1
7016,いちじく　乾,-1,-1,-1,-1,-1,-1,-1,-1,-1,-1,-1,-1,-1,-1,-1,-1,-1,-1,-1,1
7017,いちじく　缶詰,-1,-1,-1,-1,-1,-1,-1,-1,-1,-1,-1,-1,-1,-1,-1,-1,-1,-1,-1,1
7019,うめ　生,-1,-1,-1,20,-1,10,-1,5,-1,16,-1,-1,-1,-1,-1,-1,-1,-1,-1,1
7020,うめ　梅漬　塩漬,-1,-1,-1,20,-1,10,-1,5,-1,16,-1,-1,-1,-1,-1,-1,-1,-1,-1,1
7021,うめ　梅漬　調味漬,-1,-1,-1,20,-1,10,-1,5,-1,16,-1,-1,-1,-1,-1,-1,-1,-1,-1,1
7022,うめ　梅干し　塩漬,-1,-1,-1,10,-1,-1,-1,5,-1,16,-1,-1,-1,-1,-1,-1,-1,-1,-1,1
7023,うめ　梅干し　調味漬,-1,-1,-1,20,-1,10,-1,5,-1,16,-1,-1,-1,-1,-1,-1,-1,-1,-1,1
7024,うめ　梅びしお,-1,-1,-1,-1,-1,-1,-1,-1,-1,-1,-1,-1,-1,-1,-1,-1,-1,-1,-1,1
7025,うめ　果実飲料　20%果汁入り飲料,-1,-1,-1,-1,-1,-1,-1,-1,-1,-1,-1,-1,-1,-1,-1,-1,-1,-1,-1,1
7037,オリーブ　塩漬　グリーンオリーブ,-1,-1,-1,1,-1,-1,-1,4,-1,12,-1,-1,-1,-1,-1,-1,-1,-1,-1,1
7038,オリーブ　塩漬　ブラックオリーブ,-1,-1,-1,-1,100,-1,-1,4,-1,12,-1,-1,-1,-1,-1,-1,-1,-1,-1,1
7039,オリーブ　塩漬　スタッフドオリーブ,-1,-1,-1,-1,-1,-1,-1,-1,-1,-1,-1,-1,-1,-1,-1,-1,-1,-1,-1,1
7049,かき　甘がき　生,-1,-1,-1,240,-1,-1,-1,-1,-1,-1,-1,-1,-1,-1,-1,-1,-1,-1,-1,1
7050,かき　渋抜きがき　生,-1,-1,-1,-1,-1,-1,-1,-1,-1,-1,-1,-1,-1,-1,-1,-1,-1,-1,-1,1
7051,かき　干しがき,-1,-1,-1,-1,-1,-1,-1,-1,-1,-1,-1,-1,-1,-1,-1,-1,-1,-1,-1,1
7053,かりん　生,-1,-1,-1,-1,-1,-1,-1,-1,-1,-1,-1,-1,-1,-1,-1,-1,-1,-1,-1,1
7018,（かんきつ類）　いよかん　砂じょう　生,-1,-1,-1,-1,-1,-1,-1,-1,-1,-1,-1,-1,-1,-1,-1,-1,-1,-1,-1,1
7026,（かんきつ類）　うんしゅうみかん　じょうのう　早生　生,-1,-1,-1,-1,-1,-1,-1,-1,-1,-1,-1,-1,-1,-1,-1,-1,-1,-1,-1,1
7027,（かんきつ類）　うんしゅうみかん　じょうのう　普通　生,-1,-1,-1,-1,-1,-1,-1,-1,-1,-1,-1,-1,-1,-1,-1,-1,-1,-1,-1,1
7028,（かんきつ類）　うんしゅうみかん　砂じょう　早生　生,-1,-1,-1,-1,-1,-1,-1,-1,-1,-1,-1,-1,-1,-1,-1,-1,-1,-1,-1,1
7029,（かんきつ類）　うんしゅうみかん　砂じょう　普通　生,-1,-1,-1,100,-1,-1,-1,-1,-1,-1,-1,-1,-1,-1,-1,-1,-1,-1,-1,1
7030,（かんきつ類）　うんしゅうみかん　果実飲料　ストレートジュース,-1,-1,-1,-1,-1,-1,-1,-1,-1,-1,-1,-1,-1,-1,-1,-1,-1,-1,-1,1
7031,（かんきつ類）　うんしゅうみかん　果実飲料　濃縮還元ジュース,-1,-1,-1,-1,-1,-1,-1,-1,-1,15,-1,-1,-1,-1,-1,-1,-1,-1,-1,1
7032,（かんきつ類）　うんしゅうみかん　果実飲料　果粒入りジュース,-1,-1,-1,-1,-1,-1,-1,-1,-1,-1,-1,-1,-1,-1,-1,-1,-1,-1,-1,1
7033,（かんきつ類）　うんしゅうみかん　果実飲料　50%果汁入り飲料,-1,-1,-1,-1,-1,-1,-1,-1,-1,-1,-1,-1,-1,-1,-1,-1,-1,-1,-1,1
7034,（かんきつ類）　うんしゅうみかん　果実飲料　20%果汁入り飲料,-1,-1,-1,-1,-1,-1,-1,-1,-1,-1,-1,-1,-1,-1,1,-1,-1,-1,-1,1
7035,（かんきつ類）　うんしゅうみかん　缶詰　果肉,-1,-1,-1,280,-1,-1,-1,-1,-1,-1,-1,-1,-1,280,-1,-1,-1,-1,-1,1
7036,（かんきつ類）　うんしゅうみかん　缶詰　液汁,-1,-1,-1,-1,-1,-1,-1,-1,-1,-1,-1,-1,-1,-1,-1,-1,-1,-1,-1,1
7040,（かんきつ類）　オレンジ　ネーブル　砂じょう　生,-1,-1,-1,160,-1,-1,-1,-1,-1,-1,-1,-1,-1,-1,-1,-1,-1,-1,-1,1
7041,（かんきつ類）　オレンジ　バレンシア　米国産　砂じょう　生,-1,-1,-1,160,-1,-1,-1,-1,-1,-1,-1,-1,-1,-1,-1,-1,-1,-1,-1,1
7042,（かんきつ類）　オレンジ　バレンシア　果実飲料　ストレートジュース,-1,-1,-1,-1,-1,-1,-1,-1,-1,-1,-1,-1,-1,-1,-1,-1,-1,-1,-1,1
7043,（かんきつ類）　オレンジ　バレンシア　果実飲料　濃縮還元ジュース,-1,-1,-1,-1,-1,-1,-1,-1,-1,-1,-1,-1,-1,-1,1,-1,-1,-1,-1,1
7044,（かんきつ類）　オレンジ　バレンシア　果実飲料　50%果汁入り飲料,-1,-1,-1,-1,150,-1,-1,-1,-1,-1,-1,-1,-1,185,-1,-1,-1,-1,-1,1
7045,（かんきつ類）　オレンジ　バレンシア　果実飲料　30%果汁入り飲料,-1,-1,-1,-1,-1,-1,-1,-1,-1,-1,-1,-1,-1,-1,-1,-1,-1,-1,-1,1
7046,（かんきつ類）　オレンジ　バレンシア　マーマレード　高糖度,-1,-1,-1,-1,250,-1,-1,-1,-1,15,-1,-1,150,-1,-1,-1,-1,-1,-1,1
7047,（かんきつ類）　オレンジ　バレンシア　マーマレード　低糖度,-1,-1,-1,-1,-1,-1,-1,-1,-1,-1,-1,-1,150,-1,-1,-1,-1,-1,-1,1
7161,（かんきつ類）　オレンジ　福原オレンジ　砂じょう　生,-1,-1,-1,-1,-1,-1,-1,-1,-1,-1,-1,-1,-1,-1,-1,-1,-1,-1,-1,1
7048,（かんきつ類）　オロブランコ　砂じょう　生,-1,-1,-1,-1,-1,-1,-1,-1,-1,-1,-1,-1,-1,-1,-1,-1,-1,-1,-1,1
7052,（かんきつ類）　かぼす　果汁　生,-1,-1,-1,30,-1,-1,-1,-1,-1,15,-1,-1,-1,-1,-1,-1,-1,-1,-1,1
7162,（かんきつ類）　かわちばんかん　砂じょう　生,-1,-1,-1,-1,-1,-1,-1,-1,-1,-1,-1,-1,-1,-1,-1,-1,-1,-1,-1,1
7163,（かんきつ類）　きよみ　砂じょう　生,-1,-1,-1,-1,-1,-1,-1,-1,-1,-1,-1,-1,-1,-1,-1,-1,-1,-1,-1,1
7056,（かんきつ類）　きんかん　全果　生,-1,-1,-1,-1,-1,-1,-1,-1,-1,-1,-1,-1,-1,-1,-1,-1,-1,-1,-1,1
7062,（かんきつ類）　グレープフルーツ　白肉種　砂じょう　生,-1,-1,-1,300,-1,-1,-1,-1,-1,-1,-1,-1,-1,-1,-1,-1,-1,-1,-1,1
7164,（かんきつ類）　グレープフルーツ　紅肉種　砂じょう　生,-1,-1,-1,-1,-1,-1,-1,-1,-1,-1,-1,-1,-1,-1,-1,-1,-1,-1,-1,1
7063,（かんきつ類）　グレープフルーツ　果実飲料　ストレートジュース,-1,-1,-1,-1,-1,-1,-1,-1,-1,-1,-1,-1,-1,-1,-1,-1,-1,-1,-1,1
7064,（かんきつ類）　グレープフルーツ　果実飲料　濃縮還元ジュース,-1,-1,-1,-1,-1,-1,-1,-1,-1,-1,-1,-1,-1,-1,-1,-1,-1,-1,-1,1
7065,（かんきつ類）　グレープフルーツ　果実飲料　50%果汁入り飲料,-1,-1,-1,-1,-1,-1,-1,-1,-1,-1,-1,-1,-1,-1,-1,-1,-1,-1,-1,1
7066,（かんきつ類）　グレープフルーツ　果実飲料　20%果汁入り飲料,-1,-1,-1,-1,-1,-1,-1,-1,-1,-1,-1,-1,-1,-1,350,-1,-1,-1,-1,1
7067,（かんきつ類）　グレープフルーツ　缶詰,-1,-1,-1,-1,-1,-1,-1,-1,-1,-1,-1,-1,-1,-1,-1,-1,-1,-1,-1,1
7074,（かんきつ類）　さんぼうかん　砂じょう　生,-1,-1,-1,-1,-1,-1,-1,-1,-1,-1,-1,-1,-1,-1,-1,-1,-1,-1,-1,1
7075,（かんきつ類）　シークヮーサー　果汁　生,-1,-1,-1,-1,-1,-1,-1,-1,-1,-1,-1,-1,-1,-1,-1,-1,-1,-1,-1,1
7076,（かんきつ類）　シークヮーサー　果実飲料　10%果汁入り飲料,-1,-1,-1,-1,-1,-1,-1,-1,-1,-1,-1,-1,-1,-1,-1,-1,-1,-1,-1,1
7165,（かんきつ類）　しらぬひ　砂じょう　生,-1,-1,-1,-1,-1,-1,-1,-1,-1,-1,-1,-1,-1,-1,-1,-1,-1,-1,-1,1
7078,（かんきつ類）　すだち　果皮　生,-1,-1,-1,30,-1,-1,-1,-1,-1,-1,-1,-1,-1,-1,-1,-1,-1,-1,-1,1
7079,（かんきつ類）　すだち　果汁　生,-1,-1,-1,-1,-1,-1,-1,-1,-1,-1,-1,-1,-1,-1,-1,-1,-1,-1,-1,1
7166,（かんきつ類）　せとか　砂じょう　生,-1,-1,-1,-1,-1,-1,-1,-1,-1,-1,-1,-1,-1,-1,-1,-1,-1,-1,-1,1
7085,（かんきつ類）　セミノール　砂じょう　生,-1,-1,-1,-1,-1,-1,-1,-1,-1,-1,-1,-1,-1,-1,-1,-1,-1,-1,-1,1
7083,（かんきつ類）　だいだい　果汁　生,-1,-1,-1,-1,-1,-1,-1,-1,-1,-1,-1,-1,-1,-1,-1,-1,-1,-1,-1,1
7093,（かんきつ類）　なつみかん　砂じょう　生,-1,-1,-1,-1,-1,-1,-1,-1,-1,-1,-1,-1,-1,-1,-1,-1,-1,-1,-1,1
7094,（かんきつ類）　なつみかん　缶詰,-1,-1,-1,-1,-1,-1,-1,-1,-1,-1,-1,-1,-1,-1,-1,-1,-1,-1,-1,1
7105,（かんきつ類）　はっさく　砂じょう　生,-1,-1,-1,-1,-1,-1,-1,-1,-1,-1,-1,-1,-1,-1,-1,-1,-1,-1,-1,1
7167,（かんきつ類）　はるみ　砂じょう　生,-1,-1,-1,-1,-1,-1,-1,-1,-1,-1,-1,-1,-1,-1,-1,-1,-1,-1,-1,1
7112,（かんきつ類）　ひゅうがなつ　じょうのう及びアルベド　生,-1,-1,-1,-1,-1,-1,-1,-1,-1,-1,-1,-1,-1,-1,-1,-1,-1,-1,-1,1
7113,（かんきつ類）　ひゅうがなつ　砂じょう　生,-1,-1,-1,-1,-1,-1,-1,-1,-1,-1,-1,-1,-1,-1,-1,-1,-1,-1,-1,1
7126,（かんきつ類）　ぶんたん　砂じょう　生,-1,-1,-1,-1,-1,-1,-1,-1,-1,-1,-1,-1,-1,-1,-1,-1,-1,-1,-1,1
7127,（かんきつ類）　ぶんたん　ざぼん漬,-1,-1,-1,-1,-1,-1,-1,-1,-1,-1,-1,-1,-1,-1,-1,-1,-1,-1,-1,1
7129,（かんきつ類）　ぽんかん　砂じょう　生,-1,-1,-1,-1,-1,-1,-1,-1,-1,-1,-1,-1,-1,-1,-1,-1,-1,-1,-1,1
7142,（かんきつ類）　ゆず　果皮　生,-1,-1,-1,180,-1,-1,1,-1,-1,15,-1,-1,-1,-1,-1,-1,-1,-1,-1,1
7143,（かんきつ類）　ゆず　果汁　生,-1,-1,-1,-1,-1,-1,1,-1,-1,-1,-1,-1,-1,-1,-1,-1,-1,-1,-1,1
7145,（かんきつ類）　ライム　果汁　生,-1,-1,-1,40,-1,-1,1,-1,-1,-1,-1,-1,-1,-1,-1,-1,-1,-1,-1,1
7155,（かんきつ類）　レモン　全果　生,160,-1,-1,150,-1,-1,1,-1,-1,-1,-1,-1,-1,-1,-1,-1,-1,-1,-1,1
7156,（かんきつ類）　レモン　果汁　生,-1,-1,-1,45,-1,-1,1,5,-1,15,-1,-1,-1,-1,1,-1,-1,-1,-1,1
7054,キウイフルーツ　緑肉種　生,-1,-1,-1,100,-1,-1,-1,-1,-1,-1,-1,-1,-1,-1,-1,-1,-1,-1,-1,1
7168,キウイフルーツ　黄肉種　生,-1,-1,-1,120,-1,-1,-1,-1,-1,-1,-1,-1,-1,-1,-1,-1,-1,-1,-1,1
7183,きはだ　実　乾,-1,-1,-1,-1,-1,-1,-1,-1,-1,-1,-1,-1,-1,-1,-1,-1,-1,-1,-1,1
7055,キワノ　生,-1,-1,-1,-1,-1,-1,-1,-1,-1,-1,-1,-1,-1,-1,-1,-1,-1,-1,-1,1
7057,グァバ　赤肉種　生,-1,-1,-1,-1,-1,-1,-1,-1,-1,-1,-1,-1,-1,-1,-1,-1,-1,-1,-1,1
7169,グァバ　白肉種　生,-1,-1,-1,-1,-1,-1,-1,-1,-1,-1,-1,-1,-1,-1,-1,-1,-1,-1,-1,1
7058,グァバ　果実飲料　20%果汁入り飲料　（ネクター）,-1,-1,-1,-1,-1,-1,-1,-1,-1,-1,-1,-1,-1,-1,-1,-1,-1,-1,-1,1
7059,グァバ　果実飲料　10%果汁入り飲料,-1,-1,-1,-1,-1,-1,-1,-1,-1,-1,-1,-1,-1,-1,-1,-1,-1,-1,-1,1
7185,くこ　実　乾,-1,-1,-1,1,-1,-1,-1,-1,-1,-1,-1,-1,-1,-1,-1,-1,-1,-1,-1,1
7061,ぐみ　生,-1,-1,-1,-1,-1,-1,-1,-1,-1,-1,-1,-1,-1,-1,-1,-1,-1,-1,-1,1
7157,ココナッツ　ココナッツウォーター,-1,-1,-1,-1,-1,-1,-1,-1,-1,-1,-1,-1,-1,-1,1,-1,-1,-1,-1,1
7158,ココナッツ　ココナッツミルク,-1,-1,-1,-1,200,-1,-1,5,-1,15,-1,-1,-1,400,1,-1,-1,-1,-1,1
7170,ココナッツ　ナタデココ,-1,-1,-1,-1,-1,-1,-1,-1,-1,-1,-1,-1,-1,-1,-1,-1,-1,-1,-1,1
7070,さくらんぼ　国産　生,-1,-1,-1,-1,-1,-1,-1,-1,-1,-1,-1,-1,-1,-1,-1,-1,-1,-1,-1,1
7071,さくらんぼ　米国産　生,-1,-1,-1,-1,-1,-1,-1,-1,-1,-1,-1,-1,-1,-1,-1,-1,-1,-1,-1,1
7072,さくらんぼ　米国産　缶詰,-1,-1,-1,-1,-1,-1,-1,-1,-1,-1,-1,-1,-1,-1,-1,-1,-1,-1,-1,1
7073,ざくろ　生,-1,-1,-1,-1,-1,-1,-1,-1,-1,-1,-1,-1,-1,-1,-1,-1,-1,-1,-1,1
7077,すいか　赤肉種　生,-1,-1,-1,5000,-1,-1,-1,-1,-1,-1,-1,-1,-1,-1,-1,-1,-1,-1,-1,1
7171,すいか　黄肉種　生,-1,-1,-1,-1,-1,-1,-1,-1,-1,-1,-1,-1,-1,-1,-1,-1,-1,-1,-1,1
7186,（すぐり類）　赤すぐり　冷凍,-1,-1,-1,-1,-1,-1,-1,-1,-1,-1,-1,-1,-1,-1,-1,-1,-1,-1,-1,1
7182,（すぐり類）　カシス　冷凍,-1,-1,-1,-1,-1,-1,-1,-1,-1,-1,-1,-1,-1,-1,-1,-1,-1,-1,-1,1
7060,（すぐり類）　グーズベリー　生,-1,-1,-1,-1,-1,-1,-1,-1,-1,-1,-1,-1,-1,-1,-1,-1,-1,-1,-1,1
7069,スターフルーツ　生,-1,-1,-1,-1,-1,-1,-1,-1,-1,-1,-1,-1,-1,-1,-1,-1,-1,-1,-1,1
7080,（すもも類）　にほんすもも　生,-1,-1,-1,-1,-1,-1,-1,-1,-1,-1,-1,1200,-1,-1,-1,-1,-1,-1,-1,1
7081,（すもも類）　プルーン　生,-1,-1,-1,70,-1,-1,-1,-1,-1,-1,-1,-1,-1,-1,-1,-1,-1,-1,-1,1
7082,（すもも類）　プルーン　乾,-1,-1,-1,8,-1,-1,-1,-1,-1,-1,-1,-1,-1,-1,-1,-1,-1,-1,-1,1
7086,チェリモヤ　生,-1,-1,-1,-1,-1,-1,-1,-1,-1,-1,-1,-1,-1,-1,-1,-1,-1,-1,-1,1
7111,ドラゴンフルーツ　生,-1,-1,-1,-1,-1,-1,-1,-1,-1,-1,-1,-1,-1,-1,-1,-1,-1,-1,-1,1
7087,ドリアン　生,-1,-1,-1,-1,-1,-1,-1,-1,-1,-1,-1,-1,-1,-1,-1,-1,-1,-1,-1,1
7088,（なし類）　日本なし　生,-1,-1,-1,250,-1,-1,-1,-1,-1,-1,-1,-1,-1,-1,-1,-1,-1,-1,-1,1
7089,（なし類）　日本なし　缶詰,-1,-1,-1,-1,-1,-1,-1,-1,-1,-1,-1,-1,-1,-1,-1,-1,-1,-1,-1,1
7090,（なし類）　中国なし　生,-1,-1,-1,-1,-1,-1,-1,-1,-1,-1,-1,-1,-1,-1,-1,-1,-1,-1,-1,1
7091,（なし類）　西洋なし　生,-1,-1,-1,-1,-1,-1,-1,-1,-1,-1,-1,-1,-1,-1,-1,-1,-1,-1,-1,1
7092,（なし類）　西洋なし　缶詰,-1,-1,-1,-1,-1,-1,-1,-1,-1,-1,-1,-1,-1,-1,-1,-1,-1,-1,-1,1
7095,なつめ　乾,-1,-1,-1,-1,-1,-1,-1,-1,-1,-1,-1,-1,-1,-1,-1,-1,-1,-1,-1,1
7096,なつめやし　乾,-1,-1,-1,-1,-1,-1,-1,-1,-1,-1,-1,-1,-1,-1,-1,-1,-1,-1,-1,1
7097,パインアップル　生,-1,-1,-1,900,-1,-1,-1,-1,-1,-1,-1,-1,-1,-1,-1,-1,-1,-1,-1,1
7177,パインアップル　焼き,-1,-1,-1,-1,-1,-1,-1,-1,-1,-1,-1,-1,-1,-1,-1,-1,-1,-1,-1,1
7098,パインアップル　果実飲料　ストレートジュース,-1,-1,-1,-1,-1,-1,-1,-1,-1,-1,-1,-1,-1,-1,-1,-1,-1,-1,-1,1
7099,パインアップル　果実飲料　濃縮還元ジュース,-1,-1,-1,-1,-1,-1,-1,-1,-1,-1,-1,-1,-1,-1,-1,-1,-1,-1,-1,1
7100,パインアップル　果実飲料　50%果汁入り飲料,-1,-1,-1,-1,-1,-1,-1,-1,-1,-1,-1,-1,-1,-1,-1,-1,-1,-1,-1,1
7101,パインアップル　果実飲料　10%果汁入り飲料,-1,-1,-1,-1,-1,-1,-1,-1,-1,-1,-1,-1,-1,-1,-1,-1,-1,-1,-1,1
7102,パインアップル　缶詰,-1,-1,-1,40,-1,-1,-1,-1,-1,-1,-1,-1,-1,350,-1,-1,-1,-1,-1,1
7103,パインアップル　砂糖漬,-1,-1,-1,-1,-1,-1,-1,-1,-1,-1,-1,-1,-1,-1,-1,-1,-1,-1,-1,1
7104,ハスカップ　生,-1,-1,-1,-1,-1,-1,-1,-1,-1,-1,-1,-1,-1,-1,-1,-1,-1,-1,-1,1
7106,パッションフルーツ　果汁　生,-1,-1,-1,-1,-1,-1,-1,-1,-1,-1,-1,-1,-1,-1,-1,-1,-1,-1,-1,1
7107,バナナ　生,-1,-1,120,120,-1,-1,-1,-1,-1,-1,-1,-1,-1,-1,-1,-1,-1,-1,-1,1
7108,バナナ　乾,-1,-1,-1,-1,-1,-1,-1,-1,-1,-1,-1,-1,-1,-1,-1,-1,-1,-1,-1,1
7109,パパイア　完熟　生,-1,-1,-1,-1,-1,-1,-1,-1,-1,-1,-1,-1,-1,-1,-1,-1,-1,-1,-1,1
7110,パパイア　未熟　生,-1,-1,-1,-1,-1,-1,-1,-1,-1,-1,-1,-1,-1,-1,-1,-1,-1,-1,-1,1
7114,びわ　生,-1,-1,-1,-1,-1,-1,-1,-1,-1,-1,-1,-1,-1,-1,-1,-1,-1,-1,-1,1
7115,びわ　缶詰,-1,-1,-1,-1,-1,-1,-1,-1,-1,-1,-1,-1,-1,-1,-1,-1,-1,-1,-1,1
7116,ぶどう　皮なし　生,-1,-1,-1,-1,-1,-1,-1,-1,-1,-1,-1,-1,-1,-1,-1,-1,-1,-1,-1,1
7178,ぶどう　皮つき　生,-1,-1,-1,-1,-1,-1,-1,-1,-1,-1,-1,-1,-1,-1,-1,-1,-1,-1,-1,1
7187,ぶどう　皮つき　シャインマスカット　生,-1,-1,-1,-1,-1,-1,-1,-1,-1,-1,-1,-1,-1,-1,-1,-1,-1,-1,-1,1
7117,ぶどう　干しぶどう,-1,-1,-1,1,-1,-1,-1,-1,-1,12,-1,-1,-1,-1,-1,-1,-1,-1,-1,1
7118,ぶどう　果実飲料　ストレートジュース,-1,-1,-1,-1,-1,-1,-1,-1,-1,-1,-1,-1,-1,-1,-1,-1,-1,-1,-1,1
7119,ぶどう　果実飲料　濃縮還元ジュース,-1,-1,-1,-1,-1,-1,-1,-1,-1,-1,-1,-1,-1,-1,1,-1,-1,-1,-1,1
7120,ぶどう　果実飲料　70%果汁入り飲料,-1,-1,-1,-1,-1,-1,-1,-1,-1,-1,-1,-1,-1,-1,-1,-1,-1,-1,-1,1
7121,ぶどう　果実飲料　10%果汁入り飲料,-1,-1,-1,-1,-1,-1,-1,-1,-1,-1,-1,-1,-1,-1,-1,-1,-1,-1,-1,1
7122,ぶどう　缶詰,-1,-1,-1,-1,-1,-1,-1,-1,-1,-1,-1,-1,-1,-1,-1,-1,-1,-1,-1,1
7123,ぶどう　ジャム,-1,-1,-1,-1,-1,-1,-1,-1,-1,-1,-1,-1,-1,-1,-1,-1,-1,-1,-1,1
7124,ブルーベリー　生,-1,-1,-1,1,-1,-1,-1,-1,-1,-1,-1,-1,-1,-1,-1,-1,-1,-1,-1,1
7125,ブルーベリー　ジャム,-1,-1,-1,-1,-1,-1,-1,-1,-1,21,-1,-1,150,-1,-1,-1,-1,-1,-1,1
7172,ブルーベリー　乾,-1,-1,-1,-1,-1,-1,-1,-1,-1,-1,-1,-1,-1,-1,-1,-1,-1,-1,-1,1
7128,ホワイトサポテ　生,-1,-1,-1,-1,-1,-1,-1,-1,-1,-1,-1,-1,-1,-1,-1,-1,-1,-1,-1,1
7130,まくわうり　黄肉種　生,-1,-1,-1,-1,-1,-1,-1,-1,-1,-1,-1,-1,-1,-1,-1,-1,-1,-1,-1,1
7173,まくわうり　白肉種　生,-1,-1,-1,-1,-1,-1,-1,-1,-1,-1,-1,-1,-1,-1,-1,-1,-1,-1,-1,1
7131,マルメロ　生,-1,-1,-1,-1,-1,-1,-1,-1,-1,-1,-1,-1,-1,-1,-1,-1,-1,-1,-1,1
7132,マンゴー　生,-1,-1,-1,150,-1,-1,-1,-1,-1,-1,-1,-1,-1,425,-1,-1,-1,-1,-1,1
7179,マンゴー　ドライマンゴー,-1,-1,-1,-1,-1,-1,-1,-1,-1,-1,-1,-1,-1,-1,-1,-1,-1,-1,-1,1
7133,マンゴスチン　生,-1,-1,-1,-1,-1,-1,-1,-1,-1,-1,-1,-1,-1,-1,-1,-1,-1,-1,-1,1
7134,メロン　温室メロン　生,-1,-1,-1,1500,-1,-1,-1,-1,-1,-1,-1,-1,-1,-1,-1,-1,-1,-1,-1,1
7135,メロン　露地メロン　緑肉種　生,-1,-1,-1,-1,-1,-1,-1,-1,-1,-1,-1,-1,-1,-1,-1,-1,-1,-1,-1,1
7174,メロン　露地メロン　赤肉種　生,-1,-1,-1,-1,-1,-1,-1,-1,-1,-1,-1,-1,-1,-1,-1,-1,-1,-1,-1,1
7136,（もも類）　もも　白肉種　生,-1,-1,-1,200,-1,-1,-1,-1,-1,-1,-1,-1,-1,-1,-1,-1,-1,-1,-1,1
7184,（もも類）　もも　黄肉種　生,-1,-1,-1,-1,-1,-1,-1,-1,-1,-1,-1,-1,-1,-1,-1,-1,-1,-1,-1,1
7137,（もも類）　もも　果実飲料　30%果汁入り飲料　（ネクター）,-1,-1,-1,-1,-1,-1,-1,-1,-1,-1,-1,-1,-1,-1,-1,-1,-1,-1,-1,1
7138,（もも類）　もも　缶詰　白肉種　果肉,-1,-1,-1,-1,-1,-1,-1,-1,-1,-1,-1,-1,-1,-1,-1,-1,-1,-1,-1,1
7175,（もも類）　もも　缶詰　黄肉種　果肉,-1,-1,-1,-1,-1,-1,-1,-1,-1,-1,-1,-1,-1,-1,-1,-1,-1,-1,-1,1
7139,（もも類）　もも　缶詰　液汁,-1,-1,-1,-1,-1,-1,-1,-1,-1,-1,-1,-1,-1,-1,-1,-1,-1,-1,-1,1
7140,（もも類）　ネクタリン　生,-1,-1,-1,-1,-1,-1,-1,-1,-1,-1,-1,-1,-1,-1,-1,-1,-1,-1,-1,1
7141,やまもも　生,-1,-1,-1,-1,-1,-1,-1,-1,-1,-1,-1,-1,-1,-1,-1,-1,-1,-1,-1,1
7144,ライチー　生,-1,-1,-1,-1,-1,-1,-1,-1,-1,-1,-1,-1,-1,-1,-1,-1,-1,-1,-1,1
7146,ラズベリー　生,-1,-1,-1,3,150,-1,-1,-1,-1,-1,-1,-1,-1,-1,-1,-1,-1,-1,-1,1
7147,りゅうがん　乾,-1,-1,-1,-1,-1,-1,-1,-1,-1,-1,-1,-1,-1,-1,-1,-1,-1,-1,-1,1
7148,りんご　皮なし　生,-1,-1,250,250,-1,-1,-1,-1,-1,-1,-1,-1,-1,-1,-1,-1,-1,-1,-1,1
7176,りんご　皮つき　生,-1,-1,250,250,-1,-1,-1,-1,-1,-1,-1,-1,-1,-1,-1,-1,-1,-1,-1,1
7180,りんご　皮つき　焼き,-1,-1,180,180,-1,-1,-1,-1,-1,-1,-1,-1,-1,-1,-1,-1,-1,-1,-1,1
7149,りんご　果実飲料　ストレートジュース,-1,-1,-1,-1,185,-1,-1,-1,-1,-1,-1,-1,-1,185,-1,-1,-1,-1,-1,1
7150,りんご　果実飲料　濃縮還元ジュース,-1,-1,-1,-1,185,-1,-1,-1,-1,-1,-1,-1,-1,185,-1,-1,-1,-1,-1,1
7151,りんご　果実飲料　50%果汁入り飲料,-1,-1,-1,-1,185,-1,-1,-1,-1,-1,-1,-1,-1,185,-1,-1,-1,-1,-1,1
7152,りんご　果実飲料　30%果汁入り飲料,-1,-1,-1,-1,185,-1,-1,-1,-1,-1,-1,-1,-1,185,-1,-1,-1,-1,-1,1
7153,りんご　缶詰,-1,-1,-1,-1,-1,-1,-1,-1,-1,-1,-1,-1,-1,-1,-1,-1,-1,-1,-1,1
7154,りんご　ジャム,-1,-1,-1,-1,-1,-1,-1,-1,-1,-1,-1,-1,-1,-1,-1,-1,-1,-1,-1,1
8001,えのきたけ　生,100,-1,-1,200,100,-1,10,-1,-1,-1,-1,200,-1,-1,-1,-1,50,-1,-1,1
8002,えのきたけ　ゆで,-1,-1,-1,-1,-1,-1,-1,-1,-1,-1,-1,-1,-1,-1,-1,-1,-1,-1,-1,1
8037,えのきたけ　油いため,-1,-1,-1,-1,-1,-1,-1,-1,-1,-1,-1,-1,-1,-1,-1,-1,-1,-1,-1,1
8003,えのきたけ　味付け瓶詰,-1,-1,-1,120,-1,-1,-1,-1,-1,-1,-1,-1,-1,120,-1,-1,-1,-1,-1,1
8054,（きくらげ類）　あらげきくらげ　生,-1,-1,-1,-1,-1,-1,-1,-1,-1,-1,-1,-1,-1,-1,-1,-1,-1,-1,-1,1
8004,（きくらげ類）　あらげきくらげ　乾,-1,-1,-1,-1,-1,-1,-1,-1,-1,-1,-1,-1,-1,-1,-1,-1,-1,-1,-1,1
8005,（きくらげ類）　あらげきくらげ　ゆで,-1,-1,-1,-1,-1,-1,-1,-1,-1,-1,-1,-1,-1,-1,-1,-1,-1,-1,-1,1
8038,（きくらげ類）　あらげきくらげ　油いため,-1,-1,-1,-1,-1,-1,-1,-1,-1,-1,-1,-1,-1,-1,-1,-1,-1,-1,-1,1
8006,（きくらげ類）　きくらげ　乾,-1,15,-1,0.14,-1,-1,-1,-1,-1,-1,-1,15,-1,-1,-1,-1,-1,-1,-1,1
8007,（きくらげ類）　きくらげ　ゆで,-1,-1,-1,-1,-1,-1,-1,-1,-1,-1,-1,-1,-1,-1,-1,-1,-1,-1,-1,1
8008,（きくらげ類）　しろきくらげ　乾,-1,-1,-1,-1,-1,-1,-1,-1,-1,-1,-1,-1,-1,-1,-1,-1,-1,-1,-1,1
8009,（きくらげ類）　しろきくらげ　ゆで,-1,-1,-1,-1,-1,-1,-1,-1,-1,-1,-1,-1,-1,-1,-1,-1,-1,-1,-1,1
8010,くろあわびたけ　生,-1,-1,-1,-1,-1,-1,-1,-1,-1,-1,-1,-1,-1,-1,-1,-1,-1,-1,-1,1
8039,しいたけ　生しいたけ　菌床栽培　生,-1,10,10,10,-1,-1,-1,-1,-1,-1,-1,100,-1,-1,1,-1,-1,-1,-1,1
8040,しいたけ　生しいたけ　菌床栽培　ゆで,-1,-1,-1,-1,-1,-1,-1,-1,-1,-1,-1,-1,-1,-1,-1,-1,-1,-1,-1,1
8041,しいたけ　生しいたけ　菌床栽培　油いため,-1,-1,-1,-1,-1,-1,-1,-1,-1,-1,-1,-1,-1,-1,-1,-1,-1,-1,-1,1
8057,しいたけ　生しいたけ　菌床栽培　天ぷら,-1,-1,-1,-1,-1,-1,-1,-1,-1,-1,-1,-1,-1,-1,-1,-1,-1,-1,-1,1
8042,しいたけ　生しいたけ　原木栽培　生,-1,-1,-1,-1,-1,-1,-1,-1,-1,-1,-1,-1,-1,-1,-1,-1,-1,-1,-1,1
8043,しいたけ　生しいたけ　原木栽培　ゆで,-1,-1,-1,-1,-1,-1,-1,-1,-1,-1,-1,-1,-1,-1,-1,-1,-1,-1,-1,1
8044,しいたけ　生しいたけ　原木栽培　油いため,-1,-1,-1,-1,-1,-1,-1,-1,-1,-1,-1,-1,-1,-1,-1,-1,-1,-1,-1,1
8013,しいたけ　乾しいたけ　乾,-1,5,5,1.5,-1,-1,-1,-1,-1,-1,-1,-1,-1,-1,1,-1,-1,-1,-1,1
8014,しいたけ　乾しいたけ　ゆで,-1,-1,-1,-1,-1,-1,-1,-1,-1,-1,-1,-1,-1,-1,-1,-1,-1,-1,-1,1
8053,しいたけ　乾しいたけ　甘煮,-1,-1,-1,-1,-1,-1,-1,-1,-1,-1,-1,-1,-1,-1,-1,-1,-1,-1,-1,1
8015,（しめじ類）　はたけしめじ　生,-1,-1,-1,-1,-1,-1,-1,-1,-1,-1,-1,-1,-1,-1,-1,-1,-1,-1,-1,1
8045,（しめじ類）　はたけしめじ　ゆで,-1,-1,-1,-1,-1,-1,-1,-1,-1,-1,-1,-1,-1,-1,-1,-1,-1,-1,-1,1
8016,（しめじ類）　ぶなしめじ　生,100,-1,-1,100,-1,-1,-1,-1,-1,-1,-1,100,-1,-1,-1,-1,100,-1,-1,1
8017,（しめじ類）　ぶなしめじ　ゆで,-1,-1,-1,-1,-1,-1,-1,-1,-1,-1,-1,-1,-1,-1,-1,-1,-1,-1,-1,1
8046,（しめじ類）　ぶなしめじ　油いため,-1,-1,-1,-1,-1,-1,-1,-1,-1,-1,-1,-1,-1,-1,-1,-1,-1,-1,-1,1
8055,（しめじ類）　ぶなしめじ　素揚げ,-1,-1,-1,-1,-1,-1,-1,-1,-1,-1,-1,-1,-1,-1,-1,-1,-1,-1,-1,1
8056,（しめじ類）　ぶなしめじ　天ぷら,-1,-1,-1,-1,-1,-1,-1,-1,-1,-1,-1,-1,-1,-1,-1,-1,-1,-1,-1,1
8018,（しめじ類）　ほんしめじ　生,-1,-1,-1,-1,-1,-1,-1,-1,-1,-1,-1,-1,-1,-1,-1,-1,-1,-1,-1,1
8047,（しめじ類）　ほんしめじ　ゆで,-1,-1,-1,-1,-1,-1,-1,-1,-1,-1,-1,-1,-1,-1,-1,-1,-1,-1,-1,1
8019,たもぎたけ　生,-1,-1,-1,-1,-1,-1,-1,-1,-1,-1,-1,-1,-1,-1,-1,-1,-1,-1,-1,1
8020,なめこ　株採り　生,-1,-1,-1,-1,-1,-1,-1,-1,-1,-1,-1,100,-1,-1,-1,-1,-1,-1,-1,1
8021,なめこ　株採り　ゆで,-1,-1,-1,-1,-1,-1,-1,-1,-1,-1,-1,-1,-1,-1,-1,-1,-1,-1,-1,1
8058,なめこ　カットなめこ　生,-1,-1,-1,-1,-1,-1,-1,-1,-1,-1,-1,-1,-1,-1,-1,-1,-1,-1,-1,1
8022,なめこ　水煮缶詰,-1,-1,-1,-1,-1,-1,-1,-1,-1,-1,-1,-1,-1,-1,-1,-1,-1,-1,-1,1
8023,ぬめりすぎたけ　生,-1,-1,-1,-1,-1,-1,-1,-1,-1,-1,-1,-1,-1,-1,-1,-1,-1,-1,-1,1
8024,（ひらたけ類）　うすひらたけ　生,-1,-1,-1,-1,-1,-1,-1,-1,-1,-1,-1,-1,-1,-1,-1,-1,-1,-1,-1,1
8025,（ひらたけ類）　エリンギ　生,-1,-1,45,45,-1,-1,-1,-1,-1,-1,-1,100,-1,-1,-1,-1,-1,-1,-1,1
8048,（ひらたけ類）　エリンギ　ゆで,-1,-1,-1,-1,-1,-1,-1,-1,-1,-1,-1,-1,-1,-1,-1,-1,-1,-1,-1,1
8049,（ひらたけ類）　エリンギ　焼き,-1,-1,-1,-1,-1,-1,-1,-1,-1,-1,-1,-1,-1,-1,-1,-1,-1,-1,-1,1
8050,（ひらたけ類）　エリンギ　油いため,-1,-1,-1,-1,-1,-1,-1,-1,-1,-1,-1,-1,-1,-1,-1,-1,-1,-1,-1,1
8026,（ひらたけ類）　ひらたけ　生,-1,-1,-1,-1,-1,-1,-1,-1,-1,-1,-1,100,-1,-1,-1,-1,-1,-1,-1,1
8027,（ひらたけ類）　ひらたけ　ゆで,-1,-1,-1,-1,-1,-1,-1,-1,-1,-1,-1,-1,-1,-1,-1,-1,-1,-1,-1,1
8028,まいたけ　生,90,-1,-1,800,-1,-1,-1,-1,-1,-1,-1,100,-1,-1,-1,-1,-1,-1,-1,1
8029,まいたけ　ゆで,-1,-1,-1,-1,-1,-1,-1,-1,-1,-1,-1,-1,-1,-1,-1,-1,-1,-1,-1,1
8051,まいたけ　油いため,-1,-1,-1,-1,-1,-1,-1,-1,-1,-1,-1,-1,-1,-1,-1,-1,-1,-1,-1,1
8030,まいたけ　乾,-1,-1,-1,-1,-1,-1,-1,-1,-1,-1,-1,-1,-1,-1,-1,-1,-1,-1,-1,1
8031,マッシュルーム　生,-1,-1,-1,10,-1,-1,-1,-1,-1,-1,-1,100,-1,-1,-1,-1,-1,-1,-1,1
8032,マッシュルーム　ゆで,-1,-1,-1,-1,-1,-1,-1,-1,-1,-1,-1,-1,-1,-1,-1,-1,-1,-1,-1,1
8052,マッシュルーム　油いため,-1,-1,-1,-1,-1,-1,-1,-1,-1,-1,-1,-1,-1,-1,-1,-1,-1,-1,-1,1
8059,マッシュルーム　ブラウン種　生,-1,-1,-1,-1,-1,-1,-1,-1,-1,-1,-1,-1,-1,-1,-1,-1,-1,-1,-1,1
8033,マッシュルーム　水煮缶詰,-1,-1,-1,-1,-1,-1,-1,-1,-1,-1,-1,-1,-1,-1,-1,-1,-1,-1,-1,1
8034,まつたけ　生,-1,-1,-1,60,-1,-1,-1,-1,-1,-1,-1,-1,-1,-1,-1,-1,-1,-1,-1,1
8036,やなぎまつたけ　生,-1,-1,-1,-1,-1,-1,-1,-1,-1,-1,-1,-1,-1,-1,-1,-1,-1,-1,-1,1
9001,あおさ　素干し,-1,-1,-1,-1,-1,-1,-1,-1,-1,-1,-1,-1,-1,-1,-1,-1,-1,-1,-1,1
9002,あおのり　素干し,-1,-1,-1,-1,-1,-1,0.85,-1,-1,2.5,-1,10,-1,-1,-1,-1,-1,-1,-1,1
9003,あまのり　ほしのり,-1,-1,-1,-1,-1,-1,-1,-1,-1,-1,-1,-1,-1,-1,-1,-1,-1,-1,-1,1
9004,あまのり　焼きのり,-1,3,-1,-1,-1,-1,2,-1,-1,-1,-1,-1,-1,-1,-1,-1,100,-1,-1,1
9005,あまのり　味付けのり,-1,3,-1,-1,-1,-1,-1,-1,-1,-1,-1,-1,-1,-1,-1,-1,100,-1,-1,1
9006,あらめ　蒸し干し,-1,-1,-1,-1,-1,-1,-1,-1,-1,-1,-1,-1,-1,-1,-1,-1,-1,-1,-1,1
9007,いわのり　素干し,-1,-1,-1,-1,-1,-1,-1,-1,-1,-1,-1,-1,-1,-1,-1,-1,-1,-1,-1,1
9012,うみぶどう　生,-1,-1,-1,-1,-1,-1,-1,-1,-1,-1,-1,-1,-1,-1,-1,-1,-1,-1,-1,1
9008,えごのり　素干し,-1,-1,-1,-1,-1,-1,-1,-1,-1,-1,-1,-1,-1,-1,-1,-1,-1,-1,-1,1
9009,えごのり　おきうと,-1,-1,-1,-1,-1,-1,-1,-1,-1,-1,-1,-1,-1,-1,-1,-1,-1,-1,-1,1
9010,おごのり　塩蔵　塩抜き,-1,-1,-1,-1,-1,-1,-1,-1,-1,-1,-1,-1,-1,-1,-1,-1,-1,-1,-1,1
9011,かわのり　素干し,-1,-1,-1,-1,-1,-1,-1,-1,-1,-1,-1,-1,-1,-1,-1,-1,-1,-1,-1,1
9013,（こんぶ類）　えながおにこんぶ　素干し,-1,-1,-1,-1,-1,-1,-1,-1,-1,-1,-1,-1,-1,-1,-1,1,-1,-1,-1,1
9014,（こんぶ類）　がごめこんぶ　素干し,-1,-1,-1,-1,-1,-1,-1,-1,-1,-1,-1,-1,-1,-1,-1,1,-1,-1,-1,1
9015,（こんぶ類）　ながこんぶ　素干し,-1,-1,-1,-1,-1,-1,-1,-1,-1,-1,-1,-1,-1,-1,-1,1,-1,-1,-1,1
9016,（こんぶ類）　ほそめこんぶ　素干し,-1,-1,-1,-1,-1,-1,-1,-1,-1,-1,-1,-1,-1,-1,-1,1,-1,-1,-1,1
9017,（こんぶ類）　まこんぶ　素干し　乾,5,11,-1,-1,-1,-1,10,5,-1,-1,40,30,100,-1,-1,1,-1,-1,-1,1
9056,（こんぶ類）　まこんぶ　素干し　水煮,-1,-1,-1,-1,-1,-1,-1,-1,-1,-1,-1,-1,-1,-1,-1,1,-1,-1,-1,1
9018,（こんぶ類）　みついしこんぶ　素干し,-1,-1,-1,-1,-1,-1,-1,-1,-1,-1,-1,-1,-1,-1,-1,1,-1,-1,-1,1
9019,（こんぶ類）　りしりこんぶ　素干し,-1,-1,-1,-1,-1,-1,-1,-1,-1,-1,-1,-1,-1,-1,-1,1,-1,-1,-1,1
9020,（こんぶ類）　刻み昆布,-1,-1,-1,-1,-1,-1,-1,-1,-1,-1,-1,50,-1,-1,-1,-1,-1,-1,-1,1
9021,（こんぶ類）　削り昆布,-1,-1,-1,-1,-1,-1,-1,-1,-1,-1,30,50,-1,-1,-1,-1,-1,-1,-1,1
9022,（こんぶ類）　塩昆布,-1,-1,-1,-1,-1,-1,2,-1,-1,15,20,60,-1,-1,-1,-1,-1,-1,-1,1
9023,（こんぶ類）　つくだ煮,-1,-1,-1,-1,-1,-1,-1,-1,-1,-1,-1,-1,-1,-1,-1,-1,-1,-1,-1,1
9024,すいぜんじのり　素干し　水戻し,-1,-1,-1,-1,-1,-1,-1,-1,-1,-1,-1,-1,-1,-1,-1,-1,-1,-1,-1,1
9025,てんぐさ　素干し,-1,-1,-1,-1,-1,-1,-1,-1,-1,-1,-1,-1,-1,-1,-1,-1,-1,-1,-1,1
9026,てんぐさ　ところてん,-1,-1,-1,-1,-1,-1,-1,-1,-1,-1,-1,-1,-1,-1,-1,-1,-1,-1,-1,1
9027,てんぐさ　角寒天,-1,-1,-1,-1,-1,-1,-1,-1,-1,-1,-1,-1,-1,-1,-1,-1,-1,-1,-1,1
9028,てんぐさ　寒天,-1,-1,-1,-1,-1,-1,-1,-1,-1,-1,-1,-1,-1,-1,-1,-1,-1,-1,-1,1
9049,てんぐさ　粉寒天,-1,-1,-1,8,-1,-1,-1,2,-1,6,-1,-1,-1,-1,-1,-1,-1,-1,-1,1
9029,とさかのり　赤とさか　塩蔵　塩抜き,-1,-1,-1,-1,-1,-1,-1,-1,-1,-1,-1,-1,-1,-1,-1,-1,-1,-1,-1,1
9030,とさかのり　青とさか　塩蔵　塩抜き,-1,-1,-1,-1,-1,-1,-1,-1,-1,-1,-1,-1,-1,-1,-1,-1,-1,-1,-1,1
9050,ひじき　ほしひじき　ステンレス釜　乾,-1,-1,-1,-1,-1,-1,2,5,-1,3,-1,30,-1,-1,-1,-1,-1,-1,-1,1
9051,ひじき　ほしひじき　ステンレス釜　ゆで,-1,-1,-1,-1,-1,-1,-1,-1,-1,-1,-1,-1,-1,-1,-1,-1,-1,-1,-1,1
9052,ひじき　ほしひじき　ステンレス釜　油いため,-1,-1,-1,-1,-1,-1,-1,-1,-1,-1,-1,-1,-1,-1,-1,-1,-1,-1,-1,1
9053,ひじき　ほしひじき　鉄釜　乾,-1,-1,-1,-1,-1,-1,-1,-1,-1,-1,-1,-1,-1,-1,-1,-1,-1,-1,-1,1
9054,ひじき　ほしひじき　鉄釜　ゆで,-1,-1,-1,-1,-1,-1,-1,-1,-1,-1,-1,-1,-1,-1,-1,-1,-1,-1,-1,1
9055,ひじき　ほしひじき　鉄釜　油いため,-1,-1,-1,-1,-1,-1,-1,-1,-1,-1,-1,-1,-1,-1,-1,-1,-1,-1,-1,1
9032,ひとえぐさ　素干し,-1,-1,-1,-1,-1,-1,-1,-1,-1,-1,-1,-1,-1,-1,-1,-1,-1,-1,-1,1
9033,ひとえぐさ　つくだ煮,-1,-1,-1,-1,-1,-1,-1,-1,-1,-1,-1,-1,-1,-1,-1,-1,-1,-1,-1,1
9034,ふのり　素干し,-1,-1,-1,-1,-1,-1,-1,-1,-1,-1,-1,-1,-1,-1,-1,-1,-1,-1,-1,1
9035,まつも　素干し,-1,-1,-1,-1,-1,-1,-1,-1,-1,-1,-1,-1,-1,-1,-1,-1,-1,-1,-1,1
9036,むかでのり　塩蔵　塩抜き,-1,-1,-1,-1,-1,-1,-1,-1,-1,-1,-1,-1,-1,-1,-1,-1,-1,-1,-1,1
9037,（もずく類）　おきなわもずく　塩蔵　塩抜き,-1,-1,-1,-1,-1,-1,-1,-1,-1,-1,-1,-1,-1,-1,-1,-1,-1,-1,-1,1
9038,（もずく類）　もずく　塩蔵　塩抜き,80,-1,-1,70,-1,-1,-1,-1,-1,-1,-1,80,250,-1,-1,-1,-1,-1,-1,1
9039,わかめ　原藻　生,-1,-1,-1,-1,-1,-1,5,-1,-1,-1,-1,200,-1,-1,-1,-1,-1,-1,-1,1
9040,わかめ　乾燥わかめ　素干し,-1,-1,-1,-1,-1,-1,1,0.9,1.8,2.7,-1,33,-1,-1,-1,-1,-1,-1,-1,1
9041,わかめ　乾燥わかめ　素干し　水戻し,-1,-1,-1,-1,-1,-1,-1,-1,-1,-1,-1,-1,-1,-1,-1,-1,-1,-1,-1,1
9060,わかめ　乾燥わかめ　素干し　水戻し　水煮,-1,-1,-1,-1,-1,-1,-1,-1,-1,-1,-1,-1,-1,-1,-1,-1,-1,-1,-1,1
9042,わかめ　乾燥わかめ　板わかめ,-1,-1,-1,-1,-1,-1,-1,-1,-1,-1,-1,-1,-1,-1,-1,-1,-1,-1,-1,1
9043,わかめ　乾燥わかめ　灰干し　水戻し,-1,-1,-1,-1,-1,-1,-1,-1,-1,-1,-1,-1,-1,-1,-1,-1,-1,-1,-1,1
9044,わかめ　カットわかめ　乾,-1,-1,-1,-1,-1,-1,-1,-1,-1,-1,-1,-1,-1,-1,-1,-1,-1,-1,-1,1
9058,わかめ　カットわかめ　水煮　（沸騰水で短時間加熱したもの）,-1,-1,-1,-1,-1,-1,-1,-1,-1,-1,-1,-1,-1,-1,-1,-1,-1,-1,-1,1
9059,わかめ　カットわかめ　水煮の汁,-1,-1,-1,-1,-1,-1,-1,-1,-1,-1,-1,-1,-1,-1,-1,-1,-1,-1,-1,1
9045,わかめ　湯通し塩蔵わかめ　塩抜き　生,-1,-1,-1,-1,-1,-1,-1,-1,-1,-1,-1,200,-1,-1,-1,-1,-1,-1,-1,1
9057,わかめ　湯通し塩蔵わかめ　塩抜き　ゆで,-1,-1,-1,-1,-1,-1,-1,-1,-1,-1,-1,-1,-1,-1,-1,-1,-1,-1,-1,1
9046,わかめ　くきわかめ　湯通し塩蔵　塩抜き,-1,-1,-1,-1,-1,-1,-1,-1,-1,-1,-1,-1,-1,-1,-1,-1,-1,-1,-1,1
9047,わかめ　めかぶわかめ　生,-1,-1,-1,-1,-1,-1,-1,-1,-1,-1,-1,40,50,-1,-1,-1,-1,-1,-1,1
10001,＜魚類＞　あいなめ　生,-1,-1,-1,-1,-1,-1,-1,-1,-1,-1,-1,-1,-1,-1,-1,-1,-1,-1,-1,1
10002,＜魚類＞　あこうだい　生,-1,-1,-1,-1,-1,-1,-1,-1,-1,-1,-1,-1,-1,-1,-1,-1,-1,-1,-1,1
10003,＜魚類＞　（あじ類）　まあじ　皮つき　生,-1,-1,150,150,-1,-1,-1,-1,-1,-1,-1,-1,-1,-1,-1,-1,-1,-1,-1,1
10389,＜魚類＞　（あじ類）　まあじ　皮なし　生,-1,100,-1,-1,-1,-1,-1,-1,-1,-1,-1,-1,-1,-1,-1,-1,-1,-1,-1,1
10004,＜魚類＞　（あじ類）　まあじ　皮つき　水煮,-1,-1,-1,-1,-1,-1,-1,-1,-1,-1,-1,-1,-1,-1,-1,-1,-1,-1,-1,1
10005,＜魚類＞　（あじ類）　まあじ　皮つき　焼き,-1,-1,-1,-1,-1,-1,-1,-1,-1,-1,-1,-1,-1,-1,-1,-1,-1,-1,-1,1
10390,＜魚類＞　（あじ類）　まあじ　皮つき　フライ,-1,-1,-1,-1,-1,-1,-1,-1,-1,-1,-1,-1,-1,-1,-1,-1,-1,-1,-1,1
10006,＜魚類＞　（あじ類）　まあじ　開き干し　生,-1,-1,-1,-1,-1,-1,-1,-1,-1,-1,-1,-1,-1,-1,-1,-1,-1,-1,-1,1
10007,＜魚類＞　（あじ類）　まあじ　開き干し　焼き,-1,-1,-1,-1,-1,-1,-1,-1,-1,-1,-1,-1,-1,-1,-1,-1,-1,-1,-1,1
10391,＜魚類＞　（あじ類）　まあじ　小型　骨付き　生,-1,-1,-1,-1,-1,-1,-1,-1,-1,-1,-1,-1,-1,-1,-1,-1,-1,-1,-1,1
10392,＜魚類＞　（あじ類）　まあじ　小型　骨付き　から揚げ,-1,-1,-1,-1,-1,-1,-1,-1,-1,-1,-1,-1,-1,-1,-1,-1,-1,-1,-1,1
10393,＜魚類＞　（あじ類）　まるあじ　生,-1,-1,-1,-1,-1,-1,-1,-1,-1,-1,-1,-1,-1,-1,-1,-1,-1,-1,-1,1
10394,＜魚類＞　（あじ類）　まるあじ　焼き,-1,-1,-1,-1,-1,-1,-1,-1,-1,-1,-1,-1,-1,-1,-1,-1,-1,-1,-1,1
10008,＜魚類＞　（あじ類）　にしまあじ　生,-1,-1,-1,-1,-1,-1,-1,-1,-1,-1,-1,-1,-1,-1,-1,-1,-1,-1,-1,1
10009,＜魚類＞　（あじ類）　にしまあじ　水煮,-1,-1,-1,-1,-1,-1,-1,-1,-1,-1,-1,-1,-1,-1,-1,-1,-1,-1,-1,1
10010,＜魚類＞　（あじ類）　にしまあじ　焼き,-1,-1,-1,-1,-1,-1,-1,-1,-1,-1,-1,-1,-1,-1,-1,-1,-1,-1,-1,1
10457,＜魚類＞　（あじ類）　にしまあじ　開き干し　生,-1,-1,-1,-1,-1,-1,-1,-1,-1,-1,-1,-1,-1,-1,-1,-1,-1,-1,-1,1
10458,＜魚類＞　（あじ類）　にしまあじ　開き干し　焼き,-1,-1,-1,-1,-1,-1,-1,-1,-1,-1,-1,-1,-1,-1,-1,-1,-1,-1,-1,1
10011,＜魚類＞　（あじ類）　むろあじ　生,-1,-1,-1,-1,-1,-1,-1,-1,-1,-1,-1,-1,-1,-1,-1,-1,-1,-1,-1,1
10012,＜魚類＞　（あじ類）　むろあじ　焼き,-1,-1,-1,-1,-1,-1,-1,-1,-1,-1,-1,-1,-1,-1,-1,-1,-1,-1,-1,1
10013,＜魚類＞　（あじ類）　むろあじ　開き干し,-1,-1,-1,-1,-1,-1,-1,-1,-1,-1,-1,-1,-1,-1,-1,-1,-1,-1,-1,1
10014,＜魚類＞　（あじ類）　むろあじ　くさや,-1,-1,-1,-1,-1,-1,-1,-1,-1,-1,-1,-1,-1,-1,-1,-1,-1,-1,-1,1
10015,＜魚類＞　あなご　生,-1,-1,-1,-1,-1,-1,-1,-1,-1,-1,-1,-1,-1,-1,-1,-1,-1,-1,-1,1
10016,＜魚類＞　あなご　蒸し,-1,-1,-1,-1,-1,-1,-1,-1,-1,-1,-1,-1,-1,-1,-1,-1,-1,-1,-1,1
10017,＜魚類＞　あまご　養殖　生,-1,-1,-1,-1,-1,-1,-1,-1,-1,-1,-1,-1,-1,-1,-1,-1,-1,-1,-1,1
10018,＜魚類＞　あまだい　生,-1,-1,-1,-1,-1,-1,-1,-1,-1,-1,-1,-1,-1,-1,-1,-1,-1,-1,-1,1
10019,＜魚類＞　あまだい　水煮,-1,-1,-1,-1,-1,-1,-1,-1,-1,-1,-1,-1,-1,-1,-1,-1,-1,-1,-1,1
10020,＜魚類＞　あまだい　焼き,-1,-1,-1,-1,-1,-1,-1,-1,-1,-1,-1,-1,-1,-1,-1,-1,-1,-1,-1,1
10021,＜魚類＞　あゆ　天然　生,-1,-1,-1,-1,-1,-1,-1,-1,-1,-1,-1,-1,-1,-1,-1,-1,-1,-1,-1,1
10022,＜魚類＞　あゆ　天然　焼き,-1,-1,-1,-1,-1,-1,-1,-1,-1,-1,-1,-1,-1,-1,-1,-1,-1,-1,-1,1
10023,＜魚類＞　あゆ　天然　内臓　生,-1,-1,-1,-1,-1,-1,-1,-1,-1,-1,-1,-1,-1,-1,-1,-1,-1,-1,-1,1
10024,＜魚類＞　あゆ　天然　内臓　焼き,-1,-1,-1,-1,-1,-1,-1,-1,-1,-1,-1,-1,-1,-1,-1,-1,-1,-1,-1,1
10025,＜魚類＞　あゆ　養殖　生,-1,-1,-1,-1,-1,-1,-1,-1,-1,-1,-1,-1,-1,-1,-1,-1,-1,-1,-1,1
10026,＜魚類＞　あゆ　養殖　焼き,-1,-1,-1,-1,-1,-1,-1,-1,-1,-1,-1,-1,-1,-1,-1,-1,-1,-1,-1,1
10027,＜魚類＞　あゆ　養殖　内臓　生,-1,-1,-1,-1,-1,-1,-1,-1,-1,-1,-1,-1,-1,-1,-1,-1,-1,-1,-1,1
10028,＜魚類＞　あゆ　養殖　内臓　焼き,-1,-1,-1,-1,-1,-1,-1,-1,-1,-1,-1,-1,-1,-1,-1,-1,-1,-1,-1,1
10029,＜魚類＞　あゆ　うるか,-1,-1,-1,-1,-1,-1,-1,-1,-1,-1,-1,-1,-1,-1,-1,-1,-1,-1,-1,1
10030,＜魚類＞　アラスカめぬけ　生,-1,-1,-1,80,-1,-1,-1,-1,-1,-1,-1,-1,-1,-1,-1,-1,-1,-1,-1,1
10031,＜魚類＞　あんこう　生,-1,-1,-1,80,-1,-1,-1,-1,-1,-1,-1,-1,-1,-1,-1,-1,-1,-1,-1,1
10032,＜魚類＞　あんこう　きも　生,-1,-1,-1,80,-1,-1,-1,-1,-1,-1,-1,-1,-1,-1,-1,-1,-1,-1,-1,1
10033,＜魚類＞　いかなご　生,-1,-1,-1,80,-1,-1,-1,-1,-1,-1,-1,-1,-1,-1,-1,-1,-1,-1,-1,1
10034,＜魚類＞　いかなご　煮干し,-1,-1,-1,-1,-1,-1,-1,-1,-1,-1,-1,-1,-1,-1,-1,-1,-1,-1,-1,1
10035,＜魚類＞　いかなご　つくだ煮,-1,-1,-1,-1,-1,-1,-1,-1,-1,-1,-1,-1,-1,-1,-1,-1,-1,-1,-1,1
10036,＜魚類＞　いかなご　あめ煮,-1,-1,-1,-1,-1,-1,-1,-1,-1,-1,-1,-1,-1,-1,-1,-1,-1,-1,-1,1
10037,＜魚類＞　いさき　生,-1,-1,-1,-1,-1,-1,-1,-1,-1,-1,-1,-1,-1,-1,-1,-1,-1,-1,-1,1
10038,＜魚類＞　いしだい　生,-1,-1,-1,-1,-1,-1,-1,-1,-1,-1,-1,-1,-1,-1,-1,-1,-1,-1,-1,1
10039,＜魚類＞　いとよりだい　生,-1,-1,-1,-1,-1,-1,-1,-1,-1,-1,-1,-1,-1,-1,-1,-1,-1,-1,-1,1
10040,＜魚類＞　いとよりだい　すり身,-1,-1,-1,-1,-1,-1,-1,-1,-1,-1,-1,-1,-1,-1,-1,-1,-1,-1,-1,1
10041,＜魚類＞　いぼだい　生,-1,-1,-1,-1,-1,-1,-1,-1,-1,-1,-1,-1,-1,-1,-1,-1,-1,-1,-1,1
10042,＜魚類＞　（いわし類）　うるめいわし　生,-1,-1,-1,-1,-1,-1,-1,-1,-1,-1,-1,-1,-1,-1,-1,-1,-1,-1,-1,1
10043,＜魚類＞　（いわし類）　うるめいわし　丸干し,-1,-1,-1,-1,-1,-1,-1,-1,-1,-1,-1,-1,-1,-1,-1,-1,-1,-1,-1,1
10044,＜魚類＞　（いわし類）　かたくちいわし　生,-1,-1,-1,-1,-1,-1,-1,-1,-1,-1,-1,-1,-1,-1,-1,-1,-1,-1,-1,1
10045,＜魚類＞　（いわし類）　かたくちいわし　煮干し,-1,-1,-1,-1,200,-1,-1,2.5,-1,-1,-1,-1,-1,-1,-1,-1,-1,-1,-1,1
10046,＜魚類＞　（いわし類）　かたくちいわし　田作り,-1,-1,-1,-1,-1,-1,-1,-1,-1,-1,-1,-1,-1,-1,-1,-1,-1,-1,-1,1
10047,＜魚類＞　（いわし類）　まいわし　生,-1,-1,100,100,-1,50,-1,-1,-1,-1,-1,-1,-1,-1,-1,-1,-1,-1,-1,1
10048,＜魚類＞　（いわし類）　まいわし　水煮,-1,-1,100,100,-1,-1,-1,-1,-1,-1,-1,-1,-1,-1,-1,-1,-1,-1,-1,1
10049,＜魚類＞　（いわし類）　まいわし　焼き,-1,-1,100,100,-1,-1,-1,-1,-1,-1,-1,-1,-1,-1,-1,-1,-1,-1,-1,1
10395,＜魚類＞　（いわし類）　まいわし　フライ,-1,-1,100,100,-1,-1,-1,-1,-1,-1,-1,-1,-1,-1,-1,-1,-1,-1,-1,1
10050,＜魚類＞　（いわし類）　まいわし　塩いわし,-1,-1,100,100,-1,-1,-1,-1,-1,-1,-1,-1,-1,-1,-1,-1,-1,-1,-1,1
10051,＜魚類＞　（いわし類）　まいわし　生干し,-1,-1,-1,-1,-1,-1,-1,-1,-1,-1,-1,-1,-1,-1,-1,-1,-1,-1,-1,1
10052,＜魚類＞　（いわし類）　まいわし　丸干し,-1,-1,-1,-1,-1,-1,-1,-1,-1,-1,-1,-1,-1,-1,-1,-1,-1,-1,-1,1
10053,＜魚類＞　（いわし類）　めざし　生,-1,-1,-1,-1,-1,-1,-1,-1,-1,-1,-1,-1,-1,-1,-1,-1,-1,-1,-1,1
10054,＜魚類＞　（いわし類）　めざし　焼き,-1,-1,-1,-1,-1,-1,-1,-1,-1,-1,-1,-1,-1,-1,-1,-1,-1,-1,-1,1
10396,＜魚類＞　（いわし類）　しらす　生,-1,-1,-1,-1,-1,-1,-1,-1,-1,-1,-1,-1,-1,-1,-1,-1,-1,-1,-1,1
10445,＜魚類＞　（いわし類）　しらす　釜揚げしらす,-1,-1,-1,-1,-1,-1,-1,-1,-1,-1,-1,80,-1,-1,-1,-1,-1,-1,-1,1
10055,＜魚類＞　（いわし類）　しらす干し　微乾燥品,-1,-1,-1,-1,-1,-1,-1,2,-1,6,-1,-1,100,-1,-1,-1,-1,-1,-1,1
10056,＜魚類＞　（いわし類）　しらす干し　半乾燥品,-1,-1,-1,-1,-1,-1,5,-1,-1,5,-1,50,100,-1,-1,-1,-1,-1,-1,1
10057,＜魚類＞　（いわし類）　たたみいわし,-1,-1,-1,-1,-1,-1,-1,-1,-1,-1,-1,-1,-1,-1,-1,-1,-1,-1,-1,1
10058,＜魚類＞　（いわし類）　みりん干し　かたくちいわし,-1,-1,-1,-1,-1,-1,-1,-1,-1,-1,-1,-1,-1,-1,-1,-1,-1,-1,-1,1
10059,＜魚類＞　（いわし類）　みりん干し　まいわし,-1,-1,-1,-1,-1,-1,-1,-1,-1,-1,-1,-1,-1,-1,-1,-1,-1,-1,-1,1
10060,＜魚類＞　（いわし類）　缶詰　水煮,-1,-1,-1,-1,-1,-1,-1,-1,-1,-1,-1,-1,-1,100,-1,-1,-1,-1,-1,1
10061,＜魚類＞　（いわし類）　缶詰　味付け,-1,-1,-1,-1,-1,-1,-1,-1,-1,-1,-1,-1,-1,100,-1,-1,-1,-1,-1,1
10062,＜魚類＞　（いわし類）　缶詰　トマト漬,-1,-1,-1,-1,-1,-1,-1,-1,-1,-1,-1,-1,-1,100,-1,-1,-1,-1,-1,1
10063,＜魚類＞　（いわし類）　缶詰　油漬,-1,-1,100,-1,-1,50,-1,-1,-1,-1,-1,-1,-1,100,-1,-1,-1,-1,-1,1
10064,＜魚類＞　（いわし類）　缶詰　かば焼,-1,-1,-1,-1,-1,-1,-1,-1,-1,-1,-1,-1,-1,100,-1,-1,-1,-1,-1,1
10397,＜魚類＞　（いわし類）　缶詰　アンチョビ,-1,5,5,5,-1,-1,-1,5,-1,15,-1,-1,-1,50,-1,-1,-1,-1,-1,1
10065,＜魚類＞　いわな　養殖　生,-1,-1,-1,-1,-1,-1,-1,-1,-1,-1,-1,-1,-1,-1,-1,-1,-1,-1,-1,1
10066,＜魚類＞　うぐい　生,-1,-1,-1,-1,-1,-1,-1,-1,-1,-1,-1,-1,-1,-1,-1,-1,-1,-1,-1,1
10067,＜魚類＞　うなぎ　養殖　生,-1,-1,200,150,-1,-1,-1,-1,-1,-1,-1,-1,-1,-1,-1,30,-1,-1,-1,1
10068,＜魚類＞　うなぎ　きも　生,-1,-1,-1,-1,-1,-1,-1,-1,-1,-1,-1,-1,-1,-1,-1,-1,-1,-1,-1,1
10069,＜魚類＞　うなぎ　白焼き,-1,-1,140,-1,-1,-1,-1,-1,-1,-1,-1,-1,-1,-1,-1,-1,-1,-1,-1,1
10070,＜魚類＞　うなぎ　かば焼,-1,-1,140,-1,-1,-1,-1,-1,-1,-1,-1,-1,-1,-1,-1,-1,-1,-1,-1,1
10071,＜魚類＞　うまづらはぎ　生,-1,-1,-1,-1,-1,-1,-1,-1,-1,-1,-1,-1,-1,-1,-1,-1,-1,-1,-1,1
10072,＜魚類＞　うまづらはぎ　味付け開き干し,-1,-1,-1,-1,-1,-1,-1,-1,-1,-1,-1,-1,-1,-1,-1,-1,-1,-1,-1,1
10073,＜魚類＞　えい　生,-1,-1,-1,-1,-1,-1,-1,-1,-1,-1,-1,-1,-1,-1,-1,-1,-1,-1,-1,1
10074,＜魚類＞　えそ　生,-1,-1,-1,-1,-1,-1,-1,-1,-1,-1,-1,-1,-1,-1,-1,-1,-1,-1,-1,1
10075,＜魚類＞　おいかわ　生,-1,-1,-1,-1,-1,-1,-1,-1,-1,-1,-1,-1,-1,-1,-1,-1,-1,-1,-1,1
10076,＜魚類＞　おおさが　生,-1,-1,-1,-1,-1,-1,-1,-1,-1,-1,-1,-1,-1,-1,-1,-1,-1,-1,-1,1
10077,＜魚類＞　おこぜ　生,-1,-1,-1,-1,-1,-1,-1,-1,-1,-1,-1,-1,-1,-1,-1,-1,-1,-1,-1,1
10078,＜魚類＞　おひょう　生,-1,-1,-1,-1,-1,-1,-1,-1,-1,-1,-1,-1,-1,-1,-1,-1,-1,-1,-1,1
10079,＜魚類＞　かさご　生,-1,-1,-1,-1,-1,-1,-1,-1,-1,-1,-1,-1,-1,-1,-1,-1,-1,-1,-1,1
10080,＜魚類＞　かじか　生,-1,-1,-1,-1,-1,-1,-1,-1,-1,-1,-1,-1,-1,-1,-1,-1,-1,-1,-1,1
10081,＜魚類＞　かじか　水煮,-1,-1,-1,-1,-1,-1,-1,-1,-1,-1,-1,-1,-1,-1,-1,-1,-1,-1,-1,1
10082,＜魚類＞　かじか　つくだ煮,-1,-1,-1,-1,-1,-1,-1,-1,-1,-1,-1,-1,-1,-1,-1,-1,-1,-1,-1,1
10083,＜魚類＞　（かじき類）　くろかじき　生,-1,-1,-1,-1,-1,-1,-1,-1,-1,-1,-1,-1,-1,-1,-1,-1,-1,-1,-1,1
10084,＜魚類＞　（かじき類）　まかじき　生,-1,200,200000,200,-1,-1,-1,-1,-1,-1,-1,-1,-1,-1,-1,-1,-1,-1,-1,1
10085,＜魚類＞　（かじき類）　めかじき　生,-1,-1,-1,-1,-1,-1,-1,-1,-1,-1,-1,-1,-1,-1,-1,-1,-1,-1,-1,1
10398,＜魚類＞　（かじき類）　めかじき　焼き,-1,-1,-1,-1,-1,-1,-1,-1,-1,-1,-1,-1,-1,-1,-1,-1,-1,-1,-1,1
10086,＜魚類＞　（かつお類）　かつお　春獲り　生,-1,180,19000,200,-1,-1,-1,-1,-1,-1,-1,-1,-1,-1,-1,-1,-1,-1,-1,1
10087,＜魚類＞　（かつお類）　かつお　秋獲り　生,-1,-1,-1,-1,-1,-1,-1,-1,-1,-1,-1,-1,-1,-1,-1,-1,-1,-1,-1,1
10088,＜魚類＞　（かつお類）　そうだがつお　生,-1,-1,-1,-1,-1,-1,-1,-1,-1,-1,-1,-1,-1,-1,-1,-1,-1,-1,-1,1
10089,＜魚類＞　（かつお類）　加工品　なまり,-1,-1,-1,-1,-1,-1,-1,-1,-1,-1,-1,-1,-1,-1,-1,-1,-1,-1,-1,1
10090,＜魚類＞　（かつお類）　加工品　なまり節,-1,-1,-1,-1,-1,-1,-1,-1,-1,-1,19,-1,-1,-1,-1,-1,-1,-1,-1,1
10446,＜魚類＞　（かつお類）　加工品　裸節,-1,-1,-1,-1,-1,-1,-1,-1,-1,-1,19,-1,-1,-1,-1,-1,-1,-1,-1,1
10091,＜魚類＞　（かつお類）　加工品　かつお節,-1,-1,-1,-1,-1,-1,1,2,-1,2,19,80,-1,-1,-1,-1,-1,-1,-1,1
10092,＜魚類＞　（かつお類）　加工品　削り節,-1,-1,-1,-1,-1,-1,-1,-1,-1,-1,19,80,-1,-1,-1,-1,-1,-1,-1,1
10093,＜魚類＞　（かつお類）　加工品　削り節つくだ煮,-1,-1,-1,-1,-1,-1,-1,-1,-1,-1,-1,-1,-1,-1,-1,-1,-1,-1,-1,1
10094,＜魚類＞　（かつお類）　加工品　角煮,-1,-1,-1,-1,-1,-1,-1,-1,-1,-1,-1,-1,-1,-1,-1,-1,-1,-1,-1,1
10095,＜魚類＞　（かつお類）　加工品　塩辛,-1,-1,-1,-1,-1,-1,-1,-1,-1,-1,-1,-1,-1,-1,-1,-1,-1,-1,-1,1
10096,＜魚類＞　（かつお類）　缶詰　味付け　フレーク,-1,-1,-1,-1,-1,-1,-1,12,-1,38,-1,-1,-1,70,-1,-1,-1,-1,-1,1
10097,＜魚類＞　（かつお類）　缶詰　油漬　フレーク,-1,-1,-1,-1,-1,-1,-1,12,-1,38,-1,-1,-1,70,-1,-1,-1,-1,-1,1
10098,＜魚類＞　かます　生,-1,-1,-1,-1,-1,-1,-1,-1,-1,-1,-1,-1,-1,-1,-1,-1,-1,-1,-1,1
10099,＜魚類＞　かます　焼き,-1,-1,-1,-1,-1,-1,-1,-1,-1,-1,-1,-1,-1,-1,-1,-1,-1,-1,-1,1
10100,＜魚類＞　（かれい類）　まがれい　生,-1,100,-1,100,-1,-1,-1,-1,-1,-1,-1,-1,-1,-1,-1,-1,-1,-1,-1,1
10101,＜魚類＞　（かれい類）　まがれい　水煮,-1,100,-1,100,-1,-1,-1,-1,-1,-1,-1,-1,-1,-1,-1,-1,-1,-1,-1,1
10102,＜魚類＞　（かれい類）　まがれい　焼き,-1,100,-1,100,-1,-1,-1,-1,-1,-1,-1,-1,-1,-1,-1,-1,-1,-1,-1,1
10103,＜魚類＞　（かれい類）　まこがれい　生,-1,100,-1,100,-1,-1,-1,-1,-1,-1,-1,-1,-1,-1,-1,-1,-1,-1,-1,1
10399,＜魚類＞　（かれい類）　まこがれい　焼き,-1,100,-1,100,-1,-1,-1,-1,-1,-1,-1,-1,-1,-1,-1,-1,-1,-1,-1,1
10104,＜魚類＞　（かれい類）　子持ちがれい　生,-1,100,-1,100,-1,-1,-1,-1,-1,-1,-1,-1,-1,-1,-1,-1,-1,-1,-1,1
10105,＜魚類＞　（かれい類）　子持ちがれい　水煮,-1,100,-1,100,-1,-1,-1,-1,-1,-1,-1,-1,-1,-1,-1,-1,-1,-1,-1,1
10106,＜魚類＞　（かれい類）　干しかれい,-1,-1,-1,-1,-1,-1,-1,-1,-1,-1,-1,-1,-1,-1,-1,-1,-1,-1,-1,1
10107,＜魚類＞　かわはぎ　生,-1,-1,-1,20,-1,-1,-1,-1,-1,-1,-1,-1,-1,-1,-1,-1,-1,-1,-1,1
10108,＜魚類＞　かんぱち　三枚おろし　生,-1,-1,-1,-1,-1,-1,-1,-1,-1,-1,-1,-1,-1,-1,-1,-1,-1,-1,-1,1
10424,＜魚類＞　かんぱち　背側　生,-1,-1,-1,-1,-1,-1,-1,-1,-1,-1,-1,-1,-1,-1,-1,-1,-1,-1,-1,1
10109,＜魚類＞　きす　生,-1,-1,-1,-1,-1,-1,-1,-1,-1,-1,-1,-1,-1,-1,-1,-1,-1,-1,-1,1
10400,＜魚類＞　きす　天ぷら,-1,-1,-1,-1,-1,-1,-1,-1,-1,-1,-1,-1,-1,-1,-1,-1,-1,-1,-1,1
10110,＜魚類＞　きちじ　生,-1,-1,-1,-1,-1,-1,-1,-1,-1,-1,-1,-1,-1,-1,-1,-1,-1,-1,-1,1
10111,＜魚類＞　きびなご　生,-1,-1,-1,-1,-1,-1,-1,-1,-1,-1,-1,-1,-1,-1,-1,-1,-1,-1,-1,1
10112,＜魚類＞　きびなご　調味干し,-1,-1,-1,-1,-1,-1,-1,-1,-1,-1,-1,-1,-1,-1,-1,-1,-1,-1,-1,1
10113,＜魚類＞　キャビア　塩蔵品,-1,-1,-1,-1,-1,-1,-1,-1,-1,-1,-1,-1,-1,-1,-1,-1,-1,-1,-1,1
10114,＜魚類＞　キングクリップ　生,-1,-1,-1,-1,-1,-1,-1,-1,-1,-1,-1,-1,-1,-1,-1,-1,-1,-1,-1,1
10115,＜魚類＞　ぎんだら　生,-1,-1,-1,-1,-1,-1,-1,-1,-1,-1,-1,-1,-1,-1,-1,-1,-1,-1,-1,1
10401,＜魚類＞　ぎんだら　水煮,-1,-1,-1,-1,-1,-1,-1,-1,-1,-1,-1,-1,-1,-1,-1,-1,-1,-1,-1,1
10116,＜魚類＞　きんめだい　生,-1,-1,-1,500,-1,-1,-1,-1,-1,-1,-1,-1,-1,-1,-1,-1,-1,-1,-1,1
10117,＜魚類＞　ぐち　生,-1,-1,-1,-1,-1,-1,-1,-1,-1,-1,-1,-1,-1,-1,-1,-1,-1,-1,-1,1
10118,＜魚類＞　ぐち　焼き,-1,-1,-1,-1,-1,-1,-1,-1,-1,-1,-1,-1,-1,-1,-1,-1,-1,-1,-1,1
10119,＜魚類＞　こい　養殖　生,-1,-1,-1,-1,-1,-1,-1,-1,-1,-1,-1,-1,-1,-1,-1,-1,-1,-1,-1,1
10120,＜魚類＞　こい　養殖　水煮,-1,-1,-1,-1,-1,-1,-1,-1,-1,-1,-1,-1,-1,-1,-1,-1,-1,-1,-1,1
10121,＜魚類＞　こい　養殖　内臓　生,-1,-1,-1,-1,-1,-1,-1,-1,-1,-1,-1,-1,-1,-1,-1,-1,-1,-1,-1,1
10122,＜魚類＞　（こち類）　まごち　生,-1,-1,-1,-1,-1,-1,-1,-1,-1,-1,-1,-1,-1,-1,-1,-1,-1,-1,-1,1
10123,＜魚類＞　（こち類）　めごち　生,-1,-1,-1,-1,-1,-1,-1,-1,-1,-1,-1,-1,-1,-1,-1,-1,-1,-1,-1,1
10124,＜魚類＞　このしろ　生,-1,-1,-1,-1,-1,-1,-1,-1,-1,-1,-1,-1,-1,-1,-1,-1,-1,-1,-1,1
10125,＜魚類＞　このしろ　甘酢漬,-1,-1,-1,-1,-1,-1,-1,-1,-1,-1,-1,-1,-1,-1,-1,-1,-1,-1,-1,1
10126,＜魚類＞　（さけ・ます類）　からふとます　生,-1,-1,-1,-1,-1,-1,-1,-1,-1,-1,-1,-1,-1,-1,-1,-1,-1,-1,-1,1
10127,＜魚類＞　（さけ・ます類）　からふとます　焼き,-1,-1,-1,-1,-1,-1,-1,-1,-1,-1,-1,-1,-1,-1,-1,-1,-1,-1,-1,1
10128,＜魚類＞　（さけ・ます類）　からふとます　塩ます,-1,-1,-1,-1,-1,-1,-1,-1,-1,-1,-1,-1,-1,-1,-1,-1,-1,-1,-1,1
10129,＜魚類＞　（さけ・ます類）　からふとます　水煮缶詰,-1,-1,-1,-1,-1,-1,-1,-1,-1,-1,-1,-1,-1,-1,-1,-1,-1,-1,-1,1
10130,＜魚類＞　（さけ・ます類）　ぎんざけ　養殖　生,-1,-1,-1,-1,-1,-1,-1,-1,-1,-1,-1,-1,-1,-1,-1,-1,-1,-1,-1,1
10131,＜魚類＞　（さけ・ます類）　ぎんざけ　養殖　焼き,-1,-1,-1,-1,-1,-1,-1,-1,-1,-1,-1,-1,-1,-1,-1,-1,-1,-1,-1,1
10132,＜魚類＞　（さけ・ます類）　さくらます　生,-1,-1,-1,-1,-1,-1,-1,-1,-1,-1,-1,-1,-1,-1,-1,-1,-1,-1,-1,1
10133,＜魚類＞　（さけ・ます類）　さくらます　焼き,-1,-1,-1,-1,-1,-1,-1,-1,-1,-1,-1,-1,-1,-1,-1,-1,-1,-1,-1,1
10134,＜魚類＞　（さけ・ます類）　しろさけ　生,-1,100,-1,100,-1,50,-1,-1,-1,10,-1,-1,-1,-1,-1,-1,-1,-1,-1,1
10135,＜魚類＞　（さけ・ます類）　しろさけ　水煮,-1,-1,-1,-1,-1,-1,1,-1,-1,-1,-1,-1,-1,-1,-1,-1,-1,-1,-1,1
10136,＜魚類＞　（さけ・ます類）　しろさけ　焼き,-1,-1,-1,-1,-1,-1,-1,-1,-1,-1,-1,-1,-1,-1,-1,-1,-1,-1,-1,1
10137,＜魚類＞　（さけ・ます類）　しろさけ　新巻き　生,-1,-1,-1,-1,-1,-1,-1,-1,-1,-1,-1,-1,-1,-1,-1,-1,-1,-1,-1,1
10138,＜魚類＞　（さけ・ます類）　しろさけ　新巻き　焼き,-1,-1,-1,-1,-1,-1,-1,-1,-1,-1,-1,-1,-1,-1,-1,-1,-1,-1,-1,1
10139,＜魚類＞　（さけ・ます類）　しろさけ　塩ざけ,-1,70,-1,70,-1,35,-1,-1,-1,-1,-1,-1,-1,-1,-1,-1,-1,-1,-1,1
10140,＜魚類＞　（さけ・ます類）　しろさけ　イクラ,-1,100,-1,100,-1,50,-1,-1,-1,15,-1,-1,-1,-1,-1,-1,-1,-1,-1,1
10141,＜魚類＞　（さけ・ます類）　しろさけ　すじこ,-1,-1,-1,-1,-1,-1,-1,-1,-1,-1,-1,-1,-1,-1,-1,-1,-1,-1,-1,1
10142,＜魚類＞　（さけ・ます類）　しろさけ　めふん,-1,-1,-1,-1,-1,-1,-1,-1,-1,-1,-1,-1,-1,-1,-1,-1,-1,-1,-1,1
10143,＜魚類＞　（さけ・ます類）　しろさけ　水煮缶詰,-1,-1,-1,180,-1,-1,-1,-1,-1,-1,-1,-1,-1,180,-1,-1,-1,-1,-1,1
10447,＜魚類＞　（さけ・ます類）　しろさけ　サケ節　削り節,-1,-1,-1,-1,-1,-1,-1,-1,-1,-1,-1,-1,-1,-1,-1,-1,-1,-1,-1,1
10144,＜魚類＞　（さけ・ます類）　たいせいようさけ　養殖　皮つき　生,-1,100,-1,80,-1,50,-1,-1,-1,-1,-1,-1,-1,-1,-1,-1,-1,-1,-1,1
10433,＜魚類＞　（さけ・ます類）　たいせいようさけ　養殖　皮つき　水煮,-1,-1,-1,-1,-1,-1,-1,-1,-1,-1,-1,-1,-1,-1,-1,-1,-1,-1,-1,1
10434,＜魚類＞　（さけ・ます類）　たいせいようさけ　養殖　皮つき　蒸し,-1,-1,-1,-1,-1,-1,-1,-1,-1,-1,-1,-1,-1,-1,-1,-1,-1,-1,-1,1
10435,＜魚類＞　（さけ・ます類）　たいせいようさけ　養殖　皮つき　電子レンジ調理,-1,-1,-1,-1,-1,-1,-1,-1,-1,-1,-1,-1,-1,-1,-1,-1,-1,-1,-1,1
10145,＜魚類＞　（さけ・ます類）　たいせいようさけ　養殖　皮つき　焼き,-1,-1,-1,-1,-1,-1,-1,-1,-1,-1,-1,-1,-1,48,-1,-1,-1,-1,-1,1
10436,＜魚類＞　（さけ・ます類）　たいせいようさけ　養殖　皮つき　ソテー,-1,-1,-1,-1,-1,-1,-1,-1,-1,-1,-1,-1,-1,-1,-1,-1,-1,-1,-1,1
10437,＜魚類＞　（さけ・ます類）　たいせいようさけ　養殖　皮つき　天ぷら,-1,-1,-1,-1,-1,-1,-1,-1,-1,-1,-1,-1,-1,-1,-1,-1,-1,-1,-1,1
10438,＜魚類＞　（さけ・ます類）　たいせいようさけ　養殖　皮なし　生,-1,-1,-1,20,200,100,-1,-1,-1,-1,-1,-1,-1,-1,-1,-1,-1,-1,-1,1
10439,＜魚類＞　（さけ・ます類）　たいせいようさけ　養殖　皮なし　水煮,-1,-1,-1,-1,-1,-1,-1,-1,-1,-1,-1,-1,-1,-1,-1,-1,-1,-1,-1,1
10440,＜魚類＞　（さけ・ます類）　たいせいようさけ　養殖　皮なし　蒸し,-1,-1,-1,-1,-1,-1,-1,-1,-1,-1,-1,-1,-1,-1,-1,-1,-1,-1,-1,1
10441,＜魚類＞　（さけ・ます類）　たいせいようさけ　養殖　皮なし　電子レンジ調理,-1,-1,-1,-1,-1,-1,-1,-1,-1,-1,-1,-1,-1,-1,-1,-1,-1,-1,-1,1
10442,＜魚類＞　（さけ・ます類）　たいせいようさけ　養殖　皮なし　焼き,-1,-1,-1,-1,-1,-1,-1,-1,-1,-1,-1,-1,-1,-1,-1,-1,-1,-1,-1,1
10443,＜魚類＞　（さけ・ます類）　たいせいようさけ　養殖　皮なし　ソテー,-1,-1,-1,-1,-1,-1,-1,-1,-1,-1,-1,-1,-1,-1,-1,-1,-1,-1,-1,1
10444,＜魚類＞　（さけ・ます類）　たいせいようさけ　養殖　皮なし　天ぷら,-1,-1,-1,-1,-1,-1,-1,-1,-1,-1,-1,-1,-1,-1,-1,-1,-1,-1,-1,1
10146,＜魚類＞　（さけ・ます類）　にじます　海面養殖　皮つき　生,-1,-1,-1,-1,-1,-1,-1,-1,-1,-1,-1,-1,-1,-1,-1,-1,-1,-1,-1,1
10402,＜魚類＞　（さけ・ます類）　にじます　海面養殖　皮なし　生,-1,-1,-1,-1,-1,-1,-1,-1,-1,-1,-1,-1,-1,-1,-1,-1,-1,-1,-1,1
10147,＜魚類＞　（さけ・ます類）　にじます　海面養殖　皮つき　焼き,-1,-1,-1,-1,-1,-1,-1,-1,-1,-1,-1,-1,-1,-1,-1,-1,-1,-1,-1,1
10148,＜魚類＞　（さけ・ます類）　にじます　淡水養殖　皮つき　生,-1,-1,-1,-1,-1,-1,-1,-1,-1,-1,-1,-1,-1,-1,-1,-1,-1,-1,-1,1
10149,＜魚類＞　（さけ・ます類）　べにざけ　生,-1,-1,-1,-1,-1,-1,-1,-1,-1,-1,-1,-1,-1,-1,-1,-1,-1,-1,-1,1
10150,＜魚類＞　（さけ・ます類）　べにざけ　焼き,-1,-1,-1,-1,-1,-1,-1,-1,-1,-1,-1,-1,-1,-1,-1,-1,-1,-1,-1,1
10151,＜魚類＞　（さけ・ます類）　べにざけ　くん製,-1,10,-1,10,-1,-1,-1,-1,-1,-1,-1,-1,-1,-1,-1,-1,-1,-1,-1,1
10152,＜魚類＞　（さけ・ます類）　ますのすけ　生,-1,-1,-1,-1,-1,-1,-1,-1,-1,-1,-1,-1,-1,-1,-1,-1,-1,-1,-1,1
10153,＜魚類＞　（さけ・ます類）　ますのすけ　焼き,-1,-1,-1,-1,-1,-1,-1,-1,-1,-1,-1,-1,-1,-1,-1,-1,-1,-1,-1,1
10154,＜魚類＞　（さば類）　まさば　生,400,120,300,120,-1,-1,-1,-1,-1,-1,-1,-1,-1,-1,-1,-1,-1,-1,-1,1
10155,＜魚類＞　（さば類）　まさば　水煮,-1,-1,-1,-1,-1,-1,-1,-1,-1,-1,-1,-1,-1,132,-1,-1,-1,-1,-1,1
10156,＜魚類＞　（さば類）　まさば　焼き,-1,-1,-1,-1,-1,-1,-1,-1,-1,-1,-1,-1,-1,-1,-1,-1,-1,-1,-1,1
10403,＜魚類＞　（さば類）　まさば　フライ,-1,-1,-1,-1,-1,-1,-1,-1,-1,-1,-1,-1,-1,-1,-1,-1,-1,-1,-1,1
10404,＜魚類＞　（さば類）　ごまさば　生,-1,-1,-1,-1,-1,-1,-1,-1,-1,-1,-1,-1,-1,-1,-1,-1,-1,-1,-1,1
10405,＜魚類＞　（さば類）　ごまさば　水煮,-1,-1,-1,-1,-1,-1,-1,-1,-1,-1,-1,-1,-1,-1,-1,-1,-1,-1,-1,1
10406,＜魚類＞　（さば類）　ごまさば　焼き,-1,-1,-1,-1,-1,-1,-1,-1,-1,-1,-1,-1,-1,-1,-1,-1,-1,-1,-1,1
10157,＜魚類＞　（さば類）　ごまさば　さば節,-1,-1,-1,-1,-1,-1,-1,-1,-1,-1,-1,-1,-1,-1,-1,-1,-1,-1,-1,1
10158,＜魚類＞　（さば類）　たいせいようさば　生,-1,-1,-1,-1,-1,-1,-1,-1,-1,-1,-1,-1,-1,-1,-1,-1,-1,-1,-1,1
10159,＜魚類＞　（さば類）　たいせいようさば　水煮,-1,-1,-1,-1,-1,-1,-1,-1,-1,-1,-1,-1,-1,-1,-1,-1,-1,-1,-1,1
10160,＜魚類＞　（さば類）　たいせいようさば　焼き,-1,-1,-1,-1,-1,-1,-1,-1,-1,-1,-1,-1,-1,-1,-1,-1,-1,-1,-1,1
10161,＜魚類＞　（さば類）　加工品　塩さば,-1,60,-1,-1,-1,-1,-1,-1,-1,-1,-1,-1,-1,-1,-1,-1,-1,-1,-1,1
10162,＜魚類＞　（さば類）　加工品　開き干し,-1,-1,-1,-1,-1,-1,-1,-1,-1,-1,-1,-1,-1,-1,-1,-1,-1,-1,-1,1
10163,＜魚類＞　（さば類）　加工品　しめさば,-1,-1,-1,-1,-1,-1,-1,-1,-1,-1,-1,-1,-1,-1,-1,-1,-1,-1,-1,1
10164,＜魚類＞　（さば類）　缶詰　水煮,-1,-1,-1,-1,-1,-1,-1,-1,-1,-1,-1,-1,-1,200,-1,-1,-1,-1,-1,1
10165,＜魚類＞　（さば類）　缶詰　みそ煮,-1,-1,-1,-1,-1,-1,-1,-1,-1,-1,-1,-1,-1,200,-1,-1,-1,-1,-1,1
10166,＜魚類＞　（さば類）　缶詰　味付け,-1,-1,-1,-1,-1,-1,-1,-1,-1,-1,-1,-1,-1,200,-1,-1,-1,-1,-1,1
10167,＜魚類＞　（さめ類）　あぶらつのざめ　生,-1,-1,-1,-1,-1,-1,-1,-1,-1,-1,-1,-1,-1,-1,-1,-1,-1,-1,-1,1
10168,＜魚類＞　（さめ類）　よしきりざめ　生,-1,-1,-1,-1,-1,-1,-1,-1,-1,-1,-1,-1,-1,-1,-1,-1,-1,-1,-1,1
10169,＜魚類＞　（さめ類）　ふかひれ,-1,-1,-1,-1,-1,-1,-1,-1,-1,-1,-1,-1,-1,-1,-1,-1,-1,-1,-1,1
10170,＜魚類＞　さより　生,-1,-1,-1,-1,-1,-1,-1,-1,-1,-1,-1,-1,-1,-1,-1,-1,-1,-1,-1,1
10171,＜魚類＞　さわら　生,-1,-1,-1,-1,-1,-1,-1,-1,-1,-1,-1,-1,-1,-1,-1,-1,-1,-1,-1,1
10172,＜魚類＞　さわら　焼き,-1,-1,-1,-1,-1,-1,-1,-1,-1,-1,-1,-1,-1,-1,-1,-1,-1,-1,-1,1
10173,＜魚類＞　さんま　皮つき　生,-1,-1,150,160,-1,-1,-1,-1,-1,-1,-1,-1,-1,-1,-1,-1,-1,-1,-1,1
10407,＜魚類＞　さんま　皮なし　生,-1,-1,-1,-1,-1,-1,-1,-1,-1,-1,-1,-1,-1,-1,-1,-1,-1,-1,-1,1
10174,＜魚類＞　さんま　皮つき　焼き,-1,-1,-1,-1,-1,-1,-1,-1,-1,-1,-1,-1,-1,-1,-1,-1,-1,-1,-1,1
10175,＜魚類＞　さんま　開き干し,-1,-1,-1,-1,-1,-1,-1,-1,-1,-1,-1,-1,-1,-1,-1,-1,-1,-1,-1,1
10176,＜魚類＞　さんま　みりん干し,-1,-1,-1,-1,-1,-1,-1,-1,-1,-1,-1,-1,-1,-1,-1,-1,-1,-1,-1,1
10177,＜魚類＞　さんま　缶詰　味付け,-1,-1,-1,-1,-1,-1,-1,-1,-1,-1,-1,-1,-1,-1,-1,-1,-1,-1,-1,1
10178,＜魚類＞　さんま　缶詰　かば焼,-1,-1,-1,-1,-1,-1,-1,-1,-1,-1,-1,-1,-1,-1,-1,-1,-1,-1,-1,1
10179,＜魚類＞　しいら　生,-1,-1,-1,-1,-1,-1,-1,-1,-1,-1,-1,-1,-1,-1,-1,-1,-1,-1,-1,1
10180,＜魚類＞　（ししゃも類）　ししゃも　生干し　生,-1,-1,20,-1,-1,-1,-1,-1,-1,-1,-1,100,-1,-1,-1,-1,-1,-1,-1,1
10181,＜魚類＞　（ししゃも類）　ししゃも　生干し　焼き,-1,-1,-1,-1,-1,-1,-1,-1,-1,-1,-1,-1,-1,-1,-1,-1,-1,-1,-1,1
10182,＜魚類＞　（ししゃも類）　からふとししゃも　生干し　生,-1,-1,-1,-1,-1,-1,-1,-1,-1,-1,-1,-1,-1,-1,-1,-1,-1,-1,-1,1
10183,＜魚類＞　（ししゃも類）　からふとししゃも　生干し　焼き,-1,-1,-1,-1,-1,-1,-1,-1,-1,-1,-1,-1,-1,-1,-1,-1,-1,-1,-1,1
10184,＜魚類＞　したびらめ　生,-1,-1,-1,-1,-1,-1,-1,-1,-1,-1,-1,-1,-1,-1,-1,-1,-1,-1,-1,1
10185,＜魚類＞　しまあじ　養殖　生,-1,-1,-1,-1,-1,-1,-1,-1,-1,-1,-1,-1,-1,-1,-1,-1,-1,-1,-1,1
10186,＜魚類＞　しらうお　生,-1,-1,-1,-1,-1,-1,-1,-1,-1,-1,-1,-1,-1,-1,-1,-1,-1,-1,-1,1
10187,＜魚類＞　シルバー　生,-1,-1,-1,-1,-1,-1,-1,-1,-1,-1,-1,-1,-1,-1,-1,-1,-1,-1,-1,1
10188,＜魚類＞　すずき　生,-1,-1,-1,-1,-1,-1,-1,-1,-1,-1,-1,-1,-1,-1,-1,-1,-1,-1,-1,1
10189,＜魚類＞　（たい類）　きだい　生,-1,-1,-1,-1,-1,-1,-1,-1,-1,-1,-1,-1,-1,-1,-1,-1,-1,-1,-1,1
10190,＜魚類＞　（たい類）　くろだい　生,-1,-1,-1,-1,-1,-1,-1,-1,-1,-1,-1,-1,-1,-1,-1,-1,-1,-1,-1,1
10191,＜魚類＞　（たい類）　ちだい　生,-1,-1,-1,-1,-1,-1,-1,-1,-1,-1,-1,-1,-1,-1,-1,-1,-1,-1,-1,1
10192,＜魚類＞　（たい類）　まだい　天然　生,-1,-1,-1,-1,-1,-1,-1,-1,-1,-1,-1,150,-1,-1,-1,-1,-1,-1,-1,1
10193,＜魚類＞　（たい類）　まだい　養殖　皮つき　生,-1,80,1000,15,-1,40,-1,-1,-1,-1,-1,-1,-1,-1,-1,-1,-1,-1,-1,1
10194,＜魚類＞　（たい類）　まだい　養殖　皮つき　水煮,-1,-1,-1,-1,-1,-1,-1,-1,-1,-1,-1,-1,-1,-1,-1,-1,-1,-1,-1,1
10195,＜魚類＞　（たい類）　まだい　養殖　皮つき　焼き,-1,-1,-1,-1,-1,-1,-1,-1,-1,-1,-1,-1,-1,-1,-1,-1,-1,-1,-1,1
10408,＜魚類＞　（たい類）　まだい　養殖　皮なし　生,-1,-1,-1,-1,-1,-1,-1,-1,-1,-1,-1,-1,-1,-1,-1,-1,-1,-1,-1,1
10196,＜魚類＞　たかさご　生,-1,-1,-1,-1,-1,-1,-1,-1,-1,-1,-1,-1,-1,-1,-1,-1,-1,-1,-1,1
10197,＜魚類＞　たかべ　生,-1,-1,-1,-1,-1,-1,-1,-1,-1,-1,-1,-1,-1,-1,-1,-1,-1,-1,-1,1
10198,＜魚類＞　たちうお　生,-1,-1,-1,-1,-1,-1,-1,-1,-1,-1,-1,-1,-1,-1,-1,-1,-1,-1,-1,1
10199,＜魚類＞　（たら類）　すけとうだら　生,-1,80,770,-1,-1,-1,-1,-1,-1,-1,-1,-1,-1,-1,-1,-1,-1,-1,-1,1
10409,＜魚類＞　（たら類）　すけとうだら　フライ,-1,-1,-1,-1,-1,-1,-1,-1,-1,-1,-1,-1,-1,-1,-1,-1,-1,-1,-1,1
10200,＜魚類＞　（たら類）　すけとうだら　すり身,-1,-1,-1,-1,-1,-1,-1,-1,-1,-1,-1,-1,-1,-1,-1,-1,-1,-1,-1,1
10201,＜魚類＞　（たら類）　すけとうだら　すきみだら,-1,-1,-1,-1,-1,-1,-1,-1,-1,-1,-1,-1,-1,-1,-1,-1,-1,-1,-1,1
10202,＜魚類＞　（たら類）　すけとうだら　たらこ　生,-1,-1,50,70,-1,-1,-1,-1,-1,-1,-1,-1,-1,-1,-1,-1,-1,-1,-1,1
10203,＜魚類＞　（たら類）　すけとうだら　たらこ　焼き,-1,-1,-1,-1,-1,-1,-1,-1,-1,-1,-1,-1,-1,-1,-1,-1,-1,-1,-1,1
10204,＜魚類＞　（たら類）　すけとうだら　からしめんたいこ,-1,-1,40,40,-1,20,-1,5,-1,15,-1,-1,-1,-1,-1,-1,40,-1,-1,1
10205,＜魚類＞　（たら類）　まだら　生,-1,80,12000,90,-1,-1,-1,-1,-1,-1,-1,-1,-1,-1,-1,-1,-1,-1,-1,1
10206,＜魚類＞　（たら類）　まだら　焼き,-1,-1,-1,-1,-1,-1,-1,-1,-1,-1,-1,-1,-1,-1,-1,-1,-1,-1,-1,1
10207,＜魚類＞　（たら類）　まだら　しらこ　生,-1,-1,-1,-1,-1,-1,-1,-1,-1,-1,-1,-1,-1,-1,-1,-1,-1,-1,-1,1
10208,＜魚類＞　（たら類）　まだら　塩だら,-1,-1,-1,-1,-1,-1,-1,-1,-1,-1,-1,-1,-1,-1,-1,-1,-1,-1,-1,1
10209,＜魚類＞　（たら類）　まだら　干しだら,-1,-1,-1,-1,-1,-1,-1,-1,-1,-1,-1,-1,-1,-1,-1,-1,-1,-1,-1,1
10210,＜魚類＞　（たら類）　加工品　でんぶ,-1,-1,-1,-1,-1,-1,-1,-1,-1,-1,-1,-1,-1,-1,-1,-1,-1,-1,-1,1
10448,＜魚類＞　（たら類）　加工品　桜でんぶ,-1,-1,-1,-1,-1,-1,-1,3,-1,9,-1,-1,-1,-1,-1,-1,-1,-1,-1,1
10211,＜魚類＞　ちか　生,-1,-1,-1,-1,-1,-1,-1,-1,-1,-1,-1,-1,-1,-1,-1,-1,-1,-1,-1,1
10213,＜魚類＞　どじょう　生,-1,-1,-1,-1,-1,-1,-1,-1,-1,-1,-1,-1,-1,-1,-1,-1,-1,-1,-1,1
10214,＜魚類＞　どじょう　水煮,-1,-1,-1,-1,-1,-1,-1,-1,-1,-1,-1,-1,-1,-1,-1,-1,-1,-1,-1,1
10215,＜魚類＞　とびうお　生,-1,-1,-1,-1,-1,-1,-1,-1,-1,-1,-1,-1,-1,-1,-1,-1,-1,-1,-1,1
10421,＜魚類＞　とびうお　煮干し,-1,-1,-1,-1,-1,-1,-1,-1,-1,-1,-1,-1,-1,-1,-1,-1,-1,-1,-1,1
10422,＜魚類＞　とびうお　焼き干し,-1,-1,-1,-1,-1,-1,-1,-1,-1,-1,-1,-1,-1,-1,-1,-1,-1,-1,-1,1
10212,＜魚類＞　ナイルティラピア　生,-1,-1,-1,-1,-1,-1,-1,-1,-1,-1,-1,-1,-1,-1,-1,-1,-1,-1,-1,1
10216,＜魚類＞　なまず　生,-1,-1,-1,-1,-1,-1,-1,-1,-1,-1,-1,-1,-1,-1,-1,-1,-1,-1,-1,1
10217,＜魚類＞　にぎす　生,-1,-1,-1,-1,-1,-1,-1,-1,-1,-1,-1,-1,-1,-1,-1,-1,-1,-1,-1,1
10218,＜魚類＞　にしん　生,-1,-1,-1,-1,-1,-1,-1,-1,-1,-1,-1,-1,-1,-1,-1,-1,-1,-1,-1,1
10219,＜魚類＞　にしん　身欠きにしん,-1,-1,-1,-1,-1,-1,-1,-1,-1,-1,-1,-1,-1,-1,-1,-1,-1,-1,-1,1
10220,＜魚類＞　にしん　開き干し,-1,-1,-1,-1,-1,-1,-1,-1,-1,-1,-1,-1,-1,-1,-1,-1,-1,-1,-1,1
10221,＜魚類＞　にしん　くん製,-1,-1,-1,-1,-1,-1,-1,-1,-1,-1,-1,-1,-1,-1,-1,-1,-1,-1,-1,1
10222,＜魚類＞　にしん　かずのこ　生,-1,-1,-1,-1,-1,-1,-1,-1,-1,-1,-1,-1,-1,-1,-1,-1,-1,-1,-1,1
10223,＜魚類＞　にしん　かずのこ　乾,-1,-1,-1,-1,-1,-1,-1,-1,-1,-1,-1,-1,-1,-1,-1,-1,-1,-1,-1,1
10224,＜魚類＞　にしん　かずのこ　塩蔵　水戻し,-1,-1,-1,-1,-1,-1,-1,-1,-1,-1,-1,-1,-1,-1,-1,-1,-1,-1,-1,1
10225,＜魚類＞　はぜ　生,-1,-1,-1,-1,-1,-1,-1,-1,-1,-1,-1,-1,-1,-1,-1,-1,-1,-1,-1,1
10226,＜魚類＞　はぜ　つくだ煮,-1,-1,-1,-1,-1,-1,-1,-1,-1,-1,-1,-1,-1,-1,-1,-1,-1,-1,-1,1
10227,＜魚類＞　はぜ　甘露煮,-1,-1,-1,-1,-1,-1,-1,-1,-1,-1,-1,-1,-1,-1,-1,-1,-1,-1,-1,1
10228,＜魚類＞　はたはた　生,-1,-1,-1,-1,-1,-1,-1,-1,-1,-1,-1,-1,-1,-1,-1,-1,-1,-1,-1,1
10229,＜魚類＞　はたはた　生干し,-1,-1,-1,-1,-1,-1,-1,-1,-1,-1,-1,-1,-1,-1,-1,-1,-1,-1,-1,1
10230,＜魚類＞　はまふえふき　生,-1,-1,-1,-1,-1,-1,-1,-1,-1,-1,-1,-1,-1,-1,-1,-1,-1,-1,-1,1
10231,＜魚類＞　はも　生,-1,-1,-1,-1,-1,-1,-1,-1,-1,-1,-1,-1,-1,-1,-1,-1,-1,-1,-1,1
10233,＜魚類＞　ひらまさ　生,-1,-1,-1,-1,-1,-1,-1,-1,-1,-1,-1,-1,-1,-1,-1,-1,-1,-1,-1,1
10234,＜魚類＞　ひらめ　天然　生,-1,-1,-1,-1,-1,-1,-1,-1,-1,-1,-1,-1,-1,-1,-1,-1,-1,-1,-1,1
10235,＜魚類＞　ひらめ　養殖　皮つき　生,-1,-1,-1,-1,-1,-1,-1,-1,-1,-1,-1,-1,-1,-1,-1,-1,-1,-1,-1,1
10410,＜魚類＞　ひらめ　養殖　皮なし　生,-1,-1,-1,-1,-1,-1,-1,-1,-1,-1,-1,-1,-1,-1,-1,-1,-1,-1,-1,1
10236,＜魚類＞　（ふぐ類）　とらふぐ　養殖　生,-1,-1,-1,-1,-1,-1,-1,-1,-1,-1,-1,-1,-1,-1,-1,-1,-1,-1,-1,1
10237,＜魚類＞　（ふぐ類）　まふぐ　生,-1,-1,-1,-1,-1,-1,-1,-1,-1,-1,-1,-1,-1,-1,-1,-1,-1,-1,-1,1
10238,＜魚類＞　ふな　生,-1,-1,-1,-1,-1,-1,-1,-1,-1,-1,-1,-1,-1,-1,-1,-1,-1,-1,-1,1
10239,＜魚類＞　ふな　水煮,-1,-1,-1,-1,-1,-1,-1,-1,-1,-1,-1,-1,-1,-1,-1,-1,-1,-1,-1,1
10240,＜魚類＞　ふな　甘露煮,-1,-1,-1,-1,-1,-1,-1,-1,-1,-1,-1,-1,-1,-1,-1,-1,-1,-1,-1,1
10449,＜魚類＞　ふな　ふなずし,-1,-1,-1,-1,-1,-1,-1,-1,-1,-1,-1,-1,-1,-1,-1,-1,-1,-1,-1,1
10241,＜魚類＞　ぶり　成魚　生,-1,100,-1,100,-1,50,-1,-1,-1,-1,-1,-1,-1,-1,-1,-1,-1,-1,-1,1
10242,＜魚類＞　ぶり　成魚　焼き,-1,-1,-1,-1,-1,-1,-1,-1,-1,-1,-1,-1,-1,-1,-1,-1,-1,-1,-1,1
10243,＜魚類＞　ぶり　はまち　養殖　皮つき　生,-1,-1,-1,-1,-1,-1,-1,-1,-1,-1,-1,-1,-1,-1,-1,-1,-1,-1,-1,1
10411,＜魚類＞　ぶり　はまち　養殖　皮なし　生,-1,-1,-1,-1,-1,-1,-1,-1,-1,-1,-1,-1,-1,-1,-1,-1,-1,-1,-1,1
10244,＜魚類＞　ほうぼう　生,-1,-1,-1,-1,-1,-1,-1,-1,-1,-1,-1,-1,-1,-1,-1,-1,-1,-1,-1,1
10245,＜魚類＞　ホキ　生,-1,-1,-1,-1,-1,-1,-1,-1,-1,-1,-1,-1,-1,-1,-1,-1,-1,-1,-1,1
10246,＜魚類＞　ほっけ　生,-1,-1,-1,-1,-1,-1,-1,-1,-1,-1,-1,-1,-1,-1,-1,-1,-1,-1,-1,1
10247,＜魚類＞　ほっけ　塩ほっけ,-1,-1,-1,-1,-1,-1,-1,-1,-1,-1,-1,-1,-1,-1,-1,-1,-1,-1,-1,1
10248,＜魚類＞　ほっけ　開き干し　生,-1,-1,-1,-1,-1,-1,-1,-1,-1,-1,-1,-1,-1,-1,-1,-1,-1,-1,-1,1
10412,＜魚類＞　ほっけ　開き干し　焼き,-1,-1,-1,-1,-1,-1,-1,-1,-1,-1,-1,-1,-1,-1,-1,-1,-1,-1,-1,1
10249,＜魚類＞　ぼら　生,-1,-1,-1,-1,-1,-1,-1,-1,-1,-1,-1,-1,-1,-1,-1,-1,-1,-1,-1,1
10250,＜魚類＞　ぼら　からすみ,-1,-1,-1,-1,-1,-1,-1,-1,-1,-1,-1,-1,-1,-1,-1,-1,-1,-1,-1,1
10251,＜魚類＞　ほんもろこ　生,-1,-1,-1,-1,-1,-1,-1,-1,-1,-1,-1,-1,-1,-1,-1,-1,-1,-1,-1,1
10252,＜魚類＞　（まぐろ類）　きはだ　生,-1,200,200,200,-1,-1,-1,-1,-1,-1,-1,-1,-1,-1,-1,-1,-1,-1,-1,1
10253,＜魚類＞　（まぐろ類）　くろまぐろ　天然　赤身　生,-1,200,200,200,-1,-1,-1,-1,-1,-1,-1,-1,-1,-1,-1,-1,-1,-1,-1,1
10254,＜魚類＞　（まぐろ類）　くろまぐろ　天然　脂身　生,-1,200,200,200,-1,-1,-1,-1,-1,-1,-1,-1,-1,-1,-1,-1,-1,-1,-1,1
10450,＜魚類＞　（まぐろ類）　くろまぐろ　養殖　赤身　生,-1,200,200,200,-1,-1,-1,-1,-1,-1,-1,140,-1,70,-1,-1,-1,-1,-1,1
10451,＜魚類＞　（まぐろ類）　くろまぐろ　養殖　赤身　水煮,-1,200,200,200,-1,-1,-1,-1,-1,-1,-1,-1,-1,-1,-1,-1,-1,-1,-1,1
10452,＜魚類＞　（まぐろ類）　くろまぐろ　養殖　赤身　蒸し,-1,200,200,200,-1,-1,-1,-1,-1,-1,-1,-1,-1,-1,-1,-1,-1,-1,-1,1
10453,＜魚類＞　（まぐろ類）　くろまぐろ　養殖　赤身　電子レンジ調理,-1,200,200,200,-1,-1,-1,-1,-1,-1,-1,-1,-1,-1,-1,-1,-1,-1,-1,1
10454,＜魚類＞　（まぐろ類）　くろまぐろ　養殖　赤身　焼き,-1,200,200,200,-1,-1,-1,-1,-1,-1,-1,-1,-1,-1,-1,-1,-1,-1,-1,1
10455,＜魚類＞　（まぐろ類）　くろまぐろ　養殖　赤身　ソテー,-1,200,200,200,-1,-1,-1,-1,-1,-1,-1,-1,-1,-1,-1,-1,-1,-1,-1,1
10456,＜魚類＞　（まぐろ類）　くろまぐろ　養殖　赤身　天ぷら,-1,200,200,200,-1,-1,-1,-1,-1,-1,-1,-1,-1,-1,-1,-1,-1,-1,-1,1
10459,＜魚類＞　（まぐろ類）　くろまぐろ　養殖　脂身　生,-1,200,200,200,-1,-1,-1,-1,-1,-1,-1,-1,-1,-1,-1,-1,-1,-1,-1,1
10460,＜魚類＞　（まぐろ類）　くろまぐろ　養殖　脂身　水煮,-1,200,200,200,-1,-1,-1,-1,-1,-1,-1,-1,-1,-1,-1,-1,-1,-1,-1,1
10461,＜魚類＞　（まぐろ類）　くろまぐろ　養殖　脂身　蒸し,-1,200,200,200,-1,-1,-1,-1,-1,-1,-1,-1,-1,-1,-1,-1,-1,-1,-1,1
10462,＜魚類＞　（まぐろ類）　くろまぐろ　養殖　脂身　電子レンジ調理,-1,200,200,200,-1,-1,-1,-1,-1,-1,-1,-1,-1,-1,-1,-1,-1,-1,-1,1
10463,＜魚類＞　（まぐろ類）　くろまぐろ　養殖　脂身　焼き,-1,200,200,200,-1,-1,-1,-1,-1,-1,-1,-1,-1,-1,-1,-1,-1,-1,-1,1
10464,＜魚類＞　（まぐろ類）　くろまぐろ　養殖　脂身　ソテー,-1,200,200,200,-1,-1,-1,-1,-1,-1,-1,-1,-1,-1,-1,-1,-1,-1,-1,1
10465,＜魚類＞　（まぐろ類）　くろまぐろ　養殖　脂身　天ぷら,-1,200,200,200,-1,-1,-1,-1,-1,-1,-1,-1,-1,-1,-1,-1,-1,-1,-1,1
10255,＜魚類＞　（まぐろ類）　びんなが　生,-1,-1,-1,-1,-1,-1,-1,-1,-1,-1,-1,-1,-1,-1,-1,-1,-1,-1,-1,1
10256,＜魚類＞　（まぐろ類）　みなみまぐろ　赤身　生,-1,-1,-1,-1,-1,-1,-1,-1,-1,-1,-1,-1,-1,-1,-1,-1,-1,-1,-1,1
10257,＜魚類＞　（まぐろ類）　みなみまぐろ　脂身　生,-1,-1,-1,-1,-1,-1,-1,-1,-1,-1,-1,-1,-1,-1,-1,-1,-1,-1,-1,1
10258,＜魚類＞　（まぐろ類）　めじまぐろ　生,-1,-1,-1,-1,-1,-1,-1,-1,-1,-1,-1,-1,-1,-1,-1,-1,-1,-1,-1,1
10425,＜魚類＞　（まぐろ類） めばち　赤身　生,-1,-1,-1,-1,-1,-1,-1,-1,-1,-1,-1,-1,-1,-1,-1,-1,-1,-1,-1,1
10426,＜魚類＞　（まぐろ類） めばち　脂身　生,-1,-1,-1,-1,-1,-1,-1,-1,-1,-1,-1,-1,-1,-1,-1,-1,-1,-1,-1,1
10260,＜魚類＞　（まぐろ類）　缶詰　水煮　フレーク　ライト,-1,-1,-1,70,-1,-1,-1,-1,-1,-1,-1,-1,-1,70,-1,-1,-1,-1,-1,1
10261,＜魚類＞　（まぐろ類）　缶詰　水煮　フレーク　ホワイト,-1,-1,-1,70,-1,-1,-1,-1,-1,-1,-1,-1,-1,70,-1,-1,-1,-1,-1,1
10262,＜魚類＞　（まぐろ類）　缶詰　味付け　フレーク,-1,-1,-1,70,-1,-1,-1,-1,-1,-1,-1,-1,-1,70,-1,-1,-1,-1,-1,1
10263,＜魚類＞　（まぐろ類）　缶詰　油漬　フレーク　ライト,-1,-1,-1,70,-1,-1,-1,7,-1,-1,-1,60,-1,70,1,-1,-1,-1,-1,1
10264,＜魚類＞　（まぐろ類）　缶詰　油漬　フレーク　ホワイト,-1,-1,-1,70,-1,-1,-1,-1,-1,-1,-1,-1,-1,70,-1,-1,-1,-1,-1,1
10265,＜魚類＞　マジェランあいなめ　生,-1,-1,-1,-1,-1,-1,-1,-1,-1,-1,-1,-1,-1,-1,-1,-1,-1,-1,-1,1
10266,＜魚類＞　まながつお　生,-1,-1,-1,-1,-1,-1,-1,-1,-1,-1,-1,-1,-1,-1,-1,-1,-1,-1,-1,1
10232,＜魚類＞　みなみくろたち　生,-1,-1,-1,-1,-1,-1,-1,-1,-1,-1,-1,-1,-1,-1,-1,-1,-1,-1,-1,1
10267,＜魚類＞　みなみだら　生,-1,-1,-1,-1,-1,-1,-1,-1,-1,-1,-1,-1,-1,-1,-1,-1,-1,-1,-1,1
10268,＜魚類＞　むつ　生,-1,-1,-1,-1,-1,-1,-1,-1,-1,-1,-1,-1,-1,-1,-1,-1,-1,-1,-1,1
10269,＜魚類＞　むつ　水煮,-1,-1,-1,-1,-1,-1,-1,-1,-1,-1,-1,-1,-1,-1,-1,-1,-1,-1,-1,1
10270,＜魚類＞　めじな　生,-1,-1,-1,-1,-1,-1,-1,-1,-1,-1,-1,-1,-1,-1,-1,-1,-1,-1,-1,1
10271,＜魚類＞　めばる　生,-1,-1,-1,-1,-1,-1,-1,-1,-1,-1,-1,-1,-1,-1,-1,-1,-1,-1,-1,1
10272,＜魚類＞　メルルーサ　生,-1,-1,-1,-1,-1,-1,-1,-1,-1,-1,-1,-1,-1,-1,-1,-1,-1,-1,-1,1
10273,＜魚類＞　やつめうなぎ　生,-1,-1,-1,-1,-1,-1,-1,-1,-1,-1,-1,-1,-1,-1,-1,-1,-1,-1,-1,1
10274,＜魚類＞　やつめうなぎ　干しやつめ,-1,-1,-1,-1,-1,-1,-1,-1,-1,-1,-1,-1,-1,-1,-1,-1,-1,-1,-1,1
10275,＜魚類＞　やまめ　養殖　生,-1,-1,-1,-1,-1,-1,-1,-1,-1,-1,-1,-1,-1,-1,-1,-1,-1,-1,-1,1
10276,＜魚類＞　わかさぎ　生,-1,-1,-1,-1,-1,-1,-1,-1,-1,-1,-1,-1,-1,-1,-1,-1,-1,-1,-1,1
10277,＜魚類＞　わかさぎ　つくだ煮,-1,-1,-1,-1,-1,-1,-1,-1,-1,-1,-1,-1,-1,-1,-1,-1,-1,-1,-1,1
10278,＜魚類＞　わかさぎ　あめ煮,-1,-1,-1,-1,-1,-1,-1,-1,-1,-1,-1,-1,-1,-1,-1,-1,-1,-1,-1,1
10279,＜貝類＞　あかがい　生,-1,-1,-1,-1,-1,-1,-1,-1,-1,-1,-1,-1,-1,-1,-1,-1,-1,-1,-1,1
10280,＜貝類＞　あげまき　生,-1,-1,-1,-1,-1,-1,-1,-1,-1,-1,-1,-1,-1,-1,-1,-1,-1,-1,-1,1
10281,＜貝類＞　あさり　生,-1,-1,-1,5,-1,-1,-1,-1,-1,-1,-1,200,-1,-1,-1,-1,-1,-1,-1,1
10466,＜貝類＞　あさり　蒸し,-1,-1,-1,-1,-1,-1,-1,-1,-1,-1,-1,-1,-1,-1,-1,-1,-1,-1,-1,1
10282,＜貝類＞　あさり　つくだ煮,-1,-1,-1,-1,-1,-1,-1,-1,-1,-1,-1,-1,-1,-1,-1,-1,-1,-1,-1,1
10283,＜貝類＞　あさり　缶詰　水煮,-1,-1,-1,-1,-1,-1,-1,-1,-1,-1,-1,-1,-1,-1,-1,-1,-1,-1,-1,1
10284,＜貝類＞　あさり　缶詰　味付け,-1,-1,-1,-1,-1,-1,-1,-1,-1,-1,-1,-1,-1,-1,-1,-1,-1,-1,-1,1
10427,＜貝類＞　あわび　くろあわび　生,-1,-1,-1,-1,-1,-1,-1,-1,-1,-1,-1,-1,-1,-1,-1,-1,-1,-1,-1,1
10428,＜貝類＞　あわび　まだかあわび　生,-1,-1,-1,-1,-1,-1,-1,-1,-1,-1,-1,-1,-1,-1,-1,-1,-1,-1,-1,1
10429,＜貝類＞　あわび　めがいあわび　生,-1,-1,-1,-1,-1,-1,-1,-1,-1,-1,-1,-1,-1,-1,-1,-1,-1,-1,-1,1
10286,＜貝類＞　あわび　干し,-1,-1,-1,-1,-1,-1,-1,-1,-1,-1,-1,-1,-1,-1,-1,-1,-1,-1,-1,1
10287,＜貝類＞　あわび　塩辛,-1,-1,-1,-1,-1,-1,-1,-1,-1,-1,-1,-1,-1,-1,-1,-1,-1,-1,-1,1
10288,＜貝類＞　あわび　水煮缶詰,-1,-1,-1,-1,-1,-1,-1,-1,-1,-1,-1,-1,-1,-1,-1,-1,-1,-1,-1,1
10289,＜貝類＞　いがい　生,-1,-1,-1,-1,-1,-1,-1,-1,-1,-1,-1,-1,-1,-1,-1,-1,-1,-1,-1,1
10290,＜貝類＞　いたやがい　養殖　生,-1,-1,-1,-1,-1,-1,-1,-1,-1,-1,-1,-1,-1,-1,-1,-1,-1,-1,-1,1
10291,＜貝類＞　エスカルゴ　水煮缶詰,-1,-1,-1,-1,-1,-1,-1,-1,-1,-1,-1,-1,-1,-1,-1,-1,-1,-1,-1,1
10292,＜貝類＞　かき　養殖　生,-1,-1,-1,20,-1,-1,-1,-1,-1,-1,-1,100,-1,-1,-1,13,-1,-1,-1,1
10293,＜貝類＞　かき　養殖　水煮,-1,-1,-1,-1,-1,-1,-1,-1,-1,-1,-1,-1,-1,-1,-1,-1,-1,-1,-1,1
10430,＜貝類＞　かき　養殖　フライ,-1,-1,-1,-1,-1,-1,-1,-1,-1,-1,-1,-1,-1,-1,-1,-1,-1,-1,-1,1
10294,＜貝類＞　かき　くん製油漬缶詰,-1,-1,-1,-1,-1,-1,-1,-1,-1,-1,-1,-1,-1,-1,-1,-1,-1,-1,-1,1
10295,＜貝類＞　さざえ　生,-1,-1,-1,-1,-1,-1,-1,-1,-1,-1,-1,-1,-1,-1,-1,-1,-1,-1,-1,1
10296,＜貝類＞　さざえ　焼き,-1,-1,-1,-1,-1,-1,-1,-1,-1,-1,-1,-1,-1,-1,-1,-1,-1,-1,-1,1
10318,＜貝類＞　さるぼう　味付け缶詰,-1,-1,-1,-1,-1,-1,-1,-1,-1,-1,-1,-1,-1,-1,-1,-1,-1,-1,-1,1
10297,＜貝類＞　しじみ　生,-1,-1,-1,-1,-1,-1,-1,-1,-1,-1,-1,-1,-1,-1,-1,-1,-1,-1,-1,1
10413,＜貝類＞　しじみ　水煮,-1,-1,-1,-1,-1,-1,-1,-1,-1,-1,-1,-1,-1,-1,-1,-1,-1,-1,-1,1
10298,＜貝類＞　たいらがい　貝柱　生,-1,-1,-1,-1,-1,-1,-1,-1,-1,-1,-1,-1,-1,-1,-1,-1,-1,-1,-1,1
10299,＜貝類＞　たにし　生,-1,-1,-1,-1,-1,-1,-1,-1,-1,-1,-1,-1,-1,-1,-1,-1,-1,-1,-1,1
10300,＜貝類＞　つぶ　生,-1,-1,-1,-1,-1,-1,-1,-1,-1,-1,-1,-1,-1,-1,-1,-1,-1,-1,-1,1
10301,＜貝類＞　とこぶし　生,-1,-1,-1,-1,-1,-1,-1,-1,-1,-1,-1,-1,-1,-1,-1,-1,-1,-1,-1,1
10303,＜貝類＞　とりがい　斧足　生,-1,-1,-1,-1,-1,-1,-1,-1,-1,-1,-1,-1,-1,-1,-1,-1,-1,-1,-1,1
10304,＜貝類＞　ばい　生,-1,-1,-1,-1,-1,-1,-1,-1,-1,-1,-1,-1,-1,-1,-1,-1,-1,-1,-1,1
10305,＜貝類＞　ばかがい　生,-1,-1,-1,-1,-1,-1,-1,-1,-1,-1,-1,-1,-1,-1,-1,-1,-1,-1,-1,1
10306,＜貝類＞　（はまぐり類）　はまぐり　生,-1,-1,-1,-1,-1,-1,-1,-1,-1,-1,-1,-1,-1,-1,-1,-1,-1,-1,-1,1
10307,＜貝類＞　（はまぐり類）　はまぐり　水煮,-1,-1,-1,-1,-1,-1,-1,-1,-1,-1,-1,-1,-1,-1,-1,-1,-1,-1,-1,1
10308,＜貝類＞　（はまぐり類）　はまぐり　焼き,-1,-1,-1,-1,-1,-1,-1,-1,-1,-1,-1,-1,-1,-1,-1,-1,-1,-1,-1,1
10309,＜貝類＞　（はまぐり類）　はまぐり　つくだ煮,-1,-1,-1,-1,-1,-1,-1,-1,-1,-1,-1,-1,-1,-1,-1,-1,-1,-1,-1,1
10310,＜貝類＞　（はまぐり類）　ちょうせんはまぐり　生,-1,-1,-1,-1,-1,-1,-1,-1,-1,-1,-1,-1,-1,-1,-1,-1,-1,-1,-1,1
10311,＜貝類＞　ほたてがい　生,-1,-1,-1,40,-1,-1,-1,-1,-1,-1,-1,-1,-1,-1,-1,-1,-1,-1,-1,1
10312,＜貝類＞　ほたてがい　水煮,-1,-1,-1,-1,-1,-1,-1,-1,-1,-1,-1,-1,-1,-1,-1,-1,-1,-1,-1,1
10313,＜貝類＞　ほたてがい　貝柱　生,-1,-1,-1,-1,-1,-1,-1,-1,-1,-1,-1,-1,-1,-1,-1,-1,-1,-1,-1,1
10414,＜貝類＞　ほたてがい　貝柱　焼き,-1,-1,-1,-1,-1,-1,-1,-1,-1,-1,-1,-1,-1,-1,-1,-1,-1,-1,-1,1
10314,＜貝類＞　ほたてがい　貝柱　煮干し,-1,-1,-1,-1,-1,-1,-1,-1,-1,15,-1,-1,-1,-1,-1,-1,-1,-1,-1,1
10315,＜貝類＞　ほたてがい　貝柱　水煮缶詰,-1,-1,-1,40,-1,-1,-1,-1,-1,-1,-1,-1,-1,70,-1,-1,-1,-1,-1,1
10316,＜貝類＞　ほっきがい　生,-1,-1,-1,-1,-1,-1,-1,-1,-1,-1,-1,-1,-1,-1,-1,-1,-1,-1,-1,1
10317,＜貝類＞　みるがい　水管　生,-1,-1,-1,-1,-1,-1,-1,-1,-1,-1,-1,-1,-1,-1,-1,-1,-1,-1,-1,1
10319,＜えび・かに類＞　（えび類）　あまえび　生,-1,-1,-1,9,-1,-1,-1,-1,-1,-1,-1,-1,-1,-1,-1,-1,-1,-1,-1,1
10467,＜えび・かに類＞　（えび類）　アルゼンチンあかえび　生,-1,-1,-1,-1,-1,-1,-1,-1,-1,-1,-1,-1,-1,-1,-1,-1,-1,-1,-1,1
10468,＜えび・かに類＞　（えび類）　アルゼンチンあかえび　ゆで,-1,-1,-1,-1,-1,-1,-1,-1,-1,-1,-1,-1,-1,-1,-1,-1,-1,-1,-1,1
10469,＜えび・かに類＞　（えび類）　アルゼンチンあかえび　焼き,-1,-1,-1,-1,-1,-1,-1,-1,-1,-1,-1,-1,-1,-1,-1,-1,-1,-1,-1,1
10320,＜えび・かに類＞　（えび類）　いせえび　生,-1,-1,-1,-1,-1,-1,-1,-1,-1,-1,-1,-1,-1,-1,-1,-1,-1,-1,-1,1
10321,＜えび・かに類＞　（えび類）　くるまえび　養殖　生,-1,-1,-1,-1,-1,-1,-1,-1,-1,-1,-1,-1,-1,-1,-1,-1,-1,-1,-1,1
10322,＜えび・かに類＞　（えび類）　くるまえび　養殖　ゆで,-1,-1,-1,-1,-1,-1,-1,-1,-1,-1,-1,-1,-1,-1,-1,-1,-1,-1,-1,1
10323,＜えび・かに類＞　（えび類）　くるまえび　養殖　焼き,-1,-1,-1,-1,-1,-1,-1,-1,-1,-1,-1,-1,-1,-1,-1,-1,-1,-1,-1,1
10431,＜えび・かに類＞　（えび類）　さくらえび　生,-1,-1,-1,-1,-1,-1,-1,-1,-1,3,80,-1,-1,-1,-1,-1,-1,-1,-1,1
10324,＜えび・かに類＞　（えび類）　さくらえび　ゆで,-1,-1,-1,-1,-1,-1,-1,-1,-1,-1,-1,-1,-1,-1,-1,-1,-1,-1,-1,1
10325,＜えび・かに類＞　（えび類）　さくらえび　素干し,-1,-1,-1,-1,-1,-1,-1,-1,-1,-1,-1,-1,-1,-1,-1,-1,-1,-1,-1,1
10326,＜えび・かに類＞　（えび類）　さくらえび　煮干し,-1,-1,-1,-1,-1,-1,-1,-1,-1,-1,-1,-1,-1,-1,-1,-1,-1,-1,-1,1
10327,＜えび・かに類＞　（えび類）　大正えび　生,-1,-1,-1,-1,-1,-1,-1,-1,-1,-1,-1,-1,-1,-1,-1,-1,-1,-1,-1,1
10328,＜えび・かに類＞　（えび類）　しばえび　生,-1,-1,-1,1.5,-1,-1,-1,-1,-1,-1,-1,170,-1,-1,-1,-1,-1,-1,-1,1
10415,＜えび・かに類＞　（えび類）　バナメイえび　養殖　生,-1,-1,40,10,-1,-1,-1,-1,-1,-1,-1,350,-1,-1,-1,-1,-1,-1,-1,1
10416,＜えび・かに類＞　（えび類）　バナメイえび　養殖　天ぷら,-1,-1,-1,-1,-1,-1,-1,-1,-1,-1,-1,-1,-1,-1,-1,-1,-1,-1,-1,1
10329,＜えび・かに類＞　（えび類）　ブラックタイガー　養殖　生,-1,-1,-1,30,-1,-1,-1,-1,-1,-1,-1,-1,-1,-1,-1,-1,-1,-1,-1,1
10330,＜えび・かに類＞　（えび類）　加工品　干しえび,-1,-1,-1,-1,-1,-1,-1,4,-1,12,-1,-1,-1,-1,-1,-1,-1,-1,-1,1
10331,＜えび・かに類＞　（えび類）　加工品　つくだ煮,-1,-1,-1,-1,-1,-1,-1,-1,-1,-1,-1,-1,-1,-1,-1,-1,-1,-1,-1,1
10332,＜えび・かに類＞　（かに類）　がざみ　生,-1,-1,-1,-1,-1,-1,-1,-1,-1,-1,-1,-1,-1,-1,-1,-1,-1,-1,-1,1
10333,＜えび・かに類＞　（かに類）　毛がに　生,-1,-1,-1,-1,-1,-1,-1,-1,-1,-1,-1,-1,-1,-1,-1,-1,-1,-1,-1,1
10334,＜えび・かに類＞　（かに類）　毛がに　ゆで,-1,-1,-1,-1,-1,-1,-1,-1,-1,-1,-1,-1,-1,-1,-1,-1,-1,-1,-1,1
10335,＜えび・かに類＞　（かに類）　ずわいがに　生,-1,-1,-1,-1,-1,-1,-1,-1,-1,-1,-1,-1,-1,-1,-1,-1,-1,-1,-1,1
10336,＜えび・かに類＞　（かに類）　ずわいがに　ゆで,-1,-1,-1,-1,-1,-1,-1,-1,-1,-1,-1,-1,-1,-1,-1,-1,-1,-1,-1,1
10337,＜えび・かに類＞　（かに類）　ずわいがに　水煮缶詰,-1,-1,-1,-1,-1,-1,-1,-1,-1,-1,-1,-1,-1,-1,-1,-1,-1,-1,-1,1
10338,＜えび・かに類＞　（かに類）　たらばがに　生,-1,-1,-1,-1,-1,-1,-1,-1,-1,-1,-1,-1,-1,-1,-1,-1,-1,-1,-1,1
10339,＜えび・かに類＞　（かに類）　たらばがに　ゆで,-1,-1,-1,-1,-1,-1,-1,-1,-1,-1,-1,-1,-1,-1,-1,-1,-1,-1,-1,1
10340,＜えび・かに類＞　（かに類）　たらばがに　水煮缶詰,-1,-1,-1,800,-1,-1,-1,-1,-1,-1,-1,-1,-1,-1,-1,-1,-1,-1,-1,1
10341,＜えび・かに類＞　（かに類）　加工品　がん漬,-1,-1,-1,-1,-1,-1,-1,-1,-1,-1,-1,-1,-1,-1,-1,-1,-1,-1,-1,1
10342,＜いか・たこ類＞　（いか類）　あかいか　生,-1,-1,300,-1,-1,-1,-1,-1,-1,-1,-1,-1,-1,-1,-1,-1,-1,-1,-1,1
10343,＜いか・たこ類＞　（いか類）　けんさきいか　生,-1,-1,-1,-1,-1,-1,-1,-1,-1,-1,-1,-1,-1,-1,-1,-1,-1,-1,-1,1
10344,＜いか・たこ類＞　（いか類）　こういか　生,-1,-1,-1,-1,-1,-1,-1,-1,-1,-1,-1,-1,-1,-1,-1,-1,-1,-1,-1,1
10345,＜いか・たこ類＞　（いか類）　するめいか　生,-1,-1,400,400,400,-1,8,-1,-1,-1,-1,-1,-1,-1,-1,-1,-1,-1,-1,1
10346,＜いか・たこ類＞　（いか類）　するめいか　水煮,-1,-1,-1,-1,-1,-1,-1,-1,-1,-1,-1,-1,-1,-1,-1,-1,-1,-1,-1,1
10347,＜いか・たこ類＞　（いか類）　するめいか　焼き,-1,-1,-1,-1,-1,-1,-1,-1,-1,-1,-1,-1,-1,-1,-1,-1,-1,-1,-1,1
10417,＜いか・たこ類＞　（いか類）　するめいか　胴　皮つき　生,-1,-1,-1,-1,-1,-1,-1,-1,-1,-1,-1,-1,-1,-1,-1,-1,-1,-1,-1,1
10418,＜いか・たこ類＞　（いか類）　するめいか　胴　皮なし　生,-1,-1,-1,-1,-1,-1,-1,-1,-1,-1,-1,-1,-1,-1,-1,-1,-1,-1,-1,1
10419,＜いか・たこ類＞　（いか類）　するめいか　胴　皮なし　天ぷら,-1,-1,-1,-1,-1,-1,-1,-1,-1,-1,-1,-1,-1,-1,-1,-1,-1,-1,-1,1
10470,＜いか・たこ類＞　（いか類）　するめいか　胴　皮なし　フライ,-1,-1,-1,-1,-1,-1,-1,-1,-1,-1,-1,-1,-1,-1,-1,-1,-1,-1,-1,1
10420,＜いか・たこ類＞　（いか類）　するめいか　耳・足　生,-1,-1,-1,-1,-1,-1,-1,-1,-1,-1,-1,-1,-1,-1,-1,-1,-1,-1,-1,1
10348,＜いか・たこ類＞　（いか類）　ほたるいか　生,-1,-1,-1,-1,-1,-1,-1,-1,-1,-1,-1,-1,-1,-1,-1,-1,-1,-1,-1,1
10349,＜いか・たこ類＞　（いか類）　ほたるいか　ゆで,-1,-1,-1,-1,-1,-1,-1,-1,-1,-1,-1,-1,-1,-1,-1,-1,-1,-1,-1,1
10350,＜いか・たこ類＞　（いか類）　ほたるいか　くん製,-1,-1,-1,-1,-1,-1,-1,-1,-1,-1,-1,-1,-1,-1,-1,-1,-1,-1,-1,1
10351,＜いか・たこ類＞　（いか類）　ほたるいか　つくだ煮,-1,-1,-1,-1,-1,-1,-1,-1,-1,-1,-1,-1,-1,-1,-1,-1,-1,-1,-1,1
10352,＜いか・たこ類＞　（いか類）　やりいか　生,-1,-1,-1,-1,-1,-1,-1,-1,-1,-1,-1,-1,-1,-1,-1,-1,-1,-1,-1,1
10353,＜いか・たこ類＞　（いか類）　加工品　するめ,-1,115,115,115,-1,-1,-1,-1,-1,-1,-1,-1,-1,-1,-1,-1,-1,-1,-1,1
10354,＜いか・たこ類＞　（いか類）　加工品　さきいか,-1,24,24,24,-1,-1,-1,-1,-1,-1,-1,-1,-1,-1,-1,-1,-1,-1,-1,1
10355,＜いか・たこ類＞　（いか類）　加工品　くん製,-1,-1,-1,-1,-1,-1,-1,-1,-1,-1,-1,-1,-1,-1,-1,-1,-1,-1,-1,1
10356,＜いか・たこ類＞　（いか類）　加工品　切りいかあめ煮,-1,-1,-1,-1,-1,-1,-1,-1,-1,-1,-1,-1,-1,-1,-1,-1,-1,-1,-1,1
10357,＜いか・たこ類＞　（いか類）　加工品　いかあられ,-1,-1,-1,-1,-1,-1,-1,-1,-1,-1,-1,-1,-1,-1,-1,-1,-1,-1,-1,1
10358,＜いか・たこ類＞　（いか類）　加工品　塩辛,-1,-1,-1,-1,-1,-1,-1,-1,-1,15,-1,-1,-1,-120,-1,-1,-1,-1,-1,1
10359,＜いか・たこ類＞　（いか類）　加工品　味付け缶詰,-1,-1,-1,-1,-1,-1,-1,-1,-1,-1,-1,-1,-1,-1,-1,-1,-1,-1,-1,1
10360,＜いか・たこ類＞　（たこ類）　いいだこ　生,-1,-1,-1,250,-1,-1,-1,-1,-1,-1,-1,250,-1,-1,-1,-1,-1,-1,-1,1
10361,＜いか・たこ類＞　（たこ類）　まだこ　皮つき　生,-1,-1,-1,250,-1,-1,-1,-1,-1,-1,-1,250,-1,-1,-1,60,-1,-1,-1,1
10471,＜いか・たこ類＞　（たこ類）　まだこ　皮なし　生,-1,-1,-1,250,-1,-1,-1,-1,-1,-1,-1,250,-1,-1,-1,-1,-1,-1,-1,1
10362,＜いか・たこ類＞　（たこ類）　まだこ　ゆで,-1,-1,-1,250,-1,-1,-1,-1,-1,-1,-1,250,-1,-1,-1,60,-1,-1,-1,1
10472,＜いか・たこ類＞　（たこ類）　まだこ　蒸しだこ,-1,-1,-1,250,-1,-1,-1,-1,-1,-1,-1,250,-1,-1,-1,-1,-1,-1,-1,1
10473,＜いか・たこ類＞　（たこ類）　まだこ　蒸しだこ　油いため,-1,-1,-1,250,-1,-1,-1,-1,-1,-1,-1,250,-1,-1,-1,-1,-1,-1,-1,1
10474,＜いか・たこ類＞　（たこ類）　まだこ　蒸しだこ　素揚げ,-1,-1,-1,250,-1,-1,-1,-1,-1,-1,-1,250,-1,-1,-1,-1,-1,-1,-1,1
10432,＜いか・たこ類＞　（たこ類）　みずだこ　生,-1,-1,-1,250,-1,-1,-1,-1,-1,-1,-1,250,-1,-1,-1,-1,-1,-1,-1,1
10363,＜その他＞　あみ　つくだ煮,-1,-1,-1,-1,-1,-1,-1,-1,-1,-1,-1,-1,-1,-1,-1,-1,-1,-1,-1,1
10364,＜その他＞　あみ　塩辛,-1,-1,-1,-1,-1,-1,-1,-1,-1,-1,-1,-1,-1,-1,-1,-1,-1,-1,-1,1
10365,＜その他＞　うに　生うに,-1,-1,-1,-1,-1,-1,-1,-1,-1,-1,-1,-1,-1,-1,-1,-1,-1,-1,-1,1
10366,＜その他＞　うに　粒うに,-1,-1,-1,-1,-1,-1,-1,-1,-1,-1,-1,-1,-1,-1,-1,-1,-1,-1,-1,1
10367,＜その他＞　うに　練りうに,-1,-1,-1,-1,-1,-1,-1,-1,-1,-1,-1,-1,-1,-1,-1,-1,-1,-1,-1,1
10368,＜その他＞　おきあみ　生,-1,-1,-1,-1,-1,-1,-1,-1,-1,-1,-1,-1,-1,-1,-1,-1,-1,-1,-1,1
10369,＜その他＞　おきあみ　ゆで,-1,-1,-1,-1,-1,-1,-1,-1,-1,-1,-1,-1,-1,-1,-1,-1,-1,-1,-1,1
10370,＜その他＞　くらげ　塩蔵　塩抜き,-1,-1,-1,-1,-1,-1,-1,-1,-1,-1,-1,-1,-1,-1,-1,-1,-1,-1,-1,1
10371,＜その他＞　しゃこ　ゆで,-1,-1,-1,-1,-1,-1,-1,-1,-1,-1,-1,-1,-1,-1,-1,-1,-1,-1,-1,1
10372,＜その他＞　なまこ　生,-1,-1,-1,-1,-1,-1,-1,-1,-1,-1,-1,-1,-1,-1,-1,-1,-1,-1,-1,1
10373,＜その他＞　なまこ　このわた,-1,-1,-1,-1,-1,-1,-1,-1,-1,-1,-1,-1,-1,-1,-1,-1,-1,-1,-1,1
10374,＜その他＞　ほや　生,-1,-1,-1,-1,-1,-1,-1,-1,-1,-1,-1,-1,-1,-1,-1,-1,-1,-1,-1,1
10375,＜その他＞　ほや　塩辛,-1,-1,-1,-1,-1,-1,-1,-1,-1,-1,-1,-1,-1,-1,-1,-1,-1,-1,-1,1
10376,＜水産練り製品＞　かに風味かまぼこ,-1,-1,80,80,-1,-1,2,-1,-1,-1,-1,-1,-1,-1,-1,-1,-1,-1,-1,1
10423,＜水産練り製品＞　黒はんぺん,-1,-1,95,95,-1,-1,-1,-1,-1,-1,-1,-1,-1,-1,-1,-1,-1,-1,-1,1
10377,＜水産練り製品＞　昆布巻きかまぼこ,-1,-1,80,80,-1,-1,-1,-1,-1,-1,-1,-1,-1,-1,-1,-1,-1,-1,-1,1
10378,＜水産練り製品＞　す巻きかまぼこ,-1,-1,80,80,-1,-1,-1,-1,-1,-1,-1,-1,-1,-1,-1,-1,-1,-1,-1,1
10379,＜水産練り製品＞　蒸しかまぼこ,-1,13,80,80,-1,-1,4,-1,-1,-1,-1,-1,-1,-1,-1,1,-1,-1,-1,1
10380,＜水産練り製品＞　焼き抜きかまぼこ,-1,-1,80,80,-1,-1,-1,-1,-1,-1,-1,-1,-1,-1,-1,-1,-1,-1,-1,1
10381,＜水産練り製品＞　焼き竹輪,-1,-1,90,90,-1,-1,-1,-1,-1,-1,-1,20,-1,-1,-1,-1,-1,-1,-1,1
10382,＜水産練り製品＞　だて巻,-1,-1,-1,-1,-1,-1,-1,-1,-1,-1,-1,-1,-1,-1,-1,-1,-1,-1,-1,1
10383,＜水産練り製品＞　つみれ,-1,-1,-1,25,-1,-1,-1,-1,-1,-1,-1,-1,-1,-1,-1,-1,-1,-1,-1,1
10384,＜水産練り製品＞　なると,-1,-1,-1,-1,-1,-1,-1,-1,-1,-1,-1,-1,-1,-1,-1,-1,-1,-1,-1,1
10385,＜水産練り製品＞　はんぺん,-1,70,70,70,-1,-1,-1,-1,-1,-1,-1,60,-1,-1,-1,-1,-1,-1,-1,1
10386,＜水産練り製品＞　さつま揚げ,-1,60,-1,-1,-1,-1,-1,-1,-1,-1,-1,-1,-1,-1,-1,-1,-1,-1,-1,1
10387,＜水産練り製品＞　魚肉ハム,-1,-1,-1,-1,-1,-1,-1,-1,-1,-1,-1,-1,-1,-1,-1,-1,-1,-1,-1,1
10388,＜水産練り製品＞　魚肉ソーセージ,-1,-1,70,60,-1,-1,-1,-1,-1,-1,-1,-1,-1,-1,-1,-1,-1,-1,-1,1
11001,＜畜肉類＞　いのしし　肉　脂身つき　生,-1,-1,-1,-1,-1,-1,-1,-1,-1,-1,-1,-1,-1,-1,-1,-1,-1,-1,-1,1
11002,＜畜肉類＞　いのぶた　肉　脂身つき　生,-1,-1,-1,-1,-1,-1,-1,-1,-1,-1,-1,-1,-1,-1,-1,-1,-1,-1,-1,1
11003,＜畜肉類＞　うさぎ　肉　赤肉　生,-1,-1,-1,-1,-1,-1,-1,-1,-1,-1,-1,-1,-1,-1,-1,-1,-1,-1,-1,1
11004,＜畜肉類＞　うし　［和牛肉］　かた　脂身つき　生,-1,-1,-1,-1,-1,-1,-1,-1,-1,-1,-1,-1,-1,-1,-1,-1,-1,-1,-1,1
11005,＜畜肉類＞　うし　［和牛肉］　かた　皮下脂肪なし　生,-1,-1,-1,-1,-1,-1,-1,-1,-1,-1,-1,-1,-1,-1,-1,-1,-1,-1,-1,1
11006,＜畜肉類＞　うし　［和牛肉］　かた　赤肉　生,-1,-1,-1,-1,-1,-1,-1,-1,-1,-1,-1,-1,-1,-1,-1,-1,-1,-1,-1,1
11007,＜畜肉類＞　うし　［和牛肉］　かた　脂身　生,-1,-1,-1,-1,-1,-1,-1,-1,-1,-1,-1,-1,-1,-1,-1,-1,-1,-1,-1,1
11008,＜畜肉類＞　うし　［和牛肉］　かたロース　脂身つき　生,-1,-1,-1,-1,-1,-1,-1,-1,-1,-1,-1,-1,-1,-1,-1,-1,-1,-1,-1,1
11009,＜畜肉類＞　うし　［和牛肉］　かたロース　皮下脂肪なし　生,-1,-1,-1,-1,-1,-1,-1,-1,-1,-1,-1,-1,-1,-1,-1,-1,-1,-1,-1,1
11010,＜畜肉類＞　うし　［和牛肉］　かたロース　赤肉　生,-1,-1,-1,-1,-1,-1,-1,-1,-1,-1,-1,-1,-1,-1,-1,-1,-1,-1,-1,1
11011,＜畜肉類＞　うし　［和牛肉］　リブロース　脂身つき　生,-1,-1,-1,-1,-1,-1,-1,-1,-1,-1,-1,-1,-1,-1,-1,-1,-1,-1,-1,1
11249,＜畜肉類＞　うし　［和牛肉］　リブロース　脂身つき　ゆで,-1,-1,-1,-1,-1,-1,-1,-1,-1,-1,-1,-1,-1,-1,-1,-1,-1,-1,-1,1
11248,＜畜肉類＞　うし　［和牛肉］　リブロース　脂身つき　焼き,-1,-1,-1,-1,-1,-1,-1,-1,-1,-1,-1,-1,-1,-1,-1,-1,-1,-1,-1,1
11012,＜畜肉類＞　うし　［和牛肉］　リブロース　皮下脂肪なし　生,-1,-1,-1,-1,-1,-1,-1,-1,-1,-1,-1,-1,-1,-1,-1,-1,-1,-1,-1,1
11013,＜畜肉類＞　うし　［和牛肉］　リブロース　赤肉　生,-1,-1,-1,-1,-1,-1,-1,-1,-1,-1,-1,-1,-1,-1,-1,-1,-1,-1,-1,1
11014,＜畜肉類＞　うし　［和牛肉］　リブロース　脂身　生,-1,-1,-1,-1,-1,-1,-1,-1,-1,-1,-1,-1,-1,-1,-1,-1,-1,-1,-1,1
11015,＜畜肉類＞　うし　［和牛肉］　サーロイン　脂身つき　生,-1,-1,-1,-1,-1,-1,-1,-1,-1,-1,-1,-1,-1,-1,-1,-1,-1,-1,-1,1
11016,＜畜肉類＞　うし　［和牛肉］　サーロイン　皮下脂肪なし　生,-1,-1,-1,-1,-1,-1,-1,-1,-1,-1,-1,-1,-1,-1,-1,-1,-1,-1,-1,1
11017,＜畜肉類＞　うし　［和牛肉］　サーロイン　赤肉　生,-1,-1,-1,-1,-1,-1,-1,-1,-1,-1,-1,-1,-1,-1,-1,-1,-1,-1,-1,1
11018,＜畜肉類＞　うし　［和牛肉］　ばら　脂身つき　生,-1,-1,-1,-1,-1,-1,-1,-1,-1,-1,-1,-1,-1,-1,-1,-1,-1,-1,-1,1
11019,＜畜肉類＞　うし　［和牛肉］　もも　脂身つき　生,-1,-1,-1,-1,-1,-1,-1,-1,-1,-1,-1,-1,-1,-1,-1,-1,-1,-1,-1,1
11020,＜畜肉類＞　うし　［和牛肉］　もも　皮下脂肪なし　生,-1,-1,-1,-1,-1,-1,-1,-1,-1,-1,-1,-1,-1,-1,-1,-1,-1,-1,-1,1
11251,＜畜肉類＞　うし　［和牛肉］　もも　皮下脂肪なし　ゆで,-1,-1,-1,-1,-1,-1,-1,-1,-1,-1,-1,-1,-1,-1,-1,-1,-1,-1,-1,1
11250,＜畜肉類＞　うし　［和牛肉］　もも　皮下脂肪なし　焼き,-1,-1,-1,-1,-1,-1,-1,-1,-1,-1,-1,-1,-1,-1,-1,-1,-1,-1,-1,1
11021,＜畜肉類＞　うし　［和牛肉］　もも　赤肉　生,-1,-1,-1,-1,-1,-1,-1,-1,-1,-1,-1,-1,-1,-1,-1,-1,-1,-1,-1,1
11022,＜畜肉類＞　うし　［和牛肉］　もも　脂身　生,-1,-1,-1,-1,-1,-1,-1,-1,-1,-1,-1,-1,-1,-1,-1,-1,-1,-1,-1,1
11023,＜畜肉類＞　うし　［和牛肉］　そともも　脂身つき　生,-1,-1,-1,-1,-1,-1,-1,-1,-1,-1,-1,-1,-1,-1,-1,-1,-1,-1,-1,1
11024,＜畜肉類＞　うし　［和牛肉］　そともも　皮下脂肪なし　生,-1,-1,-1,-1,-1,-1,-1,-1,-1,-1,-1,-1,-1,-1,-1,-1,-1,-1,-1,1
11025,＜畜肉類＞　うし　［和牛肉］　そともも　赤肉　生,-1,-1,-1,-1,-1,-1,-1,-1,-1,-1,-1,-1,-1,-1,-1,-1,-1,-1,-1,1
11026,＜畜肉類＞　うし　［和牛肉］　ランプ　脂身つき　生,-1,-1,-1,-1,-1,-1,-1,-1,-1,-1,-1,-1,-1,-1,-1,-1,-1,-1,-1,1
11027,＜畜肉類＞　うし　［和牛肉］　ランプ　皮下脂肪なし　生,-1,-1,-1,-1,-1,-1,-1,-1,-1,-1,-1,-1,-1,-1,-1,-1,-1,-1,-1,1
11028,＜畜肉類＞　うし　［和牛肉］　ランプ　赤肉　生,-1,-1,-1,-1,-1,-1,-1,-1,-1,-1,-1,-1,-1,-1,-1,-1,-1,-1,-1,1
11029,＜畜肉類＞　うし　［和牛肉］　ヒレ　赤肉　生,-1,-1,-1,-1,-1,-1,-1,-1,-1,-1,-1,-1,-1,-1,-1,-1,-1,-1,-1,1
11030,＜畜肉類＞　うし　［乳用肥育牛肉］　かた　脂身つき　生,-1,-1,-1,-1,-1,-1,-1,-1,-1,-1,-1,-1,-1,-1,-1,-1,-1,-1,-1,1
11309,＜畜肉類＞　うし　［乳用肥育牛肉］　かた　脂身つき　ゆで,-1,-1,-1,-1,-1,-1,-1,-1,-1,-1,-1,-1,-1,-1,-1,-1,-1,-1,-1,1
11310,＜畜肉類＞　うし　［乳用肥育牛肉］　かた　脂身つき　焼き,-1,-1,-1,-1,-1,-1,-1,-1,-1,-1,-1,-1,-1,-1,-1,-1,-1,-1,-1,1
11031,＜畜肉類＞　うし　［乳用肥育牛肉］　かた　皮下脂肪なし　生,-1,-1,-1,-1,-1,-1,-1,-1,-1,-1,-1,-1,-1,-1,-1,-1,-1,-1,-1,1
11032,＜畜肉類＞　うし　［乳用肥育牛肉］　かた　赤肉　生,-1,-1,-1,-1,-1,-1,-1,-1,-1,-1,-1,-1,-1,-1,-1,-1,-1,-1,-1,1
11301,＜畜肉類＞　うし　［乳用肥育牛肉］　かた　赤肉　ゆで,-1,-1,-1,-1,-1,-1,-1,-1,-1,-1,-1,-1,-1,-1,-1,-1,-1,-1,-1,1
11302,＜畜肉類＞　うし　［乳用肥育牛肉］　かた　赤肉　焼き,-1,-1,-1,-1,-1,-1,-1,-1,-1,-1,-1,-1,-1,-1,-1,-1,-1,-1,-1,1
11033,＜畜肉類＞　うし　［乳用肥育牛肉］　かた　脂身　生,-1,-1,-1,-1,-1,-1,-1,-1,-1,-1,-1,-1,-1,-1,-1,-1,-1,-1,-1,1
11034,＜畜肉類＞　うし　［乳用肥育牛肉］　かたロース　脂身つき　生,-1,30,-1,-1,-1,15,-1,-1,-1,-1,200,-1,-1,-1,-1,-1,-1,-1,-1,1
11035,＜畜肉類＞　うし　［乳用肥育牛肉］　かたロース　皮下脂肪なし　生,-1,-1,-1,-1,-1,-1,-1,-1,-1,-1,-1,-1,-1,-1,-1,-1,-1,-1,-1,1
11036,＜畜肉類＞　うし　［乳用肥育牛肉］　かたロース　赤肉　生,-1,-1,-1,-1,-1,-1,-1,-1,-1,-1,-1,-1,-1,-1,-1,-1,-1,-1,-1,1
11037,＜畜肉類＞　うし　［乳用肥育牛肉］　リブロース　脂身つき　生,-1,-1,-1,-1,-1,-1,-1,-1,-1,-1,-1,-1,-1,-1,-1,-1,-1,-1,-1,1
11039,＜畜肉類＞　うし　［乳用肥育牛肉］　リブロース　脂身つき　ゆで,-1,-1,-1,-1,-1,-1,-1,-1,-1,-1,-1,-1,-1,-1,-1,-1,-1,-1,-1,1
11038,＜畜肉類＞　うし　［乳用肥育牛肉］　リブロース　脂身つき　焼き,-1,-1,-1,-1,-1,-1,-1,-1,-1,-1,-1,-1,-1,-1,-1,-1,-1,-1,-1,1
11040,＜畜肉類＞　うし　［乳用肥育牛肉］　リブロース　皮下脂肪なし　生,-1,-1,-1,-1,-1,-1,-1,-1,-1,-1,-1,-1,-1,-1,-1,-1,-1,-1,-1,1
11041,＜畜肉類＞　うし　［乳用肥育牛肉］　リブロース　赤肉　生,-1,-1,-1,-1,-1,-1,-1,-1,-1,-1,-1,-1,-1,-1,-1,-1,-1,-1,-1,1
11042,＜畜肉類＞　うし　［乳用肥育牛肉］　リブロース　脂身　生,-1,-1,-1,-1,-1,-1,-1,-1,-1,-1,-1,-1,-1,-1,-1,-1,-1,-1,-1,1
11043,＜畜肉類＞　うし　［乳用肥育牛肉］　サーロイン　脂身つき　生,-1,-1,-1,-1,-1,-1,-1,-1,-1,-1,-1,-1,-1,-1,-1,-1,-1,-1,-1,1
11044,＜畜肉類＞　うし　［乳用肥育牛肉］　サーロイン　皮下脂肪なし　生,-1,-1,-1,-1,-1,-1,-1,-1,-1,-1,-1,-1,-1,-1,-1,-1,-1,-1,-1,1
11045,＜畜肉類＞　うし　［乳用肥育牛肉］　サーロイン　赤肉　生,-1,-1,-1,-1,-1,-1,-1,-1,-1,-1,-1,-1,-1,-1,-1,-1,-1,-1,-1,1
11046,＜畜肉類＞　うし　［乳用肥育牛肉］　ばら　脂身つき　生,-1,-1,-1,-1,-1,-1,-1,-1,-1,-1,-1,-1,-1,-1,-1,-1,-1,-1,-1,1
11252,＜畜肉類＞　うし　［乳用肥育牛肉］　ばら　脂身つき　焼き,-1,-1,-1,-1,-1,-1,-1,-1,-1,-1,-1,-1,-1,-1,-1,-1,-1,-1,-1,1
11047,＜畜肉類＞　うし　［乳用肥育牛肉］　もも　脂身つき　生,-1,-1,-1,-1,-1,-1,-1,-1,-1,-1,-1,-1,-1,-1,-1,-1,-1,-1,-1,1
11048,＜畜肉類＞　うし　［乳用肥育牛肉］　もも　皮下脂肪なし　生,-1,-1,-1,-1,-1,-1,-1,-1,-1,-1,-1,-1,-1,-1,-1,-1,-1,-1,-1,1
11050,＜畜肉類＞　うし　［乳用肥育牛肉］　もも　皮下脂肪なし　ゆで,-1,-1,-1,-1,-1,-1,-1,-1,-1,-1,-1,-1,-1,-1,-1,-1,-1,-1,-1,1
11049,＜畜肉類＞　うし　［乳用肥育牛肉］　もも　皮下脂肪なし　焼き,-1,-1,-1,-1,-1,-1,-1,-1,-1,-1,-1,-1,-1,-1,-1,-1,-1,-1,-1,1
11051,＜畜肉類＞　うし　［乳用肥育牛肉］　もも　赤肉　生,-1,-1,-1,-1,-1,-1,-1,-1,-1,-1,-1,-1,-1,-1,-1,-1,-1,-1,-1,1
11052,＜畜肉類＞　うし　［乳用肥育牛肉］　もも　脂身　生,-1,-1,-1,-1,-1,-1,-1,-1,-1,-1,-1,-1,-1,-1,-1,-1,-1,-1,-1,1
11053,＜畜肉類＞　うし　［乳用肥育牛肉］　そともも　脂身つき　生,-1,-1,-1,-1,-1,-1,-1,-1,-1,-1,-1,-1,-1,-1,-1,-1,-1,-1,-1,1
11054,＜畜肉類＞　うし　［乳用肥育牛肉］　そともも　皮下脂肪なし　生,-1,-1,-1,-1,-1,-1,-1,-1,-1,-1,-1,-1,-1,-1,-1,-1,-1,-1,-1,1
11055,＜畜肉類＞　うし　［乳用肥育牛肉］　そともも　赤肉　生,-1,-1,-1,-1,-1,-1,-1,-1,-1,-1,-1,-1,-1,-1,-1,-1,-1,-1,-1,1
11056,＜畜肉類＞　うし　［乳用肥育牛肉］　ランプ　脂身つき　生,-1,-1,-1,-1,-1,-1,-1,-1,-1,-1,-1,-1,-1,-1,-1,-1,-1,-1,-1,1
11057,＜畜肉類＞　うし　［乳用肥育牛肉］　ランプ　皮下脂肪なし　生,-1,-1,-1,-1,-1,-1,-1,-1,-1,-1,-1,-1,-1,-1,-1,-1,-1,-1,-1,1
11058,＜畜肉類＞　うし　［乳用肥育牛肉］　ランプ　赤肉　生,-1,-1,-1,-1,-1,-1,-1,-1,-1,-1,-1,-1,-1,-1,-1,-1,-1,-1,-1,1
11059,＜畜肉類＞　うし　［乳用肥育牛肉］　ヒレ　赤肉　生,-1,-1,-1,-1,-1,-1,-1,-1,-1,-1,-1,-1,-1,-1,-1,-1,-1,-1,-1,1
11253,＜畜肉類＞　うし　［乳用肥育牛肉］　ヒレ　赤肉　焼き,-1,-1,-1,-1,-1,-1,-1,-1,-1,-1,-1,-1,-1,-1,-1,-1,-1,-1,-1,1
11254,＜畜肉類＞　うし　［交雑牛肉］　リブロース　脂身つき　生,-1,-1,-1,-1,-1,-1,-1,-1,-1,-1,-1,-1,-1,-1,-1,-1,-1,-1,-1,1
11256,＜畜肉類＞　うし　［交雑牛肉］　リブロース　脂身つき　ゆで,-1,-1,-1,-1,-1,-1,-1,-1,-1,-1,-1,-1,-1,-1,-1,-1,-1,-1,-1,1
11255,＜畜肉類＞　うし　［交雑牛肉］　リブロース　脂身つき　焼き,-1,-1,-1,-1,-1,-1,-1,-1,-1,-1,-1,-1,-1,-1,-1,-1,-1,-1,-1,1
11257,＜畜肉類＞　うし　［交雑牛肉］　リブロース　皮下脂肪なし　生,-1,-1,-1,-1,-1,-1,-1,-1,-1,-1,-1,-1,-1,-1,-1,-1,-1,-1,-1,1
11258,＜畜肉類＞　うし　［交雑牛肉］　リブロース　赤肉　生,-1,-1,-1,-1,-1,-1,-1,-1,-1,-1,-1,-1,-1,-1,-1,-1,-1,-1,-1,1
11259,＜畜肉類＞　うし　［交雑牛肉］　リブロース　脂身　生,-1,-1,-1,-1,-1,-1,-1,-1,-1,-1,-1,-1,-1,-1,-1,-1,-1,-1,-1,1
11260,＜畜肉類＞　うし　［交雑牛肉］　ばら　脂身つき　生,-1,-1,-1,-1,-1,-1,-1,-1,-1,-1,-1,-1,-1,-1,-1,-1,-1,-1,-1,1
11261,＜畜肉類＞　うし　［交雑牛肉］　もも　脂身つき　生,-1,-1,-1,-1,-1,-1,-1,-1,-1,-1,-1,-1,-1,-1,-1,-1,-1,-1,-1,1
11262,＜畜肉類＞　うし　［交雑牛肉］　もも　皮下脂肪なし　生,-1,-1,-1,-1,-1,-1,-1,-1,-1,-1,-1,-1,-1,-1,-1,-1,-1,-1,-1,1
11264,＜畜肉類＞　うし　［交雑牛肉］　もも　皮下脂肪なし　ゆで,-1,-1,-1,-1,-1,-1,-1,-1,-1,-1,-1,-1,-1,-1,-1,-1,-1,-1,-1,1
11263,＜畜肉類＞　うし　［交雑牛肉］　もも　皮下脂肪なし　焼き,-1,-1,-1,-1,-1,-1,-1,-1,-1,-1,-1,-1,-1,-1,-1,-1,-1,-1,-1,1
11265,＜畜肉類＞　うし　［交雑牛肉］　もも　赤肉　生,-1,-1,-1,-1,-1,-1,-1,-1,-1,-1,-1,-1,-1,-1,-1,-1,-1,-1,-1,1
11266,＜畜肉類＞　うし　［交雑牛肉］　もも　脂身　生,-1,-1,-1,-1,-1,-1,-1,-1,-1,-1,-1,-1,-1,-1,-1,-1,-1,-1,-1,1
11267,＜畜肉類＞　うし　［交雑牛肉］　ヒレ　赤肉　生,-1,-1,-1,-1,-1,-1,-1,-1,-1,-1,-1,-1,-1,-1,-1,-1,-1,-1,-1,1
11060,＜畜肉類＞　うし　［輸入牛肉］　かた　脂身つき　生,-1,250,-1,-1,-1,-1,-1,-1,-1,-1,-1,-1,-1,-1,-1,-1,-1,-1,-1,1
11061,＜畜肉類＞　うし　［輸入牛肉］　かた　皮下脂肪なし　生,-1,-1,-1,-1,-1,-1,-1,-1,-1,-1,-1,-1,-1,-1,-1,-1,-1,-1,-1,1
11062,＜畜肉類＞　うし　［輸入牛肉］　かた　赤肉　生,-1,-1,-1,-1,-1,-1,-1,-1,-1,-1,-1,-1,-1,-1,-1,-1,-1,-1,-1,1
11063,＜畜肉類＞　うし　［輸入牛肉］　かた　脂身　生,-1,-1,-1,-1,-1,-1,-1,-1,-1,-1,-1,-1,-1,-1,-1,-1,-1,-1,-1,1
11064,＜畜肉類＞　うし　［輸入牛肉］　かたロース　脂身つき　生,-1,30,-1,-1,-1,15,-1,-1,-1,-1,200,-1,-1,-1,-1,-1,-1,-1,-1,1
11065,＜畜肉類＞　うし　［輸入牛肉］　かたロース　皮下脂肪なし　生,-1,-1,-1,-1,-1,-1,-1,-1,-1,-1,-1,-1,-1,-1,-1,-1,-1,-1,-1,1
11066,＜畜肉類＞　うし　［輸入牛肉］　かたロース　赤肉　生,-1,-1,-1,-1,-1,-1,-1,-1,-1,-1,-1,-1,-1,-1,-1,-1,-1,-1,-1,1
11067,＜畜肉類＞　うし　［輸入牛肉］　リブロース　脂身つき　生,-1,30,-1,-1,-1,15,-1,-1,-1,-1,200,-1,-1,-1,-1,-1,-1,-1,-1,1
11269,＜畜肉類＞　うし　［輸入牛肉］　リブロース　脂身つき　ゆで,-1,-1,-1,-1,-1,-1,-1,-1,-1,-1,-1,-1,-1,-1,-1,-1,-1,-1,-1,1
11268,＜畜肉類＞　うし　［輸入牛肉］　リブロース　脂身つき　焼き,-1,-1,-1,-1,-1,-1,-1,-1,-1,-1,-1,-1,-1,-1,-1,-1,-1,-1,-1,1
11068,＜畜肉類＞　うし　［輸入牛肉］　リブロース　皮下脂肪なし　生,-1,-1,-1,-1,-1,-1,-1,-1,-1,-1,-1,-1,-1,-1,-1,-1,-1,-1,-1,1
11069,＜畜肉類＞　うし　［輸入牛肉］　リブロース　赤肉　生,-1,-1,-1,-1,-1,-1,-1,-1,-1,-1,-1,-1,-1,-1,-1,-1,-1,-1,-1,1
11070,＜畜肉類＞　うし　［輸入牛肉］　リブロース　脂身　生,-1,-1,-1,-1,-1,-1,-1,-1,-1,-1,-1,-1,-1,-1,-1,-1,-1,-1,-1,1
11071,＜畜肉類＞　うし　［輸入牛肉］　サーロイン　脂身つき　生,-1,-1,-1,-1,-1,-1,-1,-1,-1,-1,-1,-1,-1,-1,-1,-1,-1,-1,-1,1
11072,＜畜肉類＞　うし　［輸入牛肉］　サーロイン　皮下脂肪なし　生,-1,-1,-1,-1,-1,-1,-1,-1,-1,-1,-1,-1,-1,-1,-1,-1,-1,-1,-1,1
11073,＜畜肉類＞　うし　［輸入牛肉］　サーロイン　赤肉　生,-1,-1,-1,-1,-1,-1,-1,-1,-1,-1,-1,-1,-1,-1,-1,-1,-1,-1,-1,1
11074,＜畜肉類＞　うし　［輸入牛肉］　ばら　脂身つき　生,-1,28,-1,-1,-1,-1,-1,-1,-1,-1,-1,-1,-1,-1,-1,-1,-1,-1,-1,1
11075,＜畜肉類＞　うし　［輸入牛肉］　もも　脂身つき　生,-1,-1,-1,-1,-1,-1,-1,-1,-1,-1,-1,-1,-1,-1,-1,-1,-1,-1,-1,1
11076,＜畜肉類＞　うし　［輸入牛肉］　もも　皮下脂肪なし　生,-1,-1,-1,-1,-1,-1,-1,-1,-1,-1,-1,-1,-1,-1,-1,-1,-1,-1,-1,1
11271,＜畜肉類＞　うし　［輸入牛肉］　もも　皮下脂肪なし　ゆで,-1,-1,-1,-1,-1,-1,-1,-1,-1,-1,-1,-1,-1,-1,-1,-1,-1,-1,-1,1
11270,＜畜肉類＞　うし　［輸入牛肉］　もも　皮下脂肪なし　焼き,-1,-1,-1,-1,-1,-1,-1,-1,-1,-1,-1,-1,-1,-1,-1,-1,-1,-1,-1,1
11077,＜畜肉類＞　うし　［輸入牛肉］　もも　赤肉　生,-1,-1,-1,-1,-1,-1,-1,-1,-1,-1,-1,-1,-1,-1,-1,-1,-1,-1,-1,1
11078,＜畜肉類＞　うし　［輸入牛肉］　もも　脂身　生,-1,-1,-1,-1,-1,-1,-1,-1,-1,-1,-1,-1,-1,-1,-1,-1,-1,-1,-1,1
11079,＜畜肉類＞　うし　［輸入牛肉］　そともも　脂身つき　生,-1,-1,-1,-1,-1,-1,-1,-1,-1,-1,-1,-1,-1,-1,-1,-1,-1,-1,-1,1
11080,＜畜肉類＞　うし　［輸入牛肉］　そともも　皮下脂肪なし　生,-1,-1,-1,-1,-1,-1,-1,-1,-1,-1,-1,-1,-1,-1,-1,-1,-1,-1,-1,1
11081,＜畜肉類＞　うし　［輸入牛肉］　そともも　赤肉　生,-1,-1,-1,-1,-1,-1,-1,-1,-1,-1,-1,-1,-1,-1,-1,-1,-1,-1,-1,1
11082,＜畜肉類＞　うし　［輸入牛肉］　ランプ　脂身つき　生,-1,-1,-1,-1,-1,-1,-1,-1,-1,-1,-1,-1,-1,-1,-1,-1,-1,-1,-1,1
11083,＜畜肉類＞　うし　［輸入牛肉］　ランプ　皮下脂肪なし　生,-1,-1,-1,-1,-1,-1,-1,-1,-1,-1,-1,-1,-1,-1,-1,-1,-1,-1,-1,1
11084,＜畜肉類＞　うし　［輸入牛肉］　ランプ　赤肉　生,-1,-1,-1,-1,-1,-1,-1,-1,-1,-1,-1,-1,-1,-1,-1,-1,-1,-1,-1,1
11085,＜畜肉類＞　うし　［輸入牛肉］　ヒレ　赤肉　生,-1,-1,-1,-1,-1,-1,-1,-1,-1,-1,-1,-1,-1,-1,-1,-1,-1,-1,-1,1
11086,＜畜肉類＞　うし　［子牛肉］　リブロース　皮下脂肪なし　生,-1,-1,-1,-1,-1,-1,-1,-1,-1,-1,-1,-1,-1,-1,-1,-1,-1,-1,-1,1
11087,＜畜肉類＞　うし　［子牛肉］　ばら　皮下脂肪なし　生,-1,-1,-1,-1,-1,-1,-1,-1,-1,-1,-1,-1,-1,-1,-1,-1,-1,-1,-1,1
11088,＜畜肉類＞　うし　［子牛肉］　もも　皮下脂肪なし　生,-1,-1,-1,-1,-1,-1,-1,-1,-1,-1,-1,-1,-1,-1,-1,-1,-1,-1,-1,1
11089,＜畜肉類＞　うし　［ひき肉］　生,-1,15,-1,-1,-1,-1,-1,-1,-1,-1,200,-1,-1,-1,-1,-1,-1,-1,-1,1
11272,＜畜肉類＞　うし　［ひき肉］　焼き,-1,-1,-1,-1,-1,-1,-1,-1,-1,-1,-1,-1,-1,-1,-1,-1,-1,-1,-1,1
11090,＜畜肉類＞　うし　［副生物］　舌　生,-1,-1,-1,-1,-1,-1,-1,-1,-1,-1,-1,-1,-1,-1,-1,-1,-1,-1,-1,1
11273,＜畜肉類＞　うし　［副生物］　舌　焼き,-1,-1,-1,-1,-1,-1,-1,-1,-1,-1,-1,-1,-1,-1,-1,-1,-1,-1,-1,1
11091,＜畜肉類＞　うし　［副生物］　心臓　生,-1,-1,-1,-1,-1,-1,-1,-1,-1,-1,-1,-1,-1,-1,-1,-1,-1,-1,-1,1
11092,＜畜肉類＞　うし　［副生物］　肝臓　生,-1,-1,-1,-1,-1,-1,-1,-1,-1,-1,-1,-1,-1,-1,-1,-1,-1,-1,-1,1
11093,＜畜肉類＞　うし　［副生物］　じん臓　生,-1,-1,-1,-1,-1,-1,-1,-1,-1,-1,-1,-1,-1,-1,-1,-1,-1,-1,-1,1
11094,＜畜肉類＞　うし　［副生物］　第一胃　ゆで,-1,-1,-1,-1,-1,-1,-1,-1,-1,-1,-1,-1,-1,-1,-1,-1,-1,-1,-1,1
11095,＜畜肉類＞　うし　［副生物］　第二胃　ゆで,-1,-1,-1,-1,-1,-1,-1,-1,-1,-1,-1,-1,-1,-1,-1,-1,-1,-1,-1,1
11096,＜畜肉類＞　うし　［副生物］　第三胃　生,-1,-1,-1,-1,-1,-1,-1,-1,-1,-1,-1,-1,-1,-1,-1,-1,-1,-1,-1,1
11097,＜畜肉類＞　うし　［副生物］　第四胃　ゆで,-1,-1,-1,-1,-1,-1,-1,-1,-1,-1,-1,-1,-1,-1,-1,-1,-1,-1,-1,1
11098,＜畜肉類＞　うし　［副生物］　小腸　生,-1,-1,-1,-1,-1,-1,-1,-1,-1,-1,-1,-1,-1,-1,-1,-1,-1,-1,-1,1
11099,＜畜肉類＞　うし　［副生物］　大腸　生,-1,-1,-1,-1,-1,-1,-1,-1,-1,-1,-1,-1,-1,-1,-1,-1,-1,-1,-1,1
11100,＜畜肉類＞　うし　［副生物］　直腸　生,-1,-1,-1,-1,-1,-1,-1,-1,-1,-1,-1,-1,-1,-1,-1,-1,-1,-1,-1,1
11101,＜畜肉類＞　うし　［副生物］　腱　ゆで,-1,30,-1,-1,-1,15,-1,-1,-1,-1,200,-1,-1,-1,-1,-1,-1,-1,-1,1
11102,＜畜肉類＞　うし　［副生物］　子宮　ゆで,-1,-1,-1,-1,-1,-1,-1,-1,-1,-1,-1,-1,-1,-1,-1,-1,-1,-1,-1,1
11103,＜畜肉類＞　うし　［副生物］　尾　生,-1,-1,-1,-1,-1,-1,-1,-1,-1,-1,-1,-1,-1,-1,-1,-1,-1,-1,-1,1
11274,＜畜肉類＞　うし　［副生物］　横隔膜　生,-1,-1,-1,-1,-1,-1,-1,-1,-1,-1,-1,-1,-1,-1,-1,-1,-1,-1,-1,1
11296,＜畜肉類＞　うし　［副生物］　横隔膜　ゆで,-1,-1,-1,-1,-1,-1,-1,-1,-1,-1,-1,-1,-1,-1,-1,-1,-1,-1,-1,1
11297,＜畜肉類＞　うし　［副生物］　横隔膜　焼き,-1,-1,-1,-1,-1,-1,-1,-1,-1,-1,-1,-1,-1,-1,-1,-1,-1,-1,-1,1
11104,＜畜肉類＞　うし　［加工品］　ローストビーフ,-1,-1,-1,-1,-1,-1,-1,-1,-1,-1,-1,-1,-1,-1,-1,-1,-1,-1,-1,1
11105,＜畜肉類＞　うし　［加工品］　コンビーフ缶詰,-1,-1,-1,-1,-1,-1,-1,-1,-1,-1,100,-1,-1,80,-1,-1,-1,-1,-1,1
11106,＜畜肉類＞　うし　［加工品］　味付け缶詰,-1,-1,-1,-1,-1,-1,-1,-1,-1,-1,-1,-1,-1,-1,-1,-1,-1,-1,-1,1
11107,＜畜肉類＞　うし　［加工品］　ビーフジャーキー,-1,-1,-1,-1,-1,-1,-1,-1,-1,-1,-1,-1,-1,-1,-1,-1,-1,-1,-1,1
11108,＜畜肉類＞　うし　［加工品］　スモークタン,-1,-1,-1,-1,-1,-1,-1,-1,-1,-1,-1,-1,-1,-1,-1,-1,-1,-1,-1,1
11109,＜畜肉類＞　うま　肉　赤肉　生,-1,-1,-1,-1,-1,-1,-1,-1,-1,-1,-1,-1,-1,-1,-1,-1,-1,-1,-1,1
11110,＜畜肉類＞　くじら　肉　赤肉　生,-1,-1,-1,-1,-1,-1,-1,-1,-1,-1,-1,-1,-1,-1,-1,-1,-1,-1,-1,1
11111,＜畜肉類＞　くじら　うねす　生,-1,-1,-1,-1,-1,-1,-1,-1,-1,-1,-1,-1,-1,-1,-1,-1,-1,-1,-1,1
11112,＜畜肉類＞　くじら　本皮　生,-1,-1,-1,-1,-1,-1,-1,-1,-1,-1,-1,-1,-1,-1,-1,-1,-1,-1,-1,1
11113,＜畜肉類＞　くじら　さらしくじら,-1,-1,-1,-1,-1,-1,-1,-1,-1,-1,-1,-1,-1,-1,-1,-1,-1,-1,-1,1
11114,＜畜肉類＞　しか　あかしか　赤肉　生,-1,-1,-1,-1,-1,-1,-1,-1,-1,-1,-1,-1,-1,-1,-1,-1,-1,-1,-1,1
11275,＜畜肉類＞　しか　にほんじか　赤肉　生,-1,-1,-1,-1,-1,-1,-1,-1,-1,-1,-1,-1,-1,-1,-1,-1,-1,-1,-1,1
11294,＜畜肉類＞　しか　にほんじか　えぞしか　赤肉　生,-1,-1,-1,-1,-1,-1,-1,-1,-1,-1,-1,-1,-1,-1,-1,-1,-1,-1,-1,1
11295,＜畜肉類＞　しか　にほんじか　きゅうしゅうじか　赤肉　生,-1,-1,-1,-1,-1,-1,-1,-1,-1,-1,-1,-1,-1,-1,-1,-1,-1,-1,-1,1
11311,＜畜肉類＞　しか　にほんじか　ほんしゅうじか　赤肉　生,-1,-1,-1,-1,-1,-1,-1,-1,-1,-1,-1,-1,-1,-1,-1,-1,-1,-1,-1,1
11115,＜畜肉類＞　ぶた　［大型種肉］　かた　脂身つき　生,-1,-1,-1,-1,-1,-1,-1,-1,-1,-1,200,-1,-1,-1,-1,-1,-1,-1,-1,1
11116,＜畜肉類＞　ぶた　［大型種肉］　かた　皮下脂肪なし　生,-1,-1,-1,-1,-1,-1,-1,-1,-1,-1,-1,-1,-1,-1,-1,-1,-1,-1,-1,1
11117,＜畜肉類＞　ぶた　［大型種肉］　かた　赤肉　生,-1,-1,-1,-1,-1,-1,-1,-1,-1,-1,-1,-1,-1,-1,-1,-1,-1,-1,-1,1
11118,＜畜肉類＞　ぶた　［大型種肉］　かた　脂身　生,-1,-1,-1,-1,-1,-1,-1,-1,-1,-1,-1,-1,-1,-1,-1,-1,-1,-1,-1,1
11119,＜畜肉類＞　ぶた　［大型種肉］　かたロース　脂身つき　生,-1,100,-1,-1,-1,-1,-1,-1,-1,-1,200,-1,-1,-1,-1,-1,-1,-1,-1,1
11120,＜畜肉類＞　ぶた　［大型種肉］　かたロース　皮下脂肪なし　生,-1,-1,-1,-1,-1,-1,-1,-1,-1,-1,-1,-1,-1,-1,-1,-1,-1,-1,-1,1
11121,＜畜肉類＞　ぶた　［大型種肉］　かたロース　赤肉　生,-1,-1,-1,-1,-1,-1,-1,-1,-1,-1,-1,-1,-1,-1,-1,-1,-1,-1,-1,1
11122,＜畜肉類＞　ぶた　［大型種肉］　かたロース　脂身　生,-1,-1,-1,-1,-1,-1,-1,-1,-1,-1,-1,-1,-1,-1,-1,-1,-1,-1,-1,1
11123,＜畜肉類＞　ぶた　［大型種肉］　ロース　脂身つき　生,-1,200,-1,-1,-1,-1,-1,-1,-1,-1,-1,-1,-1,-1,-1,-1,-1,-1,-1,1
11125,＜畜肉類＞　ぶた　［大型種肉］　ロース　脂身つき　ゆで,-1,-1,-1,-1,-1,-1,-1,-1,-1,-1,200,-1,-1,-1,-1,-1,-1,-1,-1,1
11124,＜畜肉類＞　ぶた　［大型種肉］　ロース　脂身つき　焼き,-1,-1,-1,-1,-1,-1,-1,-1,-1,-1,-1,-1,-1,-1,-1,-1,-1,-1,-1,1
11276,＜畜肉類＞　ぶた　［大型種肉］　ロース　脂身つき　とんかつ,-1,-1,-1,-1,-1,-1,-1,-1,-1,-1,-1,-1,-1,-1,-1,-1,-1,-1,-1,1
11126,＜畜肉類＞　ぶた　［大型種肉］　ロース　皮下脂肪なし　生,-1,-1,-1,-1,-1,-1,-1,-1,-1,-1,-1,-1,-1,-1,-1,-1,-1,-1,-1,1
11127,＜畜肉類＞　ぶた　［大型種肉］　ロース　赤肉　生,-1,-1,-1,-1,-1,-1,-1,-1,-1,-1,-1,-1,-1,-1,-1,-1,-1,-1,-1,1
11128,＜畜肉類＞　ぶた　［大型種肉］　ロース　脂身　生,-1,-1,-1,-1,-1,-1,-1,-1,-1,-1,-1,-1,-1,-1,-1,-1,-1,-1,-1,1
11129,＜畜肉類＞　ぶた　［大型種肉］　ばら　脂身つき　生,-1,28,100,-1,-1,-1,-1,-1,-1,-1,200,-1,-1,-1,-1,-1,-1,-1,-1,1
11277,＜畜肉類＞　ぶた　［大型種肉］　ばら　脂身つき　焼き,-1,-1,-1,-1,-1,-1,-1,-1,-1,-1,-1,-1,-1,-1,-1,-1,-1,-1,-1,1
11130,＜畜肉類＞　ぶた　［大型種肉］　もも　脂身つき　生,-1,-1,-1,-1,-1,-1,-1,-1,-1,-1,200,-1,-1,-1,-1,-1,-1,-1,-1,1
11131,＜畜肉類＞　ぶた　［大型種肉］　もも　皮下脂肪なし　生,-1,-1,-1,-1,-1,-1,-1,-1,-1,-1,-1,-1,-1,-1,-1,-1,-1,-1,-1,1
11133,＜畜肉類＞　ぶた　［大型種肉］　もも　皮下脂肪なし　ゆで,-1,-1,-1,-1,-1,-1,-1,-1,-1,-1,-1,-1,-1,-1,-1,-1,-1,-1,-1,1
11132,＜畜肉類＞　ぶた　［大型種肉］　もも　皮下脂肪なし　焼き,-1,-1,-1,-1,-1,-1,-1,-1,-1,-1,-1,-1,-1,-1,-1,-1,-1,-1,-1,1
11134,＜畜肉類＞　ぶた　［大型種肉］　もも　赤肉　生,-1,-1,-1,-1,-1,-1,-1,-1,-1,-1,-1,-1,-1,-1,-1,-1,-1,-1,-1,1
11135,＜畜肉類＞　ぶた　［大型種肉］　もも　脂身　生,-1,-1,-1,-1,-1,-1,-1,-1,-1,-1,-1,-1,-1,-1,-1,-1,-1,-1,-1,1
11136,＜畜肉類＞　ぶた　［大型種肉］　そともも　脂身つき　生,-1,-1,-1,-1,-1,-1,-1,-1,-1,-1,-1,-1,-1,-1,-1,-1,-1,-1,-1,1
11137,＜畜肉類＞　ぶた　［大型種肉］　そともも　皮下脂肪なし　生,-1,-1,-1,-1,-1,-1,-1,-1,-1,-1,-1,-1,-1,-1,-1,-1,-1,-1,-1,1
11138,＜畜肉類＞　ぶた　［大型種肉］　そともも　赤肉　生,-1,-1,-1,-1,-1,-1,-1,-1,-1,-1,-1,-1,-1,-1,-1,-1,-1,-1,-1,1
11139,＜畜肉類＞　ぶた　［大型種肉］　そともも　脂身　生,-1,-1,-1,-1,-1,-1,-1,-1,-1,-1,-1,-1,-1,-1,-1,-1,-1,-1,-1,1
11140,＜畜肉類＞　ぶた　［大型種肉］　ヒレ　赤肉　生,-1,-1,-1,-1,-1,-1,-1,-1,-1,-1,200,-1,-1,-1,-1,-1,-1,-1,-1,1
11278,＜畜肉類＞　ぶた　［大型種肉］　ヒレ　赤肉　焼き,-1,-1,-1,-1,-1,-1,-1,-1,-1,-1,-1,-1,-1,-1,-1,-1,-1,-1,-1,1
11279,＜畜肉類＞　ぶた　［大型種肉］　ヒレ　赤肉　とんかつ,-1,-1,-1,-1,-1,-1,-1,-1,-1,-1,-1,-1,-1,-1,-1,-1,-1,-1,-1,1
11141,＜畜肉類＞　ぶた　［中型種肉］　かた　脂身つき　生,-1,-1,-1,-1,-1,-1,-1,-1,-1,-1,-1,-1,-1,-1,-1,-1,-1,-1,-1,1
11142,＜畜肉類＞　ぶた　［中型種肉］　かた　皮下脂肪なし　生,-1,-1,-1,-1,-1,-1,-1,-1,-1,-1,-1,-1,-1,-1,-1,-1,-1,-1,-1,1
11143,＜畜肉類＞　ぶた　［中型種肉］　かた　赤肉　生,-1,-1,-1,-1,-1,-1,-1,-1,-1,-1,-1,-1,-1,-1,-1,-1,-1,-1,-1,1
11144,＜畜肉類＞　ぶた　［中型種肉］　かた　脂身　生,-1,-1,-1,-1,-1,-1,-1,-1,-1,-1,-1,-1,-1,-1,-1,-1,-1,-1,-1,1
11145,＜畜肉類＞　ぶた　［中型種肉］　かたロース　脂身つき　生,-1,-1,-1,-1,-1,-1,-1,-1,-1,-1,-1,-1,-1,-1,-1,-1,-1,-1,-1,1
11146,＜畜肉類＞　ぶた　［中型種肉］　かたロース　皮下脂肪なし　生,-1,-1,-1,-1,-1,-1,-1,-1,-1,-1,-1,-1,-1,-1,-1,-1,-1,-1,-1,1
11147,＜畜肉類＞　ぶた　［中型種肉］　かたロース　赤肉　生,-1,-1,-1,-1,-1,-1,-1,-1,-1,-1,-1,-1,-1,-1,-1,-1,-1,-1,-1,1
11148,＜畜肉類＞　ぶた　［中型種肉］　かたロース　脂身　生,-1,-1,-1,-1,-1,-1,-1,-1,-1,-1,-1,-1,-1,-1,-1,-1,-1,-1,-1,1
11149,＜畜肉類＞　ぶた　［中型種肉］　ロース　脂身つき　生,-1,-1,-1,-1,-1,-1,-1,-1,-1,-1,-1,-1,-1,-1,-1,-1,-1,-1,-1,1
11150,＜畜肉類＞　ぶた　［中型種肉］　ロース　皮下脂肪なし　生,-1,-1,-1,-1,-1,-1,-1,-1,-1,-1,-1,-1,-1,-1,-1,-1,-1,-1,-1,1
11151,＜畜肉類＞　ぶた　［中型種肉］　ロース　赤肉　生,-1,-1,-1,-1,-1,-1,-1,-1,-1,-1,-1,-1,-1,-1,-1,-1,-1,-1,-1,1
11152,＜畜肉類＞　ぶた　［中型種肉］　ロース　脂身　生,-1,-1,-1,-1,-1,-1,-1,-1,-1,-1,-1,-1,-1,-1,-1,-1,-1,-1,-1,1
11153,＜畜肉類＞　ぶた　［中型種肉］　ばら　脂身つき　生,-1,-1,-1,-1,-1,-1,-1,-1,-1,-1,-1,-1,-1,-1,-1,-1,-1,-1,-1,1
11154,＜畜肉類＞　ぶた　［中型種肉］　もも　脂身つき　生,-1,-1,-1,-1,-1,-1,-1,-1,-1,-1,-1,-1,-1,-1,-1,-1,-1,-1,-1,1
11155,＜畜肉類＞　ぶた　［中型種肉］　もも　皮下脂肪なし　生,-1,-1,-1,-1,-1,-1,-1,-1,-1,-1,-1,-1,-1,-1,-1,-1,-1,-1,-1,1
11156,＜畜肉類＞　ぶた　［中型種肉］　もも　赤肉　生,-1,-1,-1,-1,-1,-1,-1,-1,-1,-1,-1,-1,-1,-1,-1,-1,-1,-1,-1,1
11157,＜畜肉類＞　ぶた　［中型種肉］　もも　脂身　生,-1,-1,-1,-1,-1,-1,-1,-1,-1,-1,-1,-1,-1,-1,-1,-1,-1,-1,-1,1
11158,＜畜肉類＞　ぶた　［中型種肉］　そともも　脂身つき　生,-1,-1,-1,-1,-1,-1,-1,-1,-1,-1,-1,-1,-1,-1,-1,-1,-1,-1,-1,1
11159,＜畜肉類＞　ぶた　［中型種肉］　そともも　皮下脂肪なし　生,-1,-1,-1,-1,-1,-1,-1,-1,-1,-1,-1,-1,-1,-1,-1,-1,-1,-1,-1,1
11160,＜畜肉類＞　ぶた　［中型種肉］　そともも　赤肉　生,-1,-1,-1,-1,-1,-1,-1,-1,-1,-1,-1,-1,-1,-1,-1,-1,-1,-1,-1,1
11161,＜畜肉類＞　ぶた　［中型種肉］　そともも　脂身　生,-1,-1,-1,-1,-1,-1,-1,-1,-1,-1,-1,-1,-1,-1,-1,-1,-1,-1,-1,1
11162,＜畜肉類＞　ぶた　［中型種肉］　ヒレ　赤肉　生,-1,-1,-1,-1,-1,-1,-1,-1,-1,-1,-1,-1,-1,-1,-1,-1,-1,-1,-1,1
11163,＜畜肉類＞　ぶた　［ひき肉］　生,-1,-1,-1,-1,-1,-1,-1,-1,-1,15,150,300,-1,-1,-1,-1,-1,-1,-1,1
11280,＜畜肉類＞　ぶた　［ひき肉］　焼き,-1,-1,-1,-1,-1,-1,-1,-1,-1,-1,-1,-1,-1,-1,-1,-1,-1,-1,-1,1
11312,＜畜肉類＞　ぶた　［副生物］　頭部　ジョウルミート　生,-1,-1,-1,-1,-1,-1,-1,-1,-1,-1,-1,-1,-1,-1,-1,-1,-1,-1,-1,1
11313,＜畜肉類＞　ぶた　［副生物］　頭部　ジョウルミート　焼き,-1,-1,-1,-1,-1,-1,-1,-1,-1,-1,-1,-1,-1,-1,-1,-1,-1,-1,-1,1
11164,＜畜肉類＞　ぶた　［副生物］　舌　生,-1,-1,-1,-1,-1,-1,-1,-1,-1,-1,-1,-1,-1,-1,-1,-1,-1,-1,-1,1
11165,＜畜肉類＞　ぶた　［副生物］　心臓　生,-1,-1,-1,-1,-1,-1,-1,-1,-1,-1,-1,-1,-1,-1,-1,-1,-1,-1,-1,1
11166,＜畜肉類＞　ぶた　［副生物］　肝臓　生,-1,-1,-1,15,-1,-1,-1,-1,-1,-1,-1,-1,-1,-1,-1,-1,-1,-1,-1,1
11167,＜畜肉類＞　ぶた　［副生物］　じん臓　生,-1,-1,-1,-1,-1,-1,-1,-1,-1,-1,-1,-1,-1,-1,-1,-1,-1,-1,-1,1
11168,＜畜肉類＞　ぶた　［副生物］　胃　ゆで,-1,-1,-1,-1,-1,-1,-1,-1,-1,-1,-1,-1,-1,-1,-1,-1,-1,-1,-1,1
11169,＜畜肉類＞　ぶた　［副生物］　小腸　ゆで,-1,-1,-1,-1,-1,-1,-1,-1,-1,-1,-1,-1,-1,-1,-1,-1,-1,-1,-1,1
11170,＜畜肉類＞　ぶた　［副生物］　大腸　ゆで,-1,-1,-1,-1,-1,-1,-1,-1,-1,-1,-1,-1,-1,-1,-1,-1,-1,-1,-1,1
11171,＜畜肉類＞　ぶた　［副生物］　子宮　生,-1,-1,-1,-1,-1,-1,-1,-1,-1,-1,-1,-1,-1,-1,-1,-1,-1,-1,-1,1
11172,＜畜肉類＞　ぶた　［副生物］　豚足　ゆで,-1,-1,-1,-1,-1,-1,-1,-1,-1,-1,-1,-1,-1,-1,-1,-1,-1,-1,-1,1
11173,＜畜肉類＞　ぶた　［副生物］　軟骨　ゆで,-1,-1,-1,-1,-1,-1,-1,-1,-1,-1,-1,-1,-1,-1,-1,-1,-1,-1,-1,1
11174,＜畜肉類＞　ぶた　［ハム類］　骨付きハム,-1,10,-1,-1,-1,-1,-1,-1,-1,-1,-1,-1,-1,-1,-1,-1,-1,-1,-1,1
11175,＜畜肉類＞　ぶた　［ハム類］　ボンレスハム,-1,10,-1,-1,-1,-1,-1,-1,-1,-1,-1,-1,-1,-1,-1,-1,-1,-1,-1,1
11176,＜畜肉類＞　ぶた　［ハム類］　ロースハム　ロースハム,-1,10,-1,-1,-1,-1,3,-1,-1,-1,-1,90,-1,-1,-1,-1,-1,-1,-1,1
11303,＜畜肉類＞　ぶた　［ハム類］　ロースハム　ゆで,-1,10,-1,-1,-1,-1,-1,-1,-1,-1,-1,-1,-1,-1,-1,-1,-1,-1,-1,1
11304,＜畜肉類＞　ぶた　［ハム類］　ロースハム　焼き,-1,10,-1,-1,-1,-1,-1,-1,-1,-1,-1,-1,-1,-1,-1,-1,-1,-1,-1,1
11305,＜畜肉類＞　ぶた　［ハム類］　ロースハム　フライ,-1,10,-1,-1,-1,-1,-1,-1,-1,-1,-1,-1,-1,-1,-1,-1,-1,-1,-1,1
11177,＜畜肉類＞　ぶた　［ハム類］　ショルダーハム,-1,10,-1,-1,-1,-1,-1,-1,-1,-1,-1,-1,-1,-1,-1,-1,-1,-1,-1,1
11181,＜畜肉類＞　ぶた　［ハム類］　生ハム　促成,-1,10,-1,-1,-1,-1,-1,-1,-1,-1,-1,-1,-1,-1,-1,-1,-1,-1,-1,1
11182,＜畜肉類＞　ぶた　［ハム類］　生ハム　長期熟成,-1,10,-1,-1,-1,-1,-1,-1,-1,-1,-1,-1,-1,-1,-1,-1,-1,-1,-1,1
11178,＜畜肉類＞　ぶた　［プレスハム類］　プレスハム,-1,10,-1,-1,-1,-1,-1,-1,-1,-1,-1,-1,-1,-1,-1,-1,-1,-1,-1,1
11180,＜畜肉類＞　ぶた　［プレスハム類］　チョップドハム,-1,10,-1,-1,-1,-1,-1,-1,-1,-1,-1,-1,-1,-1,-1,-1,-1,-1,-1,1
11183,＜畜肉類＞　ぶた　［ベーコン類］　ばらベーコン　ばらベーコン　,-1,15,-1,-1,-1,-1,-1,-1,-1,-1,-1,180,-1,105,-1,-1,-1,-1,-1,1
11314,＜畜肉類＞　ぶた　［ベーコン類］　ばらベーコン　ゆで,-1,15,-1,-1,-1,-1,-1,-1,-1,-1,-1,-1,-1,-1,-1,-1,-1,-1,-1,1
11315,＜畜肉類＞　ぶた　［ベーコン類］　ばらベーコン　焼き,-1,15,-1,-1,-1,-1,-1,-1,-1,-1,-1,-1,-1,-1,-1,-1,-1,-1,-1,1
11316,＜畜肉類＞　ぶた　［ベーコン類］　ばらベーコン　油いため,-1,15,-1,-1,-1,-1,-1,-1,-1,-1,-1,-1,-1,-1,-1,-1,-1,-1,-1,1
11184,＜畜肉類＞　ぶた　［ベーコン類］　ロースベーコン,-1,15,-1,-1,-1,-1,-1,-1,-1,-1,-1,-1,-1,-1,-1,-1,-1,-1,-1,1
11185,＜畜肉類＞　ぶた　［ベーコン類］　ショルダーベーコン,-1,15,-1,-1,-1,-1,-1,-1,-1,-1,-1,-1,-1,-1,-1,-1,-1,-1,-1,1
11186,＜畜肉類＞　ぶた　［ソーセージ類］　ウインナーソーセージ　ウインナーソーセージ,-1,-1,15,15,-1,7.5,-1,-1,-1,-1,-1,200,-1,-1,-1,-1,-1,-1,-1,1
11306,＜畜肉類＞　ぶた　［ソーセージ類］　ウインナーソーセージ　ゆで,-1,-1,-1,-1,-1,-1,-1,-1,-1,-1,-1,-1,-1,-1,-1,-1,-1,-1,-1,1
11307,＜畜肉類＞　ぶた　［ソーセージ類］　ウインナーソーセージ　焼き,-1,-1,-1,-1,-1,-1,-1,-1,-1,-1,-1,-1,-1,-1,-1,-1,-1,-1,-1,1
11308,＜畜肉類＞　ぶた　［ソーセージ類］　ウインナーソーセージ　フライ,-1,-1,-1,-1,-1,-1,-1,-1,-1,-1,-1,-1,-1,-1,-1,-1,-1,-1,-1,1
11187,＜畜肉類＞　ぶた　［ソーセージ類］　セミドライソーセージ,-1,-1,-1,-1,-1,-1,-1,-1,-1,-1,-1,200,-1,-1,-1,-1,-1,-1,-1,1
11188,＜畜肉類＞　ぶた　［ソーセージ類］　ドライソーセージ,-1,-1,-1,-1,-1,-1,-1,-1,-1,-1,-1,-1,-1,-1,-1,-1,-1,-1,-1,1
11189,＜畜肉類＞　ぶた　［ソーセージ類］　フランクフルトソーセージ,340,40,-1,340,-1,-1,-1,-1,-1,-1,-1,200,-1,340,-1,40,-1,-1,-1,1
11190,＜畜肉類＞　ぶた　［ソーセージ類］　ボロニアソーセージ,-1,10,-1,-1,-1,-1,-1,-1,-1,-1,-1,-1,-1,-1,-1,-1,-1,-1,-1,1
11191,＜畜肉類＞　ぶた　［ソーセージ類］　リオナソーセージ,-1,-1,-1,-1,-1,-1,-1,-1,-1,-1,-1,-1,-1,-1,-1,-1,-1,-1,-1,1
11192,＜畜肉類＞　ぶた　［ソーセージ類］　レバーソーセージ,-1,-1,-1,-1,-1,-1,-1,-1,-1,-1,-1,-1,-1,-1,-1,-1,-1,-1,-1,1
11193,＜畜肉類＞　ぶた　［ソーセージ類］　混合ソーセージ,-1,-1,-1,-1,-1,-1,-1,-1,-1,-1,-1,-1,-1,-1,-1,-1,-1,-1,-1,1
11194,＜畜肉類＞　ぶた　［ソーセージ類］　生ソーセージ,-1,-1,-1,-1,-1,-1,-1,-1,-1,-1,-1,-1,-1,-1,-1,-1,-1,-1,-1,1
11317,＜畜肉類＞　ぶた　［ソーセージ類］　ランチョンミート,-1,-1,-1,-1,-1,-1,-1,-1,-1,-1,-1,-1,-1,-1,-1,-1,-1,-1,-1,1
11195,＜畜肉類＞　ぶた　［その他］　焼き豚,-1,6,-1,-1,-1,-1,-1,-1,-1,-1,-1,-1,-1,-1,-1,-1,-1,-1,-1,1
11196,＜畜肉類＞　ぶた　［その他］　レバーペースト,-1,-1,-1,-1,-1,-1,-1,-1,-1,-1,-1,-1,-1,-1,-1,-1,-1,-1,-1,1
11197,＜畜肉類＞　ぶた　［その他］　スモークレバー,-1,-1,-1,-1,-1,-1,-1,-1,-1,-1,-1,-1,-1,-1,-1,-1,-1,-1,-1,1
11198,＜畜肉類＞　ぶた　［その他］　ゼラチン,-1,-1,-1,-1,-1,-1,-1,1,-1,2.5,-1,-1,30,-1,-1,-1,-1,-1,-1,1
11199,＜畜肉類＞　めんよう　［マトン］　ロース　脂身つき　生,-1,-1,-1,-1,-1,-1,-1,-1,-1,-1,-1,-1,-1,-1,-1,-1,-1,-1,-1,1
11281,＜畜肉類＞　めんよう　［マトン］　ロース　脂身つき　焼き,-1,-1,-1,-1,-1,-1,-1,-1,-1,-1,-1,-1,-1,-1,-1,-1,-1,-1,-1,1
11245,＜畜肉類＞　めんよう　［マトン］　ロース　皮下脂肪なし　生,-1,-1,-1,-1,-1,-1,-1,-1,-1,-1,-1,-1,-1,-1,-1,-1,-1,-1,-1,1
11200,＜畜肉類＞　めんよう　［マトン］　もも　脂身つき　生,-1,-1,-1,-1,-1,-1,-1,-1,-1,-1,-1,-1,-1,-1,-1,-1,-1,-1,-1,1
11201,＜畜肉類＞　めんよう　［ラム］　かた　脂身つき　生,-1,-1,-1,-1,-1,-1,-1,-1,-1,-1,-1,-1,-1,-1,-1,-1,-1,-1,-1,1
11202,＜畜肉類＞　めんよう　［ラム］　ロース　脂身つき　生,-1,-1,-1,-1,-1,-1,-1,-1,-1,-1,-1,-1,-1,-1,-1,-1,-1,-1,-1,1
11282,＜畜肉類＞　めんよう　［ラム］　ロース　脂身つき　焼き,-1,-1,-1,-1,-1,-1,-1,-1,-1,-1,-1,-1,-1,-1,-1,-1,-1,-1,-1,1
11246,＜畜肉類＞　めんよう　［ラム］　ロース　皮下脂肪なし　生,-1,-1,-1,-1,-1,-1,-1,-1,-1,-1,-1,-1,-1,-1,-1,-1,-1,-1,-1,1
11203,＜畜肉類＞　めんよう　［ラム］　もも　脂身つき　生,-1,-1,-1,-1,-1,-1,-1,-1,-1,-1,-1,-1,-1,-1,-1,-1,-1,-1,-1,1
11283,＜畜肉類＞　めんよう　［ラム］　もも　脂身つき　焼き,-1,-1,-1,-1,-1,-1,-1,-1,-1,-1,-1,-1,-1,-1,-1,-1,-1,-1,-1,1
11179,＜畜肉類＞　めんよう　混合プレスハム,-1,-1,-1,-1,-1,-1,-1,-1,-1,-1,-1,-1,-1,-1,-1,-1,-1,-1,-1,1
11204,＜畜肉類＞　やぎ　肉　赤肉　生,-1,-1,-1,-1,-1,-1,-1,-1,-1,-1,-1,-1,-1,-1,-1,-1,-1,-1,-1,1
11207,＜鳥肉類＞　うずら　肉　皮つき　生,-1,-1,-1,-1,-1,-1,-1,-1,-1,-1,-1,-1,-1,-1,-1,-1,-1,-1,-1,1
11239,＜鳥肉類＞　がちょう　フォアグラ　ゆで,-1,-1,-1,-1,-1,-1,-1,-1,-1,-1,-1,-1,-1,-1,-1,-1,-1,-1,-1,1
11208,＜鳥肉類＞　かも　まがも　肉　皮なし　生,-1,-1,-1,-1,-1,-1,-1,-1,-1,-1,-1,-1,-1,-1,-1,-1,-1,-1,-1,1
11205,＜鳥肉類＞　かも　あいがも　肉　皮つき　生,-1,-1,-1,-1,-1,-1,-1,-1,-1,-1,-1,-1,-1,-1,-1,-1,-1,-1,-1,1
11206,＜鳥肉類＞　かも　あひる　肉　皮つき　生,-1,-1,-1,-1,-1,-1,-1,-1,-1,-1,-1,-1,-1,-1,-1,-1,-1,-1,-1,1
11247,＜鳥肉類＞　かも　あひる　肉　皮なし　生,-1,-1,-1,-1,-1,-1,-1,-1,-1,-1,-1,-1,-1,-1,-1,-1,-1,-1,-1,1
11284,＜鳥肉類＞　かも　あひる　皮　生,-1,-1,-1,-1,-1,-1,-1,-1,-1,-1,-1,-1,-1,-1,-1,-1,-1,-1,-1,1
11209,＜鳥肉類＞　きじ　肉　皮なし　生,-1,-1,-1,-1,-1,-1,-1,-1,-1,-1,-1,-1,-1,-1,-1,-1,-1,-1,-1,1
11210,＜鳥肉類＞　しちめんちょう　肉　皮なし　生,-1,-1,250,-1,-1,-1,-1,-1,-1,-1,-1,-1,-1,-1,-1,-1,-1,-1,-1,1
11211,＜鳥肉類＞　すずめ　肉　骨・皮つき　生,-1,-1,-1,-1,-1,-1,-1,-1,-1,-1,-1,-1,-1,-1,-1,-1,-1,-1,-1,1
11212,＜鳥肉類＞　にわとり　［親・主品目］　手羽　皮つき　生,-1,-1,20,45,-1,-1,-1,-1,-1,-1,-1,-1,-1,-1,-1,-1,-1,-1,-1,1
11213,＜鳥肉類＞　にわとり　［親・主品目］　むね　皮つき　生,-1,-1,-1,-1,-1,-1,-1,-1,-1,-1,-1,-1,-1,-1,-1,-1,-1,-1,-1,1
11214,＜鳥肉類＞　にわとり　［親・主品目］　むね　皮なし　生,-1,-1,-1,-1,-1,-1,-1,-1,-1,-1,-1,-1,-1,-1,-1,-1,-1,-1,-1,1
11215,＜鳥肉類＞　にわとり　［親・主品目］　もも　皮つき　生,-1,280,-1,28,-1,-1,-1,-1,-1,-1,-1,-1,-1,-1,-1,-1,-1,-1,-1,1
11216,＜鳥肉類＞　にわとり　［親・主品目］　もも　皮なし　生,-1,-1,-1,-1,-1,-1,-1,-1,-1,-1,-1,-1,-1,-1,-1,-1,-1,-1,-1,1
11217,＜鳥肉類＞　にわとり　［親・副品目］　ささみ　生,-1,-1,50,-1,-1,-1,-1,-1,-1,-1,-1,-1,-1,-1,-1,-1,-1,-1,-1,1
11218,＜鳥肉類＞　にわとり　［若どり・主品目］　手羽　皮つき　生,-1,280,-1,28,-1,-1,-1,-1,-1,-1,-1,-1,-1,-1,-1,-1,-1,-1,-1,1
11285,＜鳥肉類＞　にわとり　［若どり・主品目］　手羽さき　皮つき　生,-1,-1,35,60,-1,-1,-1,-1,-1,-1,-1,-1,-1,-1,-1,-1,-1,-1,-1,1
11286,＜鳥肉類＞　にわとり　［若どり・主品目］　手羽もと　皮つき　生,-1,-1,-1,50,-1,-1,-1,-1,-1,-1,-1,-1,-1,-1,-1,-1,-1,-1,-1,1
11219,＜鳥肉類＞　にわとり　［若どり・主品目］　むね　皮つき　生,-1,280,-1,28,-1,-1,-1,-1,-1,-1,-1,-1,-1,-1,-1,-1,-1,-1,-1,1
11287,＜鳥肉類＞　にわとり　［若どり・主品目］　むね　皮つき　焼き,-1,-1,-1,-1,-1,-1,-1,-1,-1,-1,-1,-1,-1,-1,-1,-1,-1,-1,-1,1
11220,＜鳥肉類＞　にわとり　［若どり・主品目］　むね　皮なし　生,-1,-1,-1,-1,-1,-1,-1,-1,-1,-1,-1,-1,-1,-1,-1,-1,-1,-1,-1,1
11288,＜鳥肉類＞　にわとり　［若どり・主品目］　むね　皮なし　焼き,-1,-1,-1,-1,-1,-1,-1,-1,-1,-1,-1,-1,-1,-1,-1,-1,-1,-1,-1,1
11221,＜鳥肉類＞　にわとり　［若どり・主品目］　もも　皮つき　生,-1,280,-1,28,150,-1,-1,-1,-1,-1,-1,-1,-1,-1,-1,-1,-1,-1,-1,1
11223,＜鳥肉類＞　にわとり　［若どり・主品目］　もも　皮つき　ゆで,-1,-1,-1,-1,-1,-1,-1,-1,-1,-1,-1,-1,-1,-1,-1,-1,-1,-1,-1,1
11222,＜鳥肉類＞　にわとり　［若どり・主品目］　もも　皮つき　焼き,-1,-1,-1,-1,-1,-1,-1,-1,-1,-1,-1,-1,-1,-1,-1,-1,-1,-1,-1,1
11289,＜鳥肉類＞　にわとり　［若どり・主品目］　もも　皮つき　から揚げ,-1,-1,-1,30,-1,-1,-1,-1,-1,-1,-1,-1,-1,-1,-1,-1,-1,-1,-1,1
11224,＜鳥肉類＞　にわとり　［若どり・主品目］　もも　皮なし　生,-1,-1,-1,-1,-1,-1,-1,-1,-1,-1,-1,-1,-1,-1,-1,-1,-1,-1,-1,1
11226,＜鳥肉類＞　にわとり　［若どり・主品目］　もも　皮なし　ゆで,-1,-1,-1,-1,-1,-1,-1,-1,-1,-1,-1,-1,-1,-1,-1,-1,-1,-1,-1,1
11225,＜鳥肉類＞　にわとり　［若どり・主品目］　もも　皮なし　焼き,-1,-1,-1,-1,-1,-1,-1,-1,-1,-1,-1,-1,-1,-1,-1,-1,-1,-1,-1,1
11290,＜鳥肉類＞　にわとり　［若どり・主品目］　もも　皮なし　から揚げ,-1,-1,-1,-1,-1,-1,-1,-1,-1,-1,-1,-1,-1,-1,-1,-1,-1,-1,-1,1
11227,＜鳥肉類＞　にわとり　［若どり・副品目］　ささみ　生,-1,280,55,28,-1,-1,-1,-1,-1,-1,-1,-1,-1,-1,-1,-1,-1,-1,-1,1
11229,＜鳥肉類＞　にわとり　［若どり・副品目］　ささみ　ゆで,-1,-1,-1,-1,-1,-1,-1,-1,-1,-1,-1,-1,-1,-1,-1,-1,-1,-1,-1,1
11228,＜鳥肉類＞　にわとり　［若どり・副品目］　ささみ　焼き,-1,-1,-1,-1,-1,-1,-1,-1,-1,-1,-1,-1,-1,-1,-1,-1,-1,-1,-1,1
11298,＜鳥肉類＞　にわとり　［若どり・副品目］　ささみ　ソテー,-1,-1,-1,-1,-1,-1,-1,-1,-1,-1,-1,-1,-1,-1,-1,-1,-1,-1,-1,1
11300,＜鳥肉類＞　にわとり　［若どり・副品目］　ささみ　フライ,-1,-1,-1,-1,-1,-1,-1,-1,-1,-1,-1,-1,-1,-1,-1,-1,-1,-1,-1,1
11299,＜鳥肉類＞　にわとり　［若どり・副品目］　ささみ　天ぷら,-1,-1,-1,-1,-1,-1,-1,-1,-1,-1,-1,-1,-1,-1,-1,-1,-1,-1,-1,1
11230,＜鳥肉類＞　にわとり　［二次品目］　ひき肉　生,-1,-1,-1,-1,-1,-1,-1,-1,-1,15,-1,300,-1,-1,-1,-1,-1,-1,-1,1
11291,＜鳥肉類＞　にわとり　［二次品目］　ひき肉　焼き,-1,-1,-1,-1,-1,-1,-1,-1,-1,-1,-1,-1,-1,-1,-1,-1,-1,-1,-1,1
11231,＜鳥肉類＞　にわとり　［副品目］　心臓　生,-1,-1,-1,-1,-1,-1,-1,-1,-1,-1,-1,-1,-1,-1,-1,-1,-1,-1,-1,1
11232,＜鳥肉類＞　にわとり　［副品目］　肝臓　生,-1,-1,-1,15,-1,-1,-1,-1,-1,-1,-1,-1,-1,-1,-1,-1,-1,-1,-1,1
11233,＜鳥肉類＞　にわとり　［副品目］　すなぎも　生,-1,-1,-1,15,-1,-1,-1,-1,-1,-1,-1,-1,-1,-1,-1,-1,-1,-1,-1,1
11234,＜鳥肉類＞　にわとり　［副品目］　皮　むね　生,-1,40,-1,-1,-1,-1,-1,-1,-1,-1,-1,-1,-1,-1,-1,-1,-1,-1,-1,1
11235,＜鳥肉類＞　にわとり　［副品目］　皮　もも　生,-1,40,-1,-1,-1,-1,-1,-1,-1,-1,-1,-1,-1,-1,-1,-1,-1,-1,-1,1
11236,＜鳥肉類＞　にわとり　［副品目］　なんこつ（胸肉）　生,-1,-1,-1,-1,-1,-1,-1,-1,-1,-1,-1,-1,-1,-1,-1,-1,-1,-1,-1,1
11237,＜鳥肉類＞　にわとり　［その他］　焼き鳥缶詰,-1,-1,-1,-1,-1,-1,-1,-1,-1,-1,-1,-1,-1,-1,-1,-1,-1,-1,-1,1
11292,＜鳥肉類＞　にわとり　［その他］　チキンナゲット,-1,-1,-1,-1,-1,-1,-1,-1,-1,-1,-1,-1,-1,-1,-1,-1,-1,-1,-1,1
11293,＜鳥肉類＞　にわとり　［その他］　つくね,-1,-1,-1,-1,-1,-1,-1,-1,-1,-1,-1,-1,-1,-1,-1,-1,-1,-1,-1,1
11238,＜鳥肉類＞　はと　肉　皮なし　生,-1,-1,-1,-1,-1,-1,-1,-1,-1,-1,-1,-1,-1,-1,-1,-1,-1,-1,-1,1
11240,＜鳥肉類＞　ほろほろちょう　肉　皮なし　生,-1,-1,-1,-1,-1,-1,-1,-1,-1,-1,-1,-1,-1,-1,-1,-1,-1,-1,-1,1
11241,＜その他＞　いなご　つくだ煮,-1,-1,-1,-1,-1,-1,-1,-1,-1,-1,-1,-1,-1,-1,-1,-1,-1,-1,-1,1
11242,＜その他＞　かえる　肉　生,-1,-1,-1,-1,-1,-1,-1,-1,-1,-1,-1,-1,-1,-1,-1,-1,-1,-1,-1,1
11243,＜その他＞　すっぽん　肉　生,-1,-1,-1,-1,-1,-1,-1,-1,-1,-1,-1,-1,-1,-1,-1,-1,-1,-1,-1,1
11244,＜その他＞　はち　はちの子缶詰,-1,-1,-1,-1,-1,-1,-1,-1,-1,-1,-1,-1,-1,-1,-1,-1,-1,-1,-1,1
12020,あひる卵　ピータン,-1,-1,-1,-1,-1,-1,-1,-1,-1,-1,-1,-1,-1,-1,-1,-1,-1,-1,-1,1
12001,うこっけい卵　全卵　生,-1,-1,-1,-1,-1,-1,-1,-1,-1,-1,-1,-1,-1,-1,-1,-1,-1,-1,-1,1
12002,うずら卵　全卵　生,-1,-1,-1,12,-1,6,-1,-1,-1,-1,-1,-1,-1,-1,-1,-1,-1,-1,-1,1
12003,うずら卵　水煮缶詰,-1,-1,-1,-1,-1,-1,-1,-1,-1,-1,-1,-1,-1,-1,-1,-1,-1,-1,-1,1
12004,鶏卵　全卵　生,60,-1,-1,60,-1,30,-1,-1,-1,-1,-1,-1,-1,-1,-1,-1,-1,-1,-1,1
12005,鶏卵　全卵　ゆで,-1,-1,-1,60,-1,30,-1,-1,-1,-1,-1,-1,-1,-1,-1,-1,-1,-1,-1,1
12006,鶏卵　全卵　ポーチドエッグ,-1,-1,-1,-1,-1,-1,-1,-1,-1,-1,-1,-1,-1,-1,-1,-1,-1,-1,-1,1
12021,鶏卵　全卵　目玉焼き,-1,-1,-1,60,-1,30,-1,-1,-1,-1,-1,-1,-1,-1,-1,-1,-1,-1,-1,1
12022,鶏卵　全卵　いり,-1,3,-1,60,-1,30,-1,-1,-1,-1,-1,-1,-1,-1,-1,-1,-1,-1,-1,1
12023,鶏卵　全卵　素揚げ,-1,-1,-1,-1,-1,-1,-1,-1,-1,-1,-1,-1,-1,-1,-1,-1,-1,-1,-1,1
12007,鶏卵　全卵　水煮缶詰,-1,-1,-1,-1,-1,-1,-1,-1,-1,-1,-1,-1,-1,-1,-1,-1,-1,-1,-1,1
12008,鶏卵　全卵　加糖全卵,-1,-1,-1,-1,-1,-1,-1,-1,-1,-1,-1,-1,-1,-1,-1,-1,-1,-1,-1,1
12009,鶏卵　全卵　乾燥全卵,-1,-1,-1,-1,-1,-1,-1,-1,-1,-1,-1,-1,-1,-1,-1,-1,-1,-1,-1,1
12010,鶏卵　卵黄　生,20,-1,-1,20,20,-1,-1,5,-1,-1,-1,-1,-1,-1,-1,-1,-1,-1,-1,1
12011,鶏卵　卵黄　ゆで,-1,-1,-1,-1,-1,-1,-1,-1,-1,-1,-1,-1,-1,-1,-1,-1,-1,-1,-1,1
12012,鶏卵　卵黄　加糖卵黄,-1,-1,-1,-1,-1,-1,-1,-1,-1,-1,-1,-1,-1,-1,-1,-1,-1,-1,-1,1
12013,鶏卵　卵黄　乾燥卵黄,-1,-1,-1,-1,-1,-1,-1,-1,-1,-1,-1,-1,-1,-1,-1,-1,-1,-1,-1,1
12014,鶏卵　卵白　生,-1,-1,-1,30,-1,-1,-1,5,-1,15,-1,-1,-1,-1,-1,-1,-1,-1,-1,1
12015,鶏卵　卵白　ゆで,-1,-1,-1,-1,-1,-1,-1,-1,-1,-1,-1,-1,-1,-1,-1,-1,-1,-1,-1,1
12016,鶏卵　卵白　乾燥卵白,-1,-1,-1,-1,-1,-1,-1,-1,-1,-1,-1,-1,-1,-1,-1,-1,-1,-1,-1,1
12017,鶏卵　たまご豆腐,-1,-1,-1,-1,-1,-1,-1,-1,-1,-1,-1,-1,-1,-1,-1,-1,-1,-1,-1,1
12018,鶏卵　たまご焼　厚焼きたまご,-1,-1,-1,60,-1,30,-1,-1,-1,-1,-1,-1,-1,-1,-1,-1,-1,-1,-1,1
12019,鶏卵　たまご焼　だし巻きたまご,-1,-1,-1,-1,-1,-1,-1,-1,-1,-1,-1,-1,-1,-1,-1,-1,-1,-1,-1,1
13001,＜牛乳及び乳製品＞　（液状乳類）　生乳　ジャージー種,-1,-1,-1,-1,-1,-1,-1,-1,-1,-1,-1,-1,-1,-1,-1,-1,-1,-1,-1,1
13002,＜牛乳及び乳製品＞　（液状乳類）　生乳　ホルスタイン種,-1,-1,-1,-1,-1,-1,-1,-1,-1,-1,-1,-1,-1,-1,-1,-1,-1,-1,-1,1
13003,＜牛乳及び乳製品＞　（液状乳類）　普通牛乳,50,-1,-1,-1,200,-1,3,5,-1,15,-1,-1,-1,-1,1.05,-1,-1,-1,-1,1
13006,＜牛乳及び乳製品＞　（液状乳類）　脱脂乳,-1,-1,-1,-1,-1,-1,-1,-1,-1,-1,-1,-1,-1,-1,-1,-1,-1,-1,-1,1
13004,＜牛乳及び乳製品＞　（液状乳類）　加工乳　濃厚,-1,-1,-1,-1,-1,-1,-1,-1,-1,-1,-1,-1,-1,-1,-1,-1,-1,-1,-1,1
13005,＜牛乳及び乳製品＞　（液状乳類）　加工乳　低脂肪,-1,-1,-1,-1,200,-1,-1,5,-1,15,-1,-1,-1,-1,1.05,-1,-1,-1,-1,1
13059,＜牛乳及び乳製品＞　（液状乳類）　乳児用液体ミルク,-1,-1,-1,-1,-1,-1,-1,-1,-1,-1,-1,-1,-1,-1,-1,-1,-1,-1,-1,1
13007,＜牛乳及び乳製品＞　（液状乳類）　乳飲料　コーヒー,-1,-1,-1,-1,-1,-1,-1,-1,-1,-1,-1,-1,-1,-1,-1,-1,-1,-1,-1,1
13008,＜牛乳及び乳製品＞　（液状乳類）　乳飲料　フルーツ,-1,-1,-1,-1,-1,-1,-1,-1,-1,-1,-1,-1,-1,-1,-1,-1,-1,-1,-1,1
13009,＜牛乳及び乳製品＞　（粉乳類）　全粉乳,-1,-1,-1,-1,-1,-1,-1,3,-1,9,-1,-1,-1,-1,-1,-1,-1,-1,-1,1
13010,＜牛乳及び乳製品＞　（粉乳類）　脱脂粉乳,-1,-1,-1,-1,-1,-1,-1,3,-1,9,-1,180,-1,-1,-1,-1,-1,-1,-1,1
13011,＜牛乳及び乳製品＞　（粉乳類）　乳児用調製粉乳,-1,-1,-1,-1,-1,-1,-1,3,-1,9,-1,180,-1,-1,-1,-1,-1,-1,-1,1
13012,＜牛乳及び乳製品＞　（練乳類）　無糖練乳,-1,-1,-1,-1,-1,-1,-1,-1,-1,-1,-1,-1,-1,-1,1.5,-1,-1,-1,-1,1
13013,＜牛乳及び乳製品＞　（練乳類）　加糖練乳,-1,-1,-1,-1,240,-1,-1,5,-1,20,-1,-1,-1,-1,1.5,-1,-1,-1,-1,1
13014,＜牛乳及び乳製品＞　（クリーム類）　クリーム　乳脂肪,-1,-1,-1,-1,200,-1,-1,5,-1,15,-1,200,200,-1,1,-1,-1,-1,-1,1
13015,＜牛乳及び乳製品＞　（クリーム類）　クリーム　乳脂肪・植物性脂肪,-1,-1,-1,-1,-1,-1,-1,-1,-1,-1,-1,-1,-1,-1,1,-1,-1,-1,-1,1
13016,＜牛乳及び乳製品＞　（クリーム類）　クリーム　植物性脂肪,-1,-1,-1,-1,200,-1,-1,5,-1,15,-1,-1,200,-1,1,-1,-1,-1,-1,1
13017,＜牛乳及び乳製品＞　（クリーム類）　ホイップクリーム　乳脂肪,-1,-1,-1,-1,200,-1,-1,5,-1,15,-1,-1,200,-1,1,-1,-1,-1,-1,1
13018,＜牛乳及び乳製品＞　（クリーム類）　ホイップクリーム　乳脂肪・植物性脂肪,-1,-1,-1,-1,-1,-1,-1,-1,-1,-1,-1,-1,-1,-1,1,-1,-1,-1,-1,1
13019,＜牛乳及び乳製品＞　（クリーム類）　ホイップクリーム　植物性脂肪,-1,-1,-1,-1,-1,-1,-1,-1,-1,-1,-1,-1,-1,-1,1,-1,-1,-1,-1,1
13020,＜牛乳及び乳製品＞　（クリーム類）　コーヒーホワイトナー　液状　乳脂肪,-1,-1,-1,5,-1,-1,3,-1,-1,-1,-1,-1,-1,-1,1,-1,-1,-1,-1,1
13021,＜牛乳及び乳製品＞　（クリーム類）　コーヒーホワイトナー　液状　乳脂肪・植物性脂肪,-1,-1,-1,20,200,-1,-1,5,-1,15,-1,-1,200,-1,1,-1,-1,-1,-1,1
13022,＜牛乳及び乳製品＞　（クリーム類）　コーヒーホワイトナー　液状　植物性脂肪,-1,-1,-1,-1,-1,-1,-1,-1,-1,-1,-1,-1,-1,-1,1,-1,-1,-1,-1,1
13023,＜牛乳及び乳製品＞　（クリーム類）　コーヒーホワイトナー　粉末状　乳脂肪,-1,-1,-1,-1,-1,-1,-1,-1,-1,-1,-1,-1,-1,-1,1,-1,-1,-1,-1,1
13024,＜牛乳及び乳製品＞　（クリーム類）　コーヒーホワイトナー　粉末状　植物性脂肪,-1,-1,-1,-1,-1,-1,-1,-1,-1,-1,-1,-1,-1,-1,1,-1,-1,-1,-1,1
13025,＜牛乳及び乳製品＞　（発酵乳・乳酸菌飲料）　ヨーグルト　全脂無糖,-1,-1,-1,75,400,-1,-1,5,-1,15,-1,450,400,-1,1,-1,-1,-1,-1,1
13053,＜牛乳及び乳製品＞　（発酵乳・乳酸菌飲料）　ヨーグルト　低脂肪無糖,-1,-1,-1,-1,-1,-1,-1,-1,-1,-1,-1,-1,-1,-1,1,-1,-1,-1,-1,1
13054,＜牛乳及び乳製品＞　（発酵乳・乳酸菌飲料）　ヨーグルト　無脂肪無糖,-1,-1,-1,-1,-1,-1,-1,-1,-1,-1,-1,-1,-1,-1,1,-1,-1,-1,-1,1
13026,＜牛乳及び乳製品＞　（発酵乳・乳酸菌飲料）　ヨーグルト　脱脂加糖,-1,-1,-1,-1,-1,-1,-1,-1,-1,-1,-1,-1,-1,-1,1,-1,-1,-1,-1,1
13027,＜牛乳及び乳製品＞　（発酵乳・乳酸菌飲料）　ヨーグルト　ドリンクタイプ　加糖,-1,-1,-1,-1,-1,-1,-1,-1,-1,-1,-1,-1,-1,-1,1,-1,-1,-1,-1,1
13028,＜牛乳及び乳製品＞　（発酵乳・乳酸菌飲料）　乳酸菌飲料　乳製品,-1,-1,-1,-1,200,-1,-1,5,-1,15,-1,-1,200,-1,1,-1,-1,-1,-1,1
13029,＜牛乳及び乳製品＞　（発酵乳・乳酸菌飲料）　乳酸菌飲料　殺菌乳製品,-1,-1,-1,-1,200,-1,-1,5,-1,15,-1,-1,200,-1,1,-1,-1,-1,-1,1
13030,＜牛乳及び乳製品＞　（発酵乳・乳酸菌飲料）　乳酸菌飲料　非乳製品,-1,-1,-1,-1,-1,-1,-1,-1,-1,-1,-1,-1,-1,-1,1,-1,-1,-1,-1,1
13031,＜牛乳及び乳製品＞　（チーズ類）　ナチュラルチーズ　エダム,-1,16,-1,15,100,-1,-1,2,-1,6,-1,-1,-1,-1,-1,-1,-1,-1,-1,1
13032,＜牛乳及び乳製品＞　（チーズ類）　ナチュラルチーズ　エメンタール,-1,16,-1,15,100,-1,-1,2,-1,6,-1,-1,-1,-1,-1,-1,-1,-1,-1,1
13033,＜牛乳及び乳製品＞　（チーズ類）　ナチュラルチーズ　カテージ,-1,16,-1,15,100,-1,-1,2,-1,6,-1,100,-1,-1,-1,-1,-1,-1,-1,1
13034,＜牛乳及び乳製品＞　（チーズ類）　ナチュラルチーズ　カマンベール,-1,16,-1,15,100,-1,-1,2,-1,6,-1,100,-1,-1,-1,-1,-1,-1,-1,1
13035,＜牛乳及び乳製品＞　（チーズ類）　ナチュラルチーズ　クリーム,-1,16,-1,15,100,-1,-1,2,-1,6,-1,120,480,-1,-1,-1,-1,-1,-1,1
13036,＜牛乳及び乳製品＞　（チーズ類）　ナチュラルチーズ　ゴーダ,-1,16,-1,15,100,-1,-1,2,-1,6,-1,100,-1,-1,-1,-1,-1,-1,-1,1
13037,＜牛乳及び乳製品＞　（チーズ類）　ナチュラルチーズ　チェダー,-1,16,-1,15,100,-1,-1,2,-1,6,80,100,-1,-1,-1,-1,-1,-1,-1,1
13038,＜牛乳及び乳製品＞　（チーズ類）　ナチュラルチーズ　パルメザン,-1,16,-1,15,100,-1,1.5,2,-1,6,-1,120,-1,-1,-1,-1,-1,-1,-1,1
13039,＜牛乳及び乳製品＞　（チーズ類）　ナチュラルチーズ　ブルー,-1,16,-1,15,100,-1,-1,2,-1,6,-1,100,-1,-1,-1,-1,-1,-1,-1,1
13055,＜牛乳及び乳製品＞　（チーズ類）　ナチュラルチーズ　マスカルポーネ,-1,16,-1,15,100,-1,-1,2,-1,6,-1,100,-1,-1,-1,-1,-1,-1,-1,1
13056,＜牛乳及び乳製品＞　（チーズ類）　ナチュラルチーズ　モッツァレラ,-1,16,-1,15,100,-1,-1,2,-1,6,20,100,-1,-1,-1,-1,-1,-1,-1,1
13057,＜牛乳及び乳製品＞　（チーズ類）　ナチュラルチーズ　やぎ,-1,16,-1,15,100,-1,-1,2,-1,6,-1,400,-1,-1,-1,-1,-1,-1,-1,1
13058,＜牛乳及び乳製品＞　（チーズ類）　ナチュラルチーズ　リコッタ,-1,16,-1,15,100,-1,-1,2,-1,6,-1,100,-1,-1,-1,-1,-1,-1,-1,1
13040,＜牛乳及び乳製品＞　（チーズ類）　プロセスチーズ,-1,16,-1,15,100,-1,20,2,-1,6,40,120,-1,-1,-1,-1,-1,-1,-1,1
13041,＜牛乳及び乳製品＞　（チーズ類）　チーズスプレッド,-1,-1,-1,-1,200,-1,-1,5,-1,15,-1,-1,-1,-1,-1,-1,-1,-1,-1,1
13042,＜牛乳及び乳製品＞　（アイスクリーム類）　アイスクリーム　高脂肪,-1,-1,-1,100,175,-1,-1,-1,-1,15,-1,-1,-1,-1,-1,-1,-1,-1,-1,1
13043,＜牛乳及び乳製品＞　（アイスクリーム類）　アイスクリーム　普通脂肪,-1,-1,-1,-1,-1,-1,-1,-1,-1,-1,-1,-1,-1,-1,-1,-1,-1,-1,-1,1
13044,＜牛乳及び乳製品＞　（アイスクリーム類）　アイスミルク,-1,-1,-1,-1,-1,-1,-1,-1,-1,-1,-1,-1,-1,-1,-1,-1,-1,-1,-1,1
13045,＜牛乳及び乳製品＞　（アイスクリーム類）　ラクトアイス　普通脂肪,-1,-1,-1,-1,-1,-1,-1,-1,-1,-1,-1,140,-1,-1,-1,-1,-1,-1,-1,1
13046,＜牛乳及び乳製品＞　（アイスクリーム類）　ラクトアイス　低脂肪,-1,-1,-1,-1,-1,-1,-1,-1,-1,-1,-1,-1,-1,-1,-1,-1,-1,-1,-1,1
13047,＜牛乳及び乳製品＞　（アイスクリーム類）　ソフトクリーム,-1,-1,-1,-1,-1,-1,-1,-1,-1,-1,-1,-1,-1,-1,-1,-1,-1,-1,-1,1
13048,＜牛乳及び乳製品＞　（その他）　カゼイン,-1,-1,-1,100,-1,-1,-1,-1,-1,-1,-1,-1,-1,-1,-1,-1,-1,-1,-1,1
13049,＜牛乳及び乳製品＞　（その他）　シャーベット,-1,-1,-1,-1,-1,-1,-1,-1,-1,-1,-1,-1,-1,-1,-1,-1,-1,-1,-1,1
13050,＜牛乳及び乳製品＞　（その他）　チーズホエーパウダー,-1,-1,-1,-1,-1,-1,-1,-1,-1,-1,-1,-1,-1,-1,-1,-1,-1,-1,-1,1
13051,＜その他＞　人乳,-1,-1,-1,-1,-1,-1,-1,-1,-1,-1,-1,-1,-1,-1,-1,-1,-1,-1,-1,1
13052,＜その他＞　やぎ乳,-1,-1,-1,-1,-1,-1,-1,-1,-1,-1,-1,-1,-1,-1,-1,-1,-1,-1,-1,1
14023,（植物油脂類）　あまに油,-1,-1,-1,-1,80,-1,1,4,-1,12,-1,-1,-1,-1,0.8,-1,-1,-1,-1,1
14024,（植物油脂類）　えごま油,-1,-1,-1,-1,80,-1,1,4,-1,12,-1,-1,-1,-1,0.8,-1,-1,-1,-1,1
14001,（植物油脂類）　オリーブ油,-1,-1,-1,-1,80,-1,1,4,-1,12,-1,-1,-1,-1,0.8,-1,-1,-1,-1,1
14002,（植物油脂類）　ごま油,-1,-1,-1,-1,80,-1,1,4,-1,12,-1,-1,-1,-1,0.8,-1,-1,-1,-1,1
14003,（植物油脂類）　米ぬか油,-1,-1,-1,-1,80,-1,1,4,-1,12,-1,-1,-1,-1,0.8,-1,-1,-1,-1,1
14004,（植物油脂類）　サフラワー油　ハイオレイック,-1,-1,-1,-1,80,-1,1,4,-1,12,-1,-1,-1,-1,0.8,-1,-1,-1,-1,1
14025,（植物油脂類）　サフラワー油　ハイリノール,-1,-1,-1,-1,80,-1,1,4,-1,12,-1,-1,-1,-1,0.8,-1,-1,-1,-1,1
14005,（植物油脂類）　大豆油,-1,-1,-1,-1,80,-1,1,4,-1,12,-1,-1,-1,-1,0.8,-1,-1,-1,-1,1
14006,（植物油脂類）　調合油,-1,-1,-1,-1,80,-1,1,4,-1,12,-1,-1,-1,-1,0.8,-1,-1,-1,-1,1
14007,（植物油脂類）　とうもろこし油,-1,-1,-1,-1,80,-1,1,4,-1,12,-1,-1,-1,-1,0.8,-1,-1,-1,-1,1
14008,（植物油脂類）　なたね油,-1,-1,-1,-1,80,-1,1,4,-1,12,-1,-1,-1,-1,0.8,-1,-1,-1,-1,1
14009,（植物油脂類）　パーム油,-1,-1,-1,-1,80,-1,1,4,-1,12,-1,-1,-1,-1,0.8,-1,-1,-1,-1,1
14010,（植物油脂類）　パーム核油,-1,-1,-1,-1,80,-1,1,4,-1,12,-1,-1,-1,-1,0.8,-1,-1,-1,-1,1
14011,（植物油脂類）　ひまわり油　ハイリノール,-1,-1,-1,-1,80,-1,1,4,-1,12,-1,-1,-1,-1,0.8,-1,-1,-1,-1,1
14026,（植物油脂類）　ひまわり油　ミッドオレイック,-1,-1,-1,-1,80,-1,1,4,-1,12,-1,-1,-1,-1,0.8,-1,-1,-1,-1,1
14027,（植物油脂類）　ひまわり油　ハイオレイック,-1,-1,-1,-1,80,-1,1,4,-1,12,-1,-1,-1,-1,0.8,-1,-1,-1,-1,1
14028,（植物油脂類）　ぶどう油,-1,-1,-1,-1,80,-1,1,4,-1,12,-1,-1,-1,-1,0.8,-1,-1,-1,-1,1
14012,（植物油脂類）　綿実油,-1,-1,-1,-1,80,-1,1,4,-1,12,-1,-1,-1,-1,0.8,-1,-1,-1,-1,1
14013,（植物油脂類）　やし油,-1,-1,-1,-1,80,-1,1,4,-1,12,-1,-1,-1,-1,0.8,-1,-1,-1,-1,1
14014,（植物油脂類）　落花生油,-1,-1,-1,-1,80,-1,1,4,-1,12,-1,-1,-1,-1,0.8,-1,-1,-1,-1,1
14015,（動物油脂類）　牛脂,-1,-1,-1,4,80,-1,1,4,-1,12,-1,-1,-1,-1,0.8,-1,-1,-1,-1,1
14032,（動物油脂類）　たらのあぶら,-1,-1,-1,-1,80,-1,1,4,-1,12,-1,-1,-1,-1,0.8,-1,-1,-1,-1,1
14016,（動物油脂類）　ラード,-1,-1,200,-1,80,-1,1,4,-1,12,-1,-1,-1,-1,0.8,-1,-1,-1,-1,1
14017,（バター類）　無発酵バター　有塩バター,-1,-1,-1,10,180,-1,4,4,-1,12,-1,-1,-1,-1,-1,-1,-1,-1,-1,1
14018,（バター類）　無発酵バター　食塩不使用バター,-1,-1,-1,10,-1,-1,5,4,-1,12,-1,200,-1,-1,-1,-1,-1,-1,-1,1
14019,（バター類）　発酵バター　有塩バター,-1,-1,-1,10,-1,-1,-1,4,-1,12,-1,-1,-1,-1,-1,-1,-1,-1,-1,1
14020,（マーガリン類）　マーガリン　家庭用　有塩,-1,-1,-1,10,-1,-1,14,4,-1,12,-1,-1,-1,-1,-1,-1,-1,-1,-1,1
14033,（マーガリン類）　マーガリン　家庭用　無塩,-1,-1,-1,10,-1,-1,-1,4,-1,12,-1,-1,-1,-1,-1,-1,-1,-1,-1,1
14029,（マーガリン類）　マーガリン　業務用　有塩,-1,-1,-1,10,-1,-1,-1,4,-1,12,-1,-1,-1,-1,-1,-1,-1,-1,-1,1
14034,（マーガリン類）　マーガリン　業務用　無塩,-1,-1,-1,10,-1,-1,-1,4,-1,12,-1,-1,-1,-1,-1,-1,-1,-1,-1,1
14021,（マーガリン類）　ファットスプレッド,-1,-1,-1,10,-1,-1,-1,4,-1,12,-1,-1,-1,-1,-1,-1,-1,-1,-1,1
14022,（その他）　ショートニング　家庭用,-1,-1,-1,10,-1,-1,-1,4,-1,12,-1,-1,-1,-1,-1,-1,-1,-1,-1,1
14030,（その他）　ショートニング　業務用　製菓,-1,-1,-1,10,-1,-1,-1,4,-1,12,-1,-1,-1,-1,-1,-1,-1,-1,-1,1
14031,（その他）　ショートニング　業務用　フライ,-1,-1,-1,10,-1,-1,-1,4,-1,12,-1,-1,-1,-1,-1,-1,-1,-1,-1,1
15001,＜和生菓子・和半生菓子類＞　甘納豆　あずき,-1,-1,-1,-1,-1,-1,-1,-1,-1,-1,-1,-1,-1,-1,-1,-1,-1,-1,-1,1
15002,＜和生菓子・和半生菓子類＞　甘納豆　いんげんまめ,-1,-1,-1,-1,-1,-1,-1,-1,-1,-1,-1,-1,-1,-1,-1,-1,-1,-1,-1,1
15003,＜和生菓子・和半生菓子類＞　甘納豆　えんどう,-1,-1,-1,-1,-1,-1,-1,-1,-1,-1,-1,-1,-1,-1,-1,-1,-1,-1,-1,1
15005,＜和生菓子・和半生菓子類＞　今川焼　こしあん入り,-1,-1,-1,-1,-1,-1,-1,-1,-1,-1,-1,-1,-1,-1,-1,-1,-1,-1,-1,1
15145,＜和生菓子・和半生菓子類＞　今川焼　つぶしあん入り,-1,-1,-1,-1,-1,-1,-1,-1,-1,-1,-1,-1,-1,-1,-1,-1,-1,-1,-1,1
15146,＜和生菓子・和半生菓子類＞　今川焼　カスタードクリーム入り,-1,-1,-1,-1,-1,-1,-1,-1,-1,-1,-1,-1,-1,-1,-1,-1,-1,-1,-1,1
15006,＜和生菓子・和半生菓子類＞　ういろう　白,-1,-1,-1,-1,-1,-1,-1,-1,-1,-1,-1,-1,-1,-1,-1,-1,-1,-1,-1,1
15147,＜和生菓子・和半生菓子類＞　ういろう　黒,-1,-1,-1,-1,-1,-1,-1,-1,-1,-1,-1,-1,-1,-1,-1,-1,-1,-1,-1,1
15007,＜和生菓子・和半生菓子類＞　うぐいすもち　こしあん入り,-1,-1,-1,-1,-1,-1,-1,-1,-1,-1,-1,-1,-1,-1,-1,-1,-1,-1,-1,1
15148,＜和生菓子・和半生菓子類＞　うぐいすもち　つぶしあん入り,-1,-1,-1,-1,-1,-1,-1,-1,-1,-1,-1,-1,-1,-1,-1,-1,-1,-1,-1,1
15008,＜和生菓子・和半生菓子類＞　かしわもち　こしあん入り,-1,-1,-1,-1,-1,-1,-1,-1,-1,-1,-1,-1,-1,-1,-1,-1,-1,-1,-1,1
15149,＜和生菓子・和半生菓子類＞　かしわもち　つぶしあん入り,-1,-1,-1,-1,-1,-1,-1,-1,-1,-1,-1,-1,-1,-1,-1,-1,-1,-1,-1,1
15009,＜和生菓子・和半生菓子類＞　カステラ,-1,-1,-1,-1,-1,-1,-1,-1,-1,-1,-1,700,380,-1,-1,-1,-1,-1,-1,1
15010,＜和生菓子・和半生菓子類＞　かのこ,-1,-1,-1,-1,-1,-1,-1,-1,-1,-1,-1,-1,-1,-1,-1,-1,-1,-1,-1,1
15011,＜和生菓子・和半生菓子類＞　かるかん,-1,-1,-1,-1,-1,-1,-1,-1,-1,-1,-1,-1,-1,-1,-1,-1,-1,-1,-1,1
15012,＜和生菓子・和半生菓子類＞　きび団子,-1,-1,-1,-1,-1,-1,-1,-1,-1,-1,-1,-1,-1,-1,-1,-1,-1,-1,-1,1
15013,＜和生菓子・和半生菓子類＞　ぎゅうひ,-1,-1,-1,-1,-1,-1,-1,-1,-1,-1,-1,-1,-1,-1,-1,-1,-1,-1,-1,1
15014,＜和生菓子・和半生菓子類＞　きりざんしょ,-1,-1,-1,-1,-1,-1,-1,-1,-1,-1,-1,-1,-1,-1,-1,-1,-1,-1,-1,1
15015,＜和生菓子・和半生菓子類＞　きんぎょく糖,-1,-1,-1,-1,-1,-1,-1,-1,-1,-1,-1,-1,-1,-1,-1,-1,-1,-1,-1,1
15016,＜和生菓子・和半生菓子類＞　きんつば,-1,-1,-1,-1,-1,-1,-1,-1,-1,-1,-1,-1,-1,-1,-1,-1,-1,-1,-1,1
15017,＜和生菓子・和半生菓子類＞　草もち　こしあん入り,-1,-1,-1,-1,-1,-1,-1,-1,-1,-1,-1,-1,-1,-1,-1,-1,-1,-1,-1,1
15150,＜和生菓子・和半生菓子類＞　草もち　つぶしあん入り,-1,-1,-1,-1,-1,-1,-1,-1,-1,-1,-1,-1,-1,-1,-1,-1,-1,-1,-1,1
15018,＜和生菓子・和半生菓子類＞　くし団子　あん　こしあん入り,-1,-1,-1,-1,-1,-1,-1,-1,-1,-1,-1,-1,-1,-1,-1,-1,-1,-1,-1,1
15151,＜和生菓子・和半生菓子類＞　くし団子　あん　つぶしあん入り,-1,-1,-1,-1,-1,-1,-1,-1,-1,-1,-1,-1,-1,-1,-1,-1,-1,-1,-1,1
15019,＜和生菓子・和半生菓子類＞　くし団子　みたらし,-1,-1,-1,-1,-1,-1,-1,-1,-1,-1,-1,-1,-1,-1,-1,-1,-1,-1,-1,1
15121,＜和生菓子・和半生菓子類＞　くずもち　関西風　くずでん粉製品,-1,-1,-1,-1,-1,-1,-1,-1,-1,-1,-1,-1,-1,-1,-1,-1,-1,-1,-1,1
15122,＜和生菓子・和半生菓子類＞　くずもち　関東風　小麦でん粉製品,-1,-1,-1,-1,-1,-1,-1,-1,-1,-1,-1,-1,-1,-1,-1,-1,-1,-1,-1,1
15020,＜和生菓子・和半生菓子類＞　げっぺい,-1,-1,-1,-1,-1,-1,-1,-1,-1,-1,-1,-1,-1,-1,-1,-1,-1,-1,-1,1
15123,＜和生菓子・和半生菓子類＞　五平もち,-1,-1,-1,-1,-1,-1,-1,-1,-1,-1,-1,-1,-1,-1,-1,-1,-1,-1,-1,1
15022,＜和生菓子・和半生菓子類＞　桜もち　関西風　こしあん入り,-1,-1,-1,-1,-1,-1,-1,-1,-1,-1,-1,-1,-1,-1,-1,-1,-1,-1,-1,1
15153,＜和生菓子・和半生菓子類＞　桜もち　関西風　つぶしあん入り,-1,-1,-1,-1,-1,-1,-1,-1,-1,-1,-1,-1,-1,-1,-1,-1,-1,-1,-1,1
15021,＜和生菓子・和半生菓子類＞　桜もち　関東風　こしあん入り,-1,-1,-1,-1,-1,-1,-1,-1,-1,-1,-1,-1,-1,-1,-1,-1,-1,-1,-1,1
15152,＜和生菓子・和半生菓子類＞　桜もち　関東風　つぶしあん入り,-1,-1,-1,-1,-1,-1,-1,-1,-1,-1,-1,-1,-1,-1,-1,-1,-1,-1,-1,1
15124,＜和生菓子・和半生菓子類＞　笹だんご　こしあん入り,-1,-1,-1,-1,-1,-1,-1,-1,-1,-1,-1,-1,-1,-1,-1,-1,-1,-1,-1,1
15154,＜和生菓子・和半生菓子類＞　笹だんご　つぶしあん入り,-1,-1,-1,-1,-1,-1,-1,-1,-1,-1,-1,-1,-1,-1,-1,-1,-1,-1,-1,1
15143,＜和生菓子・和半生菓子類＞　ずんだあん,-1,-1,-1,-1,-1,-1,-1,-1,-1,-1,-1,-1,-1,-1,-1,-1,-1,-1,-1,1
15144,＜和生菓子・和半生菓子類＞　ずんだもち,-1,-1,-1,-1,-1,-1,-1,-1,-1,-1,-1,-1,-1,-1,-1,-1,-1,-1,-1,1
15023,＜和生菓子・和半生菓子類＞　大福もち　こしあん入り,-1,-1,-1,-1,-1,-1,-1,-1,-1,-1,-1,-1,-1,-1,-1,-1,-1,-1,-1,1
15155,＜和生菓子・和半生菓子類＞　大福もち　つぶしあん入り,-1,-1,-1,-1,-1,-1,-1,-1,-1,-1,-1,-1,-1,-1,-1,-1,-1,-1,-1,1
15024,＜和生菓子・和半生菓子類＞　タルト　（和菓子）,-1,-1,-1,-1,-1,-1,-1,-1,-1,-1,-1,-1,-1,-1,-1,-1,-1,-1,-1,1
15025,＜和生菓子・和半生菓子類＞　ちまき,-1,-1,-1,-1,-1,-1,-1,-1,-1,-1,-1,-1,-1,-1,-1,-1,-1,-1,-1,1
15026,＜和生菓子・和半生菓子類＞　ちゃつう,-1,-1,-1,-1,-1,-1,-1,-1,-1,-1,-1,-1,-1,-1,-1,-1,-1,-1,-1,1
15156,＜和生菓子・和半生菓子類＞　どら焼　こしあん入り,-1,-1,-1,-1,-1,-1,-1,-1,-1,-1,-1,-1,-1,-1,-1,-1,-1,-1,-1,1
15027,＜和生菓子・和半生菓子類＞　どら焼　つぶしあん入り,-1,-1,-1,-1,-1,-1,-1,-1,-1,-1,-1,-1,-1,-1,-1,-1,-1,-1,-1,1
15157,＜和生菓子・和半生菓子類＞　生八つ橋　あん入り　こしあん入り,-1,-1,-1,-1,-1,-1,-1,-1,-1,-1,-1,-1,-1,-1,-1,-1,-1,-1,-1,1
15004,＜和生菓子・和半生菓子類＞　生八つ橋　あん入り　こしあん・つぶしあん混合,-1,-1,-1,-1,-1,-1,-1,-1,-1,-1,-1,-1,-1,-1,-1,-1,-1,-1,-1,1
15158,＜和生菓子・和半生菓子類＞　生八つ橋　あん入り　つぶしあん入り,-1,-1,-1,-1,-1,-1,-1,-1,-1,-1,-1,-1,-1,-1,-1,-1,-1,-1,-1,1
15028,＜和生菓子・和半生菓子類＞　ねりきり,-1,-1,-1,-1,-1,-1,-1,-1,-1,-1,-1,-1,-1,-1,-1,-1,-1,-1,-1,1
15029,＜和生菓子・和半生菓子類＞　まんじゅう　カステラまんじゅう　こしあん入り,-1,-1,-1,-1,-1,-1,-1,-1,-1,-1,-1,-1,-1,-1,-1,-1,-1,-1,-1,1
15159,＜和生菓子・和半生菓子類＞　まんじゅう　カステラまんじゅう　つぶしあん入り,-1,-1,-1,-1,-1,-1,-1,-1,-1,-1,-1,-1,-1,-1,-1,-1,-1,-1,-1,1
15160,＜和生菓子・和半生菓子類＞　まんじゅう　かるかんまんじゅう　こしあん入り,-1,-1,-1,-1,-1,-1,-1,-1,-1,-1,-1,-1,-1,-1,-1,-1,-1,-1,-1,1
15161,＜和生菓子・和半生菓子類＞　まんじゅう　かるかんまんじゅう　つぶしあん入り,-1,-1,-1,-1,-1,-1,-1,-1,-1,-1,-1,-1,-1,-1,-1,-1,-1,-1,-1,1
15030,＜和生菓子・和半生菓子類＞　まんじゅう　くずまんじゅう　こしあん入り,-1,-1,-1,-1,-1,-1,-1,-1,-1,-1,-1,-1,-1,-1,-1,-1,-1,-1,-1,1
15162,＜和生菓子・和半生菓子類＞　まんじゅう　くずまんじゅう　つぶしあん入り,-1,-1,-1,-1,-1,-1,-1,-1,-1,-1,-1,-1,-1,-1,-1,-1,-1,-1,-1,1
15031,＜和生菓子・和半生菓子類＞　まんじゅう　くりまんじゅう　こしあん入り,-1,-1,-1,-1,-1,-1,-1,-1,-1,-1,-1,-1,-1,-1,-1,-1,-1,-1,-1,1
15163,＜和生菓子・和半生菓子類＞　まんじゅう　くりまんじゅう　つぶしあん入り,-1,-1,-1,-1,-1,-1,-1,-1,-1,-1,-1,-1,-1,-1,-1,-1,-1,-1,-1,1
15032,＜和生菓子・和半生菓子類＞　まんじゅう　とうまんじゅう　こしあん入り,-1,-1,-1,-1,-1,-1,-1,-1,-1,-1,-1,-1,-1,-1,-1,-1,-1,-1,-1,1
15164,＜和生菓子・和半生菓子類＞　まんじゅう　とうまんじゅう　つぶしあん入り,-1,-1,-1,-1,-1,-1,-1,-1,-1,-1,-1,-1,-1,-1,-1,-1,-1,-1,-1,1
15033,＜和生菓子・和半生菓子類＞　まんじゅう　蒸しまんじゅう　こしあん入り,-1,-1,-1,-1,-1,-1,-1,-1,-1,-1,-1,-1,-1,-1,-1,-1,-1,-1,-1,1
15165,＜和生菓子・和半生菓子類＞　まんじゅう　蒸しまんじゅう　つぶしあん入り,-1,-1,-1,-1,-1,-1,-1,-1,-1,-1,-1,-1,-1,-1,-1,-1,-1,-1,-1,1
15034,＜和生菓子・和半生菓子類＞　まんじゅう　中華まんじゅう　あんまん　こしあん入り,-1,-1,-1,-1,-1,-1,-1,-1,-1,-1,-1,-1,-1,-1,-1,-1,-1,-1,-1,1
15166,＜和生菓子・和半生菓子類＞　まんじゅう　中華まんじゅう　あんまん　つぶしあん入り,-1,-1,-1,-1,-1,-1,-1,-1,-1,-1,-1,-1,-1,-1,-1,-1,-1,-1,-1,1
15035,＜和生菓子・和半生菓子類＞　まんじゅう　中華まんじゅう　肉まん,-1,-1,-1,-1,-1,-1,-1,-1,-1,-1,-1,-1,-1,-1,-1,-1,-1,-1,-1,1
15036,＜和生菓子・和半生菓子類＞　もなか　こしあん入り,-1,-1,-1,-1,-1,-1,-1,-1,-1,-1,-1,-1,-1,-1,-1,-1,-1,-1,-1,1
15167,＜和生菓子・和半生菓子類＞　もなか　つぶしあん入り,-1,-1,-1,-1,-1,-1,-1,-1,-1,-1,-1,-1,-1,-1,-1,-1,-1,-1,-1,1
15037,＜和生菓子・和半生菓子類＞　ゆべし,-1,-1,-1,-1,-1,-1,-1,-1,-1,-1,-1,-1,-1,-1,-1,-1,-1,-1,-1,1
15038,＜和生菓子・和半生菓子類＞　ようかん　練りようかん,-1,-1,-1,-1,-1,-1,-1,-1,-1,-1,-1,-1,-1,-1,-1,-1,-1,-1,-1,1
15039,＜和生菓子・和半生菓子類＞　ようかん　水ようかん,-1,-1,-1,-1,-1,-1,-1,-1,-1,-1,-1,-1,-1,-1,-1,-1,-1,-1,-1,1
15040,＜和生菓子・和半生菓子類＞　ようかん　蒸しようかん,-1,-1,-1,-1,-1,-1,-1,-1,-1,-1,-1,-1,-1,-1,-1,-1,-1,-1,-1,1
15041,＜和干菓子類＞　あめ玉,-1,-1,-1,-1,-1,-1,-1,-1,-1,-1,-1,-1,-1,-1,-1,-1,-1,-1,-1,1
15042,＜和干菓子類＞　芋かりんとう,-1,-1,-1,-1,-1,-1,-1,-1,-1,-1,-1,-1,-1,-1,-1,-1,-1,-1,-1,1
15043,＜和干菓子類＞　おこし,-1,-1,-1,-1,-1,-1,-1,-1,-1,-1,-1,-1,-1,-1,-1,-1,-1,-1,-1,1
15044,＜和干菓子類＞　おのろけ豆,-1,-1,-1,-1,-1,-1,-1,-1,-1,-1,-1,-1,-1,-1,-1,-1,-1,-1,-1,1
15045,＜和干菓子類＞　かりんとう　黒,-1,-1,-1,-1,-1,-1,-1,-1,-1,-1,-1,-1,-1,-1,-1,-1,-1,-1,-1,1
15046,＜和干菓子類＞　かりんとう　白,-1,-1,-1,-1,-1,-1,-1,-1,-1,-1,-1,-1,-1,-1,-1,-1,-1,-1,-1,1
15047,＜和干菓子類＞　ごかぼう,-1,-1,-1,-1,-1,-1,-1,-1,-1,-1,-1,-1,-1,-1,-1,-1,-1,-1,-1,1
15048,＜和干菓子類＞　小麦粉せんべい　磯部せんべい,-1,-1,-1,-1,-1,-1,-1,-1,-1,-1,-1,-1,-1,-1,-1,-1,-1,-1,-1,1
15049,＜和干菓子類＞　小麦粉せんべい　かわらせんべい,-1,-1,-1,-1,-1,-1,-1,-1,-1,-1,-1,-1,-1,-1,-1,-1,-1,-1,-1,1
15050,＜和干菓子類＞　小麦粉せんべい　巻きせんべい,-1,-1,-1,-1,-1,-1,-1,-1,-1,-1,-1,-1,-1,-1,-1,-1,-1,-1,-1,1
15051,＜和干菓子類＞　小麦粉せんべい　南部せんべい　ごま入り,-1,-1,-1,-1,-1,-1,-1,-1,-1,-1,-1,-1,-1,-1,-1,-1,-1,-1,-1,1
15052,＜和干菓子類＞　小麦粉せんべい　南部せんべい　落花生入り,-1,-1,-1,-1,-1,-1,-1,-1,-1,-1,-1,-1,-1,-1,-1,-1,-1,-1,-1,1
15053,＜和干菓子類＞　しおがま,-1,-1,-1,-1,-1,-1,-1,-1,-1,-1,-1,-1,-1,-1,-1,-1,-1,-1,-1,1
15056,＜和干菓子類＞　ひなあられ　関西風,-1,-1,-1,-1,-1,-1,-1,-1,-1,-1,-1,-1,-1,-1,-1,-1,-1,-1,-1,1
15055,＜和干菓子類＞　ひなあられ　関東風,-1,-1,-1,-1,-1,-1,-1,-1,-1,-1,-1,-1,-1,-1,-1,-1,-1,-1,-1,1
15057,＜和干菓子類＞　米菓　揚げせんべい,-1,-1,-1,-1,-1,-1,-1,-1,-1,-1,-1,-1,-1,-1,-1,-1,-1,-1,-1,1
15058,＜和干菓子類＞　米菓　甘辛せんべい,-1,-1,-1,-1,-1,-1,-1,-1,-1,-1,-1,-1,-1,-1,-1,-1,-1,-1,-1,1
15059,＜和干菓子類＞　米菓　あられ,-1,-1,-1,-1,-1,-1,-1,-1,-1,-1,-1,-1,-1,-1,-1,-1,-1,-1,-1,1
15060,＜和干菓子類＞　米菓　しょうゆせんべい,-1,-1,-1,-1,-1,-1,-1,-1,-1,-1,-1,-1,-1,-1,-1,-1,-1,-1,-1,1
15061,＜和干菓子類＞　ボーロ　小粒,-1,-1,-1,-1,-1,-1,-1,-1,-1,-1,-1,-1,-1,-1,-1,-1,-1,-1,-1,1
15062,＜和干菓子類＞　ボーロ　そばボーロ,-1,-1,-1,-1,-1,-1,-1,-1,-1,-1,-1,-1,-1,-1,-1,-1,-1,-1,-1,1
15063,＜和干菓子類＞　松風,-1,-1,-1,-1,-1,-1,-1,-1,-1,-1,-1,-1,-1,-1,-1,-1,-1,-1,-1,1
15064,＜和干菓子類＞　みしま豆,-1,-1,-1,-1,-1,-1,-1,-1,-1,-1,-1,-1,-1,-1,-1,-1,-1,-1,-1,1
15065,＜和干菓子類＞　八つ橋,-1,-1,-1,-1,-1,-1,-1,-1,-1,-1,-1,-1,-1,-1,-1,-1,-1,-1,-1,1
15066,＜和干菓子類＞　らくがん　らくがん,-1,-1,-1,-1,-1,-1,-1,-1,-1,-1,-1,-1,-1,-1,-1,-1,-1,-1,-1,1
15067,＜和干菓子類＞　らくがん　麦らくがん,-1,-1,-1,-1,-1,-1,-1,-1,-1,-1,-1,-1,-1,-1,-1,-1,-1,-1,-1,1
15068,＜和干菓子類＞　らくがん　もろこしらくがん,-1,-1,-1,-1,-1,-1,-1,-1,-1,-1,-1,-1,-1,-1,-1,-1,-1,-1,-1,1
15125,＜菓子パン類＞　揚げパン,-1,-1,-1,-1,-1,-1,-1,-1,-1,-1,-1,-1,-1,-1,-1,-1,-1,-1,-1,1
15069,＜菓子パン類＞　あんパン　こしあん入り,-1,-1,-1,-1,-1,-1,-1,-1,-1,-1,-1,-1,-1,-1,-1,-1,-1,-1,-1,1
15168,＜菓子パン類＞　あんパン　つぶしあん入り,-1,-1,-1,-1,-1,-1,-1,-1,-1,-1,-1,-1,-1,-1,-1,-1,-1,-1,-1,1
15126,＜菓子パン類＞　あんパン　薄皮タイプ　こしあん入り,-1,-1,-1,-1,-1,-1,-1,-1,-1,-1,-1,-1,-1,-1,-1,-1,-1,-1,-1,1
15169,＜菓子パン類＞　あんパン　薄皮タイプ　つぶしあん入り,-1,-1,-1,-1,-1,-1,-1,-1,-1,-1,-1,-1,-1,-1,-1,-1,-1,-1,-1,1
15127,＜菓子パン類＞　カレーパン　皮及び具,-1,-1,-1,-1,-1,-1,-1,-1,-1,-1,-1,-1,-1,-1,-1,-1,-1,-1,-1,1
15128,＜菓子パン類＞　カレーパン　皮のみ,-1,-1,-1,-1,-1,-1,-1,-1,-1,-1,-1,-1,-1,-1,-1,-1,-1,-1,-1,1
15129,＜菓子パン類＞　カレーパン　具のみ,-1,-1,-1,-1,-1,-1,-1,-1,-1,-1,-1,-1,-1,-1,-1,-1,-1,-1,-1,1
15070,＜菓子パン類＞　クリームパン,-1,-1,-1,-1,-1,-1,-1,-1,-1,-1,-1,-1,-1,-1,-1,-1,-1,-1,-1,1
15130,＜菓子パン類＞　クリームパン　薄皮タイプ,-1,-1,-1,-1,-1,-1,-1,-1,-1,-1,-1,-1,-1,-1,-1,-1,-1,-1,-1,1
15071,＜菓子パン類＞　ジャムパン,-1,-1,-1,-1,-1,-1,-1,-1,-1,-1,-1,-1,-1,-1,-1,-1,-1,-1,-1,1
15072,＜菓子パン類＞　チョココロネ,-1,-1,-1,-1,-1,-1,-1,-1,-1,-1,-1,-1,-1,-1,-1,-1,-1,-1,-1,1
15131,＜菓子パン類＞　チョコパン　薄皮タイプ,-1,-1,-1,-1,-1,-1,-1,-1,-1,-1,-1,-1,-1,-1,-1,-1,-1,-1,-1,1
15132,＜菓子パン類＞　メロンパン,-1,-1,-1,-1,-1,-1,-1,-1,-1,-1,-1,-1,-1,-1,-1,-1,-1,-1,-1,1
15181,＜菓子パン類＞　菓子パン　あんなし,-1,-1,-1,-1,-1,-1,-1,-1,-1,-1,-1,-1,-1,-1,-1,-1,-1,-1,-1,1
15073,＜ケーキ・ペストリー類＞　シュークリーム,-1,-1,-1,-1,-1,-1,-1,-1,-1,-1,-1,-1,-1,-1,-1,-1,-1,-1,-1,1
15074,＜ケーキ・ペストリー類＞　スポンジケーキ,-1,1500,-1,250,-1,-1,-1,-1,-1,-1,-1,-1,-1,-1,-1,-1,-1,-1,-1,1
15075,＜ケーキ・ペストリー類＞　ショートケーキ　果実なし,-1,-1,-1,-1,-1,-1,-1,-1,-1,-1,-1,-1,-1,-1,-1,-1,-1,-1,-1,1
15170,＜ケーキ・ペストリー類＞　ショートケーキ　いちご,-1,-1,-1,-1,-1,-1,-1,-1,-1,-1,-1,-1,-1,-1,-1,-1,-1,-1,-1,1
15133,＜ケーキ・ペストリー類＞　タルト　（洋菓子）,-1,-1,-1,130,-1,-1,-1,-1,-1,-1,-1,-1,-1,-1,-1,-1,-1,-1,-1,1
15134,＜ケーキ・ペストリー類＞　チーズケーキ　ベイクドチーズケーキ,-1,-1,-1,-1,-1,-1,-1,-1,-1,-1,-1,-1,-1,-1,-1,-1,-1,-1,-1,1
15135,＜ケーキ・ペストリー類＞　チーズケーキ　レアチーズケーキ,-1,-1,-1,-1,-1,-1,-1,-1,-1,-1,-1,-1,-1,-1,-1,-1,-1,-1,-1,1
15182,＜ケーキ・ペストリー類＞　デニッシュペストリー　アメリカンタイプ　プレーン,-1,-1,-1,-1,-1,-1,-1,-1,-1,-1,-1,-1,-1,-1,-1,-1,-1,-1,-1,1
15076,＜ケーキ・ペストリー類＞　デニッシュペストリー　デンマークタイプ　プレーン　,-1,-1,-1,-1,-1,-1,-1,-1,-1,-1,-1,-1,-1,-1,-1,-1,-1,-1,-1,1
15183,＜ケーキ・ペストリー類＞　デニッシュペストリー　アメリカンタイプ　あん入り　こしあん,-1,-1,-1,-1,-1,-1,-1,-1,-1,-1,-1,-1,-1,-1,-1,-1,-1,-1,-1,1
15184,＜ケーキ・ペストリー類＞　デニッシュペストリー　アメリカンタイプ　あん入り　つぶしあん,-1,-1,-1,-1,-1,-1,-1,-1,-1,-1,-1,-1,-1,-1,-1,-1,-1,-1,-1,1
15171,＜ケーキ・ペストリー類＞　デニッシュペストリー　デンマークタイプ　あん入り　こしあん,-1,-1,-1,-1,-1,-1,-1,-1,-1,-1,-1,-1,-1,-1,-1,-1,-1,-1,-1,1
15172,＜ケーキ・ペストリー類＞　デニッシュペストリー　デンマークタイプ　あん入り　つぶしあん,-1,-1,-1,-1,-1,-1,-1,-1,-1,-1,-1,-1,-1,-1,-1,-1,-1,-1,-1,1
15185,＜ケーキ・ペストリー類＞　デニッシュペストリー　アメリカンタイプ　あん入り　カスタードクリーム,-1,-1,-1,-1,-1,-1,-1,-1,-1,-1,-1,-1,-1,-1,-1,-1,-1,-1,-1,1
15173,＜ケーキ・ペストリー類＞　デニッシュペストリー　デンマークタイプ　あん入り　カスタードクリーム,-1,-1,-1,-1,-1,-1,-1,-1,-1,-1,-1,-1,-1,-1,-1,-1,-1,-1,-1,1
15077,＜ケーキ・ペストリー類＞　ドーナッツ　イーストドーナッツ　プレーン,-1,-1,-1,-1,-1,-1,-1,-1,-1,-1,-1,-1,-1,-1,-1,-1,-1,-1,-1,1
15174,＜ケーキ・ペストリー類＞　ドーナッツ　イーストドーナッツ　あん入り　こしあん,-1,-1,-1,-1,-1,-1,-1,-1,-1,-1,-1,-1,-1,-1,-1,-1,-1,-1,-1,1
15175,＜ケーキ・ペストリー類＞　ドーナッツ　イーストドーナッツ　あん入り　つぶしあん,-1,-1,-1,-1,-1,-1,-1,-1,-1,-1,-1,-1,-1,-1,-1,-1,-1,-1,-1,1
15176,＜ケーキ・ペストリー類＞　ドーナッツ　イーストドーナッツ　あん入り　カスタードクリーム,-1,-1,-1,-1,-1,-1,-1,-1,-1,-1,-1,-1,-1,-1,-1,-1,-1,-1,-1,1
15078,＜ケーキ・ペストリー類＞　ドーナッツ　ケーキドーナッツ　プレーン,-1,-1,-1,-1,-1,-1,-1,-1,-1,-1,-1,-1,-1,-1,-1,-1,-1,-1,-1,1
15177,＜ケーキ・ペストリー類＞　ドーナッツ　ケーキドーナッツ　あん入り　こしあん,-1,-1,-1,-1,-1,-1,-1,-1,-1,-1,-1,-1,-1,-1,-1,-1,-1,-1,-1,1
15178,＜ケーキ・ペストリー類＞　ドーナッツ　ケーキドーナッツ　あん入り　つぶしあん,-1,-1,-1,-1,-1,-1,-1,-1,-1,-1,-1,-1,-1,-1,-1,-1,-1,-1,-1,1
15179,＜ケーキ・ペストリー類＞　ドーナッツ　ケーキドーナッツ　あん入り　カスタードクリーム,-1,-1,-1,-1,-1,-1,-1,-1,-1,-1,-1,-1,-1,-1,-1,-1,-1,-1,-1,1
15079,＜ケーキ・ペストリー類＞　パイ　パイ皮,-1,450,-1,900,-1,-1,-1,-1,-1,-1,-1,450,-1,-1,-1,-1,-1,-1,-1,1
15080,＜ケーキ・ペストリー類＞　パイ　アップルパイ,-1,-1,-1,-1,-1,-1,-1,-1,-1,-1,-1,-1,-1,-1,-1,-1,-1,-1,-1,1
15081,＜ケーキ・ペストリー類＞　パイ　ミートパイ,-1,-1,-1,-1,-1,-1,-1,-1,-1,-1,-1,-1,-1,-1,-1,-1,-1,-1,-1,1
15082,＜ケーキ・ペストリー類＞　バターケーキ,-1,-1,-1,-1,-1,-1,-1,-1,-1,-1,-1,-1,-1,-1,-1,-1,-1,-1,-1,1
15083,＜ケーキ・ペストリー類＞　ホットケーキ,-1,-1,-1,-1,-1,-1,-1,-1,-1,-1,-1,-1,-1,-1,-1,-1,-1,-1,-1,1
15084,＜ケーキ・ペストリー類＞　ワッフル　カスタードクリーム入り,-1,-1,-1,-1,-1,-1,-1,-1,-1,-1,-1,-1,-1,-1,-1,-1,-1,-1,-1,1
15085,＜ケーキ・ペストリー類＞　ワッフル　ジャム入り,-1,-1,-1,-1,-1,-1,-1,-1,-1,-1,-1,-1,-1,-1,-1,-1,-1,-1,-1,1
15086,＜デザート菓子類＞　カスタードプリン,-1,-1,-1,90,-1,-1,-1,-1,-1,-1,-1,-1,-1,-1,-1,-1,-1,-1,-1,1
15136,＜デザート菓子類＞　牛乳寒天,-1,-1,-1,-1,-1,-1,-1,-1,-1,-1,-1,-1,-1,-1,-1,-1,-1,-1,-1,1
15142,＜デザート菓子類＞　こんにゃくゼリー,-1,-1,-1,-1,-1,-1,-1,-1,-1,-1,-1,-1,-1,-1,-1,-1,-1,-1,-1,1
15087,＜デザート菓子類＞　ゼリー　オレンジ,-1,-1,-1,-1,-1,-1,-1,-1,-1,-1,-1,-1,-1,-1,-1,-1,-1,-1,-1,1
15088,＜デザート菓子類＞　ゼリー　コーヒー,-1,-1,-1,-1,-1,-1,-1,-1,-1,-1,-1,-1,-1,-1,-1,-1,-1,-1,-1,1
15089,＜デザート菓子類＞　ゼリー　ミルク,-1,-1,-1,-1,-1,-1,-1,-1,-1,-1,-1,-1,-1,-1,-1,-1,-1,-1,-1,1
15090,＜デザート菓子類＞　ゼリー　ワイン,-1,-1,-1,-1,-1,-1,-1,-1,-1,-1,-1,-1,-1,-1,-1,-1,-1,-1,-1,1
15091,＜デザート菓子類＞　ババロア,-1,-1,-1,-1,-1,-1,-1,-1,-1,-1,-1,-1,-1,-1,-1,-1,-1,-1,-1,1
15092,＜ビスケット類＞　ウエハース,-1,3,-1,7,-1,-1,-1,-1,-1,-1,-1,-1,-1,-1,-1,-1,-1,-1,-1,1
15141,＜ビスケット類＞　ウエハース　クリーム入り,-1,3,-1,-1,-1,-1,-1,-1,-1,-1,-1,-1,-1,-1,-1,-1,-1,-1,-1,1
15093,＜ビスケット類＞　クラッカー　オイルスプレークラッカー,-1,3,-1,5,-1,-1,-1,-1,-1,-1,-1,-1,-1,-1,-1,-1,-1,-1,-1,1
15094,＜ビスケット類＞　クラッカー　ソーダクラッカー,-1,3,-1,-1,-1,-1,-1,-1,-1,-1,-1,-1,-1,-1,-1,-1,-1,-1,-1,1
15095,＜ビスケット類＞　サブレ,-1,5,-1,-1,-1,-1,-1,-1,-1,-1,-1,-1,-1,-1,-1,-1,-1,-1,-1,1
15054,＜ビスケット類＞　中華風クッキー,-1,5,-1,-1,-1,-1,-1,-1,-1,-1,-1,80,-1,-1,-1,-1,-1,-1,-1,1
15097,＜ビスケット類＞　ビスケット　ハードビスケット,-1,5,-1,5,-1,-1,-1,-1,-1,-1,-1,-1,-1,-1,-1,-1,-1,-1,-1,1
15098,＜ビスケット類＞　ビスケット　ソフトビスケット,-1,5,-1,-1,-1,-1,-1,-1,-1,-1,-1,-1,-1,-1,-1,-1,-1,-1,-1,1
15099,＜ビスケット類＞　プレッツェル,-1,3,-1,-1,-1,-1,-1,-1,-1,-1,-1,-1,-1,-1,-1,-1,-1,-1,-1,1
15096,＜ビスケット類＞　リーフパイ,-1,3,-1,-1,-1,-1,-1,-1,-1,-1,-1,-1,-1,-1,-1,-1,-1,-1,-1,1
15100,＜ビスケット類＞　ロシアケーキ,-1,-1,-1,-1,-1,-1,-1,-1,-1,-1,-1,-1,-1,-1,-1,-1,-1,-1,-1,1
15101,＜スナック類＞　小麦粉あられ,-1,-1,-1,-1,-1,-1,-1,-1,-1,-1,-1,-1,-1,-1,-1,-1,-1,-1,-1,1
15102,＜スナック類＞　コーンスナック,-1,-1,-1,-1,-1,-1,-1,-1,-1,-1,-1,-1,-1,-1,-1,-1,-1,-1,-1,1
15103,＜スナック類＞　ポテトチップス　ポテトチップス,-1,-1,-1,-1,-1,-1,-1,-1,-1,-1,-1,-1,-1,-1,-1,-1,-1,-1,-1,1
15104,＜スナック類＞　ポテトチップス　成形ポテトチップス,-1,-1,-1,-1,-1,-1,-1,-1,-1,-1,-1,-1,-1,-1,-1,-1,-1,-1,-1,1
15109,＜キャンデー類＞　かわり玉,-1,-1,-1,-1,-1,-1,-1,-1,-1,-1,-1,-1,-1,-1,-1,-1,-1,-1,-1,1
15105,＜キャンデー類＞　キャラメル,-1,-1,-1,5,-1,-1,-1,-1,-1,-1,-1,-1,-1,-1,-1,-1,-1,-1,-1,1
15107,＜キャンデー類＞　ゼリーキャンデー,-1,-1,-1,-1,-1,-1,-1,-1,-1,-1,-1,-1,-1,-1,-1,-1,-1,-1,-1,1
15108,＜キャンデー類＞　ゼリービーンズ,-1,-1,-1,-1,-1,-1,-1,-1,-1,-1,-1,-1,-1,-1,-1,-1,-1,-1,-1,1
15110,＜キャンデー類＞　ドロップ,-1,-1,-1,-1,-1,-1,-1,-1,-1,-1,-1,-1,-1,-1,-1,-1,-1,-1,-1,1
15111,＜キャンデー類＞　バタースコッチ,-1,-1,-1,-1,-1,-1,-1,-1,-1,-1,-1,-1,-1,-1,-1,-1,-1,-1,-1,1
15112,＜キャンデー類＞　ブリットル,-1,-1,-1,-1,-1,-1,-1,-1,-1,-1,-1,-1,-1,-1,-1,-1,-1,-1,-1,1
15113,＜キャンデー類＞　マシュマロ,-1,-1,-1,4.5,-1,-1,-1,-1,-1,-1,-1,100,-1,-1,-1,-1,-1,-1,-1,1
15106,＜キャンデー類＞　ラムネ,-1,-1,-1,-1,-1,-1,-1,-1,-1,-1,-1,-1,-1,-1,-1,-1,-1,-1,-1,1
15137,＜チョコレート類＞　アーモンドチョコレート,-1,-1,-1,-1,-1,-1,-1,-1,-1,-1,-1,-1,88,-1,-1,-1,-1,-1,-1,1
15114,＜チョコレート類＞　カバーリングチョコレート,-1,-1,-1,-1,-1,-1,-1,-1,-1,-1,-1,-1,-1,-1,-1,-1,-1,-1,-1,1
15186,＜チョコレート類＞　スイートチョコレート,-1,-1,-1,-1,-1,-1,-1,-1,-1,-1,-1,-1,-1,-1,-1,-1,-1,-1,-1,1
15187,＜チョコレート類＞　スイートチョコレート　カカオ増量,-1,-1,-1,-1,-1,-1,-1,-1,-1,-1,-1,-1,-1,-1,-1,-1,-1,-1,-1,1
15115,＜チョコレート類＞　ホワイトチョコレート,-1,50,-1,-1,-1,-1,-1,-1,-1,-1,-1,-1,-1,-1,-1,-1,-1,-1,-1,1
15116,＜チョコレート類＞　ミルクチョコレート,-1,50,-1,12,-1,-1,-1,-1,-1,-1,-1,-1,-1,-1,-1,-1,-1,-1,-1,1
15117,＜果実菓子類＞　マロングラッセ,-1,20,-1,-1,-1,-1,-1,-1,-1,-1,-1,-1,-1,-1,-1,-1,-1,-1,-1,1
15118,＜チューインガム類＞　板ガム,-1,-1,-1,-1,-1,-1,-1,-1,-1,-1,-1,-1,-1,-1,-1,-1,-1,-1,-1,1
15119,＜チューインガム類＞　糖衣ガム,-1,-1,-1,-1,-1,-1,-1,-1,-1,-1,-1,-1,-1,-1,-1,-1,-1,-1,-1,1
15120,＜チューインガム類＞　風船ガム,-1,-1,-1,-1,-1,-1,-1,-1,-1,-1,-1,-1,-1,-1,-1,-1,-1,-1,-1,1
15138,＜その他＞　カスタードクリーム,-1,-1,-1,100,150,-1,-1,-1,-1,18,-1,-1,-1,65,-1,-1,-1,-1,-1,1
15139,＜その他＞　しるこ　こしあん,-1,-1,-1,-1,-1,-1,-1,-1,-1,-1,-1,-1,-1,-1,-1,-1,-1,-1,-1,1
15140,＜その他＞　しるこ　つぶしあん,-1,-1,-1,-1,-1,-1,-1,-1,-1,-1,-1,-1,-1,-1,-1,-1,-1,-1,-1,1
15180,＜その他＞　チョコレートクリーム,-1,-1,-1,100,-1,-1,-1,-1,-1,-1,-1,-1,-1,-1,-1,-1,-1,-1,-1,1
16001,＜アルコール飲料類＞　（醸造酒類）　清酒　普通酒,-1,-1,-1,-1,200,100,-1,5,-1,15,-1,-1,-1,180,1,-1,-1,-1,-1,1
16002,＜アルコール飲料類＞　（醸造酒類）　清酒　純米酒,-1,-1,-1,-1,200,100,-1,5,-1,15,-1,-1,-1,180,1,-1,-1,-1,-1,1
16003,＜アルコール飲料類＞　（醸造酒類）　清酒　本醸造酒,-1,-1,-1,-1,200,100,-1,5,-1,15,-1,-1,-1,180,1,-1,-1,-1,-1,1
16004,＜アルコール飲料類＞　（醸造酒類）　清酒　吟醸酒,-1,-1,-1,-1,200,100,-1,5,-1,15,-1,-1,-1,180,1,-1,-1,-1,-1,1
16005,＜アルコール飲料類＞　（醸造酒類）　清酒　純米吟醸酒,-1,-1,-1,-1,200,100,-1,5,-1,15,-1,-1,-1,180,1,-1,-1,-1,-1,1
16006,＜アルコール飲料類＞　（醸造酒類）　ビール　淡色,-1,-1,-1,-1,200,100,-1,5,-1,15,-1,-1,-1,350,1,-1,-1,-1,-1,1
16007,＜アルコール飲料類＞　（醸造酒類）　ビール　黒,-1,-1,-1,-1,200,100,-1,5,-1,15,-1,-1,-1,350,1,-1,-1,-1,-1,1
16008,＜アルコール飲料類＞　（醸造酒類）　ビール　スタウト,-1,-1,-1,-1,200,100,-1,5,-1,15,-1,-1,-1,350,1,-1,-1,-1,-1,1
16009,＜アルコール飲料類＞　（醸造酒類）　発泡酒,-1,-1,-1,-1,200,100,-1,5,-1,15,-1,-1,-1,350,1,-1,-1,-1,-1,1
16010,＜アルコール飲料類＞　（醸造酒類）　ぶどう酒　白,-1,-1,-1,1500,200,100,-1,5,-1,15,-1,-1,-1,200,1,-1,-1,-1,-1,1
16011,＜アルコール飲料類＞　（醸造酒類）　ぶどう酒　赤,-1,-1,-1,1500,200,100,3,5,-1,15,-1,-1,-1,200,1,-1,-1,-1,-1,1
16012,＜アルコール飲料類＞　（醸造酒類）　ぶどう酒　ロゼ,-1,-1,-1,-1,200,100,-1,5,-1,15,-1,-1,-1,200,1,-1,-1,-1,-1,1
16013,＜アルコール飲料類＞　（醸造酒類）　紹興酒,-1,-1,-1,-1,200,100,-1,5,-1,15,-1,-1,-1,200,1,-1,-1,-1,-1,1
16014,＜アルコール飲料類＞　（蒸留酒類）　しょうちゅう　連続式蒸留しょうちゅう,-1,-1,-1,-1,200,100,-1,5,-1,15,-1,-1,-1,200,1,-1,-1,-1,-1,1
16015,＜アルコール飲料類＞　（蒸留酒類）　しょうちゅう　単式蒸留しょうちゅう,-1,-1,-1,-1,200,100,-1,5,-1,15,-1,-1,-1,200,1,-1,-1,-1,-1,1
16060,＜アルコール飲料類＞　（蒸留酒類）　しょうちゅう　泡盛,-1,-1,-1,-1,200,100,-1,5,-1,15,-1,-1,-1,200,1,-1,-1,-1,-1,1
16016,＜アルコール飲料類＞　（蒸留酒類）　ウイスキー,-1,-1,-1,-1,200,100,-1,5,-1,15,-1,-1,-1,200,1,-1,-1,-1,-1,1
16017,＜アルコール飲料類＞　（蒸留酒類）　ブランデー,-1,-1,-1,-1,200,100,-1,5,-1,15,-1,-1,-1,200,1,-1,-1,-1,-1,1
16018,＜アルコール飲料類＞　（蒸留酒類）　ウオッカ,-1,-1,-1,-1,200,100,-1,5,-1,15,-1,-1,-1,200,1,-1,-1,-1,-1,1
16019,＜アルコール飲料類＞　（蒸留酒類）　ジン,-1,-1,-1,-1,200,100,-1,5,-1,15,-1,-1,-1,200,1,-1,-1,-1,-1,1
16020,＜アルコール飲料類＞　（蒸留酒類）　ラム,-1,-1,-1,-1,200,100,-1,5,-1,15,-1,-1,-1,200,1,-1,-1,-1,-1,1
16021,＜アルコール飲料類＞　（蒸留酒類）　マオタイ酒,-1,-1,-1,-1,200,100,-1,5,-1,15,-1,-1,-1,200,1,-1,-1,-1,-1,1
16022,＜アルコール飲料類＞　（混成酒類）　梅酒,-1,-1,-1,-1,200,100,-1,5,-1,15,-1,-1,-1,200,1,-1,-1,-1,-1,1
16023,＜アルコール飲料類＞　（混成酒類）　合成清酒,-1,-1,-1,-1,200,100,-1,5,-1,15,-1,-1,-1,200,1,-1,-1,-1,-1,1
16024,＜アルコール飲料類＞　（混成酒類）　白酒,-1,-1,-1,-1,200,100,-1,5,-1,15,-1,-1,-1,200,1,-1,-1,-1,-1,1
16025,＜アルコール飲料類＞　（混成酒類）　みりん　本みりん,18,-1,-1,-1,230,115,4,6,-1,18,-1,-1,-1,-1,1,-1,-1,180,-1,1
16026,＜アルコール飲料類＞　（混成酒類）　みりん　本直し,-1,-1,-1,-1,-1,-1,-1,-1,-1,-1,-1,-1,-1,-1,1,-1,-1,-1,-1,1
16027,＜アルコール飲料類＞　（混成酒類）　薬味酒,-1,-1,-1,-1,-1,-1,-1,-1,-1,-1,-1,-1,-1,-1,1,-1,-1,-1,-1,1
16028,＜アルコール飲料類＞　（混成酒類）　キュラソー,-1,-1,-1,-1,-1,-1,-1,-1,-1,-1,-1,-1,-1,-1,1,-1,-1,-1,-1,1
16029,＜アルコール飲料類＞　（混成酒類）　スイートワイン,-1,-1,-1,-1,-1,-1,-1,-1,-1,-1,-1,-1,-1,-1,1,-1,-1,-1,-1,1
16030,＜アルコール飲料類＞　（混成酒類）　ペパーミント,-1,-1,-1,-1,-1,-1,-1,-1,-1,-1,-1,-1,-1,-1,1,-1,-1,-1,-1,1
16031,＜アルコール飲料類＞　（混成酒類）　ベルモット　甘口タイプ,-1,-1,-1,-1,-1,-1,-1,-1,-1,-1,-1,-1,-1,-1,1,-1,-1,-1,-1,1
16032,＜アルコール飲料類＞　（混成酒類）　ベルモット　辛口タイプ,-1,-1,-1,-1,-1,-1,-1,-1,-1,-1,-1,-1,-1,-1,1,-1,-1,-1,-1,1
16059,＜アルコール飲料類＞　（混成酒類）　缶チューハイ　レモン風味,-1,-1,-1,-1,-1,-1,-1,-1,-1,-1,-1,-1,-1,-1,1,-1,-1,-1,-1,1
16033,＜茶類＞　（緑茶類）　玉露　茶,-1,-1,-1,-1,-1,-1,-1,-1,-1,-1,-1,-1,-1,-1,1,-1,-1,-1,-1,1
16034,＜茶類＞　（緑茶類）　玉露　浸出液,-1,2.5,-1,-1,-1,-1,-1,-1,-1,-1,-1,-1,-1,-1,1,-1,-1,-1,-1,1
16035,＜茶類＞　（緑茶類）　抹茶　茶,-1,-1,-1,-1,-1,-1,-1,2,4,6,-1,-1,-1,150,1,-1,-1,-1,-1,1
16036,＜茶類＞　（緑茶類）　せん茶　茶,-1,-1,-1,-1,-1,-1,-1,-1,-1,15,-1,-1,-1,-1,1,-1,-1,-1,-1,1
16037,＜茶類＞　（緑茶類）　せん茶　浸出液,-1,-1,-1,-1,-1,-1,-1,-1,-1,15,-1,-1,-1,-1,1,-1,-1,-1,-1,1
16038,＜茶類＞　（緑茶類）　かまいり茶　浸出液,-1,-1,-1,-1,-1,-1,-1,-1,-1,-1,-1,-1,-1,-1,1,-1,-1,-1,-1,1
16062,＜茶類＞　（緑茶類）　番茶　茶,-1,-1,-1,-1,-1,-1,-1,-1,-1,-1,-1,-1,-1,-1,1,-1,-1,-1,-1,1
16039,＜茶類＞　（緑茶類）　番茶　浸出液,-1,-1,-1,-1,-1,-1,-1,-1,-1,-1,-1,-1,-1,-1,1,-1,-1,-1,-1,1
16063,＜茶類＞　（緑茶類）　ほうじ茶　茶,-1,-1,-1,-1,-1,-1,-1,-1,-1,-1,-1,-1,-1,-1,1,-1,-1,-1,-1,1
16040,＜茶類＞　（緑茶類）　ほうじ茶　浸出液,-1,-1,-1,-1,-1,-1,-1,-1,-1,-1,-1,-1,-1,-1,1,-1,-1,-1,-1,1
16041,＜茶類＞　（緑茶類）　玄米茶　浸出液,-1,-1,-1,-1,-1,-1,-1,5,-1,-1,-1,-1,-1,-1,1,-1,-1,-1,-1,1
16042,＜茶類＞　（発酵茶類）　ウーロン茶　浸出液,-1,-1,-1,-1,-1,-1,-1,-1,-1,-1,-1,-1,-1,-1,1,-1,-1,-1,-1,1
16043,＜茶類＞　（発酵茶類）　紅茶　茶,-1,-1,-1,3,-1,-1,-1,3,-1,10,-1,2.5,-1,150,1,-1,-1,-1,-1,1
16044,＜茶類＞　（発酵茶類）　紅茶　浸出液,-1,-1,-1,-1,200,-1,-1,5,-1,15,-1,-1,-1,-1,1,-1,-1,-1,-1,1
16045,＜コーヒー・ココア類＞　コーヒー　浸出液,-1,-1,-1,-1,-1,-1,-1,5,-1,15,-1,150,-1,-1,1,-1,-1,-1,-1,1
16046,＜コーヒー・ココア類＞　コーヒー　インスタントコーヒー,-1,-1,-1,-1,-1,0.5,-1,3,-1,10,-1,-1,-1,-1,1,-1,-1,-1,-1,1
16064,＜コーヒー・ココア類＞　コーヒー　缶コーヒー　無糖,-1,-1,-1,180,-1,-1,-1,-1,-1,-1,-1,-1,-1,190,1,-1,-1,-1,-1,1
16047,＜コーヒー・ココア類＞　コーヒー　コーヒー飲料　乳成分入り　加糖,-1,-1,-1,180,-1,-1,-1,-1,-1,-1,-1,-1,-1,190,1,-1,-1,-1,-1,1
16048,＜コーヒー・ココア類＞　ココア　ピュアココア,-1,-1,-1,220,-1,-1,1,3,-1,9,-1,-1,-1,220,1,-1,-1,-1,-1,1
16049,＜コーヒー・ココア類＞　ココア　ミルクココア,-1,-1,-1,220,-1,-1,1,3,-1,9,-1,-1,-1,220,1,-1,-1,-1,-1,1
16056,＜その他＞　青汁　ケール,-1,-1,-1,5.6,-1,-1,-1,-1,-1,15,-1,-1,-1,-1,1,-1,-1,-1,-1,1
16050,＜その他＞　甘酒,-1,-1,-1,-1,200,-1,-1,5,-1,15,-1,60,-1,-1,1,-1,-1,-1,-1,1
16051,＜その他＞　昆布茶,-1,-1,-1,-1,2,-1,-1,3,-1,9,-1,-1,-1,-1,1,-1,-1,-1,-1,1
16057,＜その他＞　スポーツドリンク,-1,-1,-1,-1,-1,-1,-1,-1,-1,-1,-1,-1,-1,-1,1,-1,-1,-1,-1,1
16052,＜その他＞　（炭酸飲料類）　果実色飲料,-1,-1,-1,-1,-1,-1,-1,-1,-1,-1,-1,-1,-1,-1,1,-1,-1,-1,-1,1
16053,＜その他＞　（炭酸飲料類）　コーラ,-1,-1,-1,-1,200,-1,-1,5,-1,15,-1,-1,-1,-1,1,-1,-1,-1,-1,1
16054,＜その他＞　（炭酸飲料類）　サイダー,-1,-1,-1,500,200,-1,-1,5,-1,15,-1,-1,-1,-1,1,-1,-1,-1,-1,1
16058,＜その他＞　（炭酸飲料類）　ビール風味炭酸飲料,-1,-1,-1,-1,-1,-1,-1,-1,-1,-1,-1,-1,-1,-1,1,-1,-1,-1,-1,1
16061,＜その他＞　なぎなたこうじゅ　浸出液,-1,-1,-1,-1,-1,-1,-1,-1,-1,-1,-1,-1,-1,-1,1,-1,-1,-1,-1,1
16055,＜その他＞　麦茶　浸出液,-1,-1,-1,-1,-1,-1,-1,-1,-1,-1,-1,12.5,-1,-1,1,-1,-1,-1,-1,1
17001,＜調味料類＞　（ウスターソース類）　ウスターソース,-1,-1,-1,-1,240,-1,-1,6,-1,18,-1,-1,-1,-1,20,-1,-1,-1,-1,1
17002,＜調味料類＞　（ウスターソース類）　中濃ソース,18,-1,-1,-1,240,-1,-1,6,-1,18,-1,-1,-1,-1,-1,-1,-1,-1,-1,1
17003,＜調味料類＞　（ウスターソース類）　濃厚ソース,-1,-1,-1,-1,240,-1,-1,6,-1,18,-1,-1,-1,-1,-1,-1,-1,-1,-1,1
17085,＜調味料類＞　（ウスターソース類）　お好み焼きソース,-1,-1,-1,-1,240,-1,-1,6,-1,18,-1,-1,-1,-1,-1,-1,-1,-1,-1,1
17004,＜調味料類＞　（辛味調味料類）　トウバンジャン,-1,-1,-1,-1,230,115,3,6,-1,18,-1,-1,-1,-1,-1,-1,-1,-1,-1,1
17005,＜調味料類＞　（辛味調味料類）　チリペッパーソース,-1,-1,-1,-1,230,-1,-1,-1,-1,-1,-1,-1,-1,-1,-1,-1,-1,-1,-1,1
17006,＜調味料類＞　（辛味調味料類）　ラー油,-1,-1,50,-1,-1,-1,1,3,-1,9,-1,-1,-1,-1,-1,-1,-1,-1,-1,1
17007,＜調味料類＞　（しょうゆ類）　こいくちしょうゆ,30,-1,-1,5,230,115,3,6,-1,18,-1,6,5,-1,1.15,-1,-1,-1,-1,1
17086,＜調味料類＞　（しょうゆ類）　こいくちしょうゆ　減塩,-1,-1,-1,-1,230,115,3,6,-1,18,-1,-1,-1,-1,1.15,-1,-1,-1,-1,1
17008,＜調味料類＞　（しょうゆ類）　うすくちしょうゆ,-1,-1,-1,-1,230,115,3,6,-1,18,-1,-1,-1,-1,1.15,-1,-1,-1,-1,1
17139,＜調味料類＞　（しょうゆ類）　うすくちしょうゆ　低塩,-1,-1,-1,-1,230,115,3,6,-1,18,-1,-1,-1,-1,1.15,-1,-1,-1,-1,1
17009,＜調味料類＞　（しょうゆ類）　たまりしょうゆ,-1,-1,-1,-1,230,115,3,6,-1,18,-1,-1,-1,-1,1.15,-1,-1,-1,-1,1
17010,＜調味料類＞　（しょうゆ類）　さいしこみしょうゆ,-1,-1,-1,-1,230,115,3,6,-1,18,-1,-1,-1,-1,1.15,-1,-1,-1,-1,1
17011,＜調味料類＞　（しょうゆ類）　しろしょうゆ,-1,-1,-1,-1,230,115,3,6,-1,18,-1,-1,-1,-1,1.15,-1,-1,-1,-1,1
17087,＜調味料類＞　（しょうゆ類）　だししょうゆ,18,-1,-1,-1,230,115,3,6,-1,18,-1,-1,-1,-1,1.15,-1,-1,-1,-1,1
17088,＜調味料類＞　（しょうゆ類）　照りしょうゆ,-1,-1,-1,-1,230,115,3,6,-1,18,-1,-1,-1,-1,1.15,-1,-1,-1,-1,1
17012,＜調味料類＞　（食塩類）　食塩,-1,0.1,1,-1,-1,-1,1,6,-1,18,-1,1000,-1,-1,-1,-1,-1,-1,-1,1
17013,＜調味料類＞　（食塩類）　並塩,-1,-1,-1,-1,-1,-1,1,6,-1,18,-1,1000,-1,-1,-1,-1,-1,-1,-1,1
17146,＜調味料類＞　（食塩類）　減塩タイプ食塩　調味料含む,-1,-1,-1,-1,-1,-1,-1,-1,-1,-1,-1,-1,-1,-1,-1,-1,-1,-1,-1,1
17147,＜調味料類＞　（食塩類）　減塩タイプ食塩　調味料不使用,-1,-1,-1,-1,-1,-1,-1,-1,-1,-1,-1,-1,-1,-1,-1,-1,-1,-1,-1,1
17014,＜調味料類＞　（食塩類）　精製塩　家庭用,-1,-1,-1,-1,-1,-1,-1,-1,-1,-1,-1,-1,-1,-1,-1,-1,-1,-1,-1,1
17089,＜調味料類＞　（食塩類）　精製塩　業務用,-1,-1,-1,-1,-1,-1,-1,-1,-1,-1,-1,-1,-1,-1,-1,-1,-1,-1,-1,1
17090,＜調味料類＞　（食酢類）　黒酢,-1,-1,-1,-1,200,100,-1,5,-1,15,-1,-1,-1,-1,1,-1,-1,-1,-1,1
17015,＜調味料類＞　（食酢類）　穀物酢,-1,-1,-1,-1,200,100,3,5,-1,15,-1,-1,-1,-1,1,-1,-1,-1,-1,1
17016,＜調味料類＞　（食酢類）　米酢,-1,-1,-1,-1,200,100,-1,5,-1,15,-1,-1,-1,-1,1,-1,-1,-1,-1,1
17091,＜調味料類＞　（食酢類）　果実酢　バルサミコ酢,-1,-1,-1,-1,200,100,-1,5,-1,15,-1,-1,-1,-1,1,-1,-1,-1,-1,1
17017,＜調味料類＞　（食酢類）　果実酢　ぶどう酢,-1,-1,-1,-1,200,100,-1,5,-1,15,-1,-1,-1,-1,1,-1,-1,-1,-1,1
17018,＜調味料類＞　（食酢類）　果実酢　りんご酢,-1,-1,-1,-1,200,100,-1,-1,-1,15,-1,-1,-1,-1,1,-1,-1,-1,-1,1
17130,＜調味料類＞　（だし類）　あごだし,-1,-1,-1,-1,-1,-1,-1,-1,-1,-1,-1,-1,-1,-1,-1,-1,-1,-1,-1,1
17019,＜調味料類＞　（だし類）　かつおだし　荒節,-1,-1,-1,-1,200,-1,-1,5,-1,15,-1,-1,-1,-1,1,-1,-1,-1,-1,1
17131,＜調味料類＞　（だし類）　かつおだし　本枯れ節,-1,-1,-1,-1,-1,-1,-1,-1,-1,-1,-1,-1,-1,-1,-1,-1,-1,-1,-1,1
17020,＜調味料類＞　（だし類）　昆布だし　水出し,-1,-1,-1,-1,-1,-1,-1,-1,-1,-1,-1,-1,-1,-1,1,-1,-1,-1,-1,1
17132,＜調味料類＞　（だし類）　昆布だし　煮出し,18,-1,-1,-1,200,-1,-1,5,-1,15,-1,-1,-1,-1,-1,-1,-1,-1,-1,1
17021,＜調味料類＞　（だし類）　かつお・昆布だし　荒節・昆布だし,-1,-1,-1,-1,200,-1,2,5,-1,15,-1,-1,-1,-1,1,-1,-1,-1,-1,1
17148,＜調味料類＞　（だし類）　かつお・昆布だし　本枯れ節・昆布だし,-1,-1,-1,-1,-1,-1,-1,-1,-1,-1,-1,-1,-1,-1,-1,-1,-1,-1,-1,1
17022,＜調味料類＞　（だし類）　しいたけだし,-1,-1,-1,-1,200,-1,1,-1,-1,-1,-1,-1,-1,-1,1,-1,-1,-1,-1,1
17023,＜調味料類＞　（だし類）　煮干しだし,-1,-1,-1,-1,200,-1,1,3,-1,9,-1,-1,-1,-1,1,-1,-1,-1,-1,1
17024,＜調味料類＞　（だし類）　鶏がらだし,-1,-1,-1,1000,200,-1,1,3,-1,9,-1,-1,-1,-1,1,-1,-1,-1,-1,1
17025,＜調味料類＞　（だし類）　中華だし,-1,-1,-1,-1,200,-1,1,3,-1,9,-1,-1,-1,-1,1,-1,-1,-1,-1,1
17026,＜調味料類＞　（だし類）　洋風だし,-1,-1,-1,7,200,-1,1,3,-1,9,-1,-1,-1,-1,1,-1,-1,-1,-1,1
17027,＜調味料類＞　（だし類）　固形ブイヨン,4,-1,-1,5,200,-1,1,3,-1,9,-1,5,-1,-1,1,-1,-1,-1,-1,1
17092,＜調味料類＞　（だし類）　顆粒おでん用,-1,-1,-1,-1,200,-1,1,3,-1,9,-1,-1,-1,-1,1,-1,-1,-1,-1,1
17093,＜調味料類＞　（だし類）　顆粒中華だし,-1,-1,-1,-1,200,-1,1,3,-1,9,-1,-1,-1,-1,1,-1,-1,-1,-1,1
17028,＜調味料類＞　（だし類）　顆粒和風だし,-1,-1,-1,5,200,-1,1,3,6,9,-1,8,-1,-1,1,-1,-1,-1,-1,1
17140,＜調味料類＞　（だし類）　なべつゆ　ストレート　しょうゆ味,-1,-1,-1,-1,200,-1,-1,5,-1,15,-1,-1,-1,-1,1.2,-1,-1,-1,-1,1
17029,＜調味料類＞　（だし類）　めんつゆ　ストレート,-1,-1,-1,-1,230,-1,5,6,-1,18,-1,-1,-1,-1,1.2,-1,-1,-1,-1,1
17141,＜調味料類＞　（だし類）　めんつゆ　二倍濃縮,-1,-1,-1,-1,230,-1,-1,6,-1,18,-1,5,-1,-1,1.2,-1,-1,-1,-1,1
17030,＜調味料類＞　（だし類）　めんつゆ　三倍濃縮,-1,-1,-1,-1,230,-1,-1,6,-1,18,-1,-1,-1,-1,1.2,-1,-1,-1,-1,1
17142,＜調味料類＞　（だし類）　ラーメンスープ　濃縮　しょうゆ味　ストレートしょうゆ味,-1,-1,-1,-1,230,-1,-1,6,-1,18,-1,-1,-1,-1,1.2,-1,-1,-1,-1,1
17143,＜調味料類＞　（だし類）　ラーメンスープ　濃縮　みそ味　ストレートみそ味,-1,-1,-1,-1,230,-1,-1,6,-1,18,-1,-1,-1,-1,1.2,-1,-1,-1,-1,1
17094,＜調味料類＞　（調味ソース類）　甘酢,-1,-1,-1,-1,200,100,-1,5,-1,15,-1,-1,-1,-1,1,-1,-1,-1,-1,1
17095,＜調味料類＞　（調味ソース類）　エビチリの素,-1,-1,-1,-1,-1,-1,-1,-1,-1,-1,-1,-1,-1,-1,-1,-1,-1,-1,-1,1
17031,＜調味料類＞　（調味ソース類）　オイスターソース,-1,-1,-1,-1,-1,-1,-1,6,-1,18,-1,-1,-1,-1,-1,-1,-1,-1,-1,1
17096,＜調味料類＞　（調味ソース類）　黄身酢,-1,-1,-1,-1,-1,-1,-1,-1,-1,-1,-1,-1,-1,-1,-1,-1,-1,-1,-1,1
17133,＜調味料類＞　（調味ソース類）　魚醤油　いかなごしょうゆ,-1,-1,-1,-1,-1,-1,-1,-1,-1,-1,-1,-1,-1,-1,-1,-1,-1,-1,-1,1
17134,＜調味料類＞　（調味ソース類）　魚醤油　いしる　（いしり）,-1,-1,-1,-1,-1,-1,-1,-1,-1,-1,-1,-1,-1,-1,-1,-1,-1,-1,-1,1
17135,＜調味料類＞　（調味ソース類）　魚醤油　しょっつる,-1,-1,-1,-1,-1,-1,-1,-1,-1,-1,-1,-1,-1,-1,-1,-1,-1,-1,-1,1
17107,＜調味料類＞　（調味ソース類）　魚醤油　ナンプラー,-1,-1,-1,-1,230,115,2,6,-1,18,-1,-1,-1,-1,1.15,-1,-1,-1,-1,1
17097,＜調味料類＞　（調味ソース類）　ごま酢,-1,-1,-1,-1,-1,-1,-1,-1,-1,-1,-1,-1,-1,-1,-1,-1,-1,-1,-1,1
17098,＜調味料類＞　（調味ソース類）　ごまだれ,-1,-1,-1,-1,200,100,-1,5,-1,15,-1,-1,-1,-1,1,-1,-1,-1,-1,1
17099,＜調味料類＞　（調味ソース類）　三杯酢,-1,-1,-1,-1,200,100,-1,5,-1,15,-1,-1,-1,-1,1,-1,-1,-1,-1,1
17100,＜調味料類＞　（調味ソース類）　二杯酢,-1,-1,-1,-1,-1,-1,-1,-1,-1,-1,-1,-1,-1,-1,-1,-1,-1,-1,-1,1
17101,＜調味料類＞　（調味ソース類）　すし酢　ちらし・稲荷用,-1,-1,-1,-1,200,100,-1,5,-1,15,-1,-1,-1,-1,-1,-1,-1,100,-1,1
17102,＜調味料類＞　（調味ソース類）　すし酢　にぎり用,-1,-1,-1,-1,-1,-1,-1,-1,-1,-1,-1,-1,-1,-1,-1,-1,-1,-1,-1,1
17103,＜調味料類＞　（調味ソース類）　すし酢　巻き寿司・箱寿司用,-1,-1,-1,-1,-1,-1,-1,-1,-1,-1,-1,-1,-1,-1,-1,-1,-1,-1,-1,1
17104,＜調味料類＞　（調味ソース類）　中華風合わせ酢,-1,-1,-1,-1,-1,-1,-1,-1,-1,-1,-1,-1,-1,-1,-1,-1,-1,-1,-1,1
17105,＜調味料類＞　（調味ソース類）　デミグラスソース,-1,-1,-1,-1,200,100,-1,-1,-1,-1,-1,-1,-1,-1,-1,-1,-1,-1,-1,1
17106,＜調味料類＞　（調味ソース類）　テンメンジャン,-1,-1,-1,-1,230,115,-1,6,-1,18,-1,-1,-1,-1,-1,-1,-1,-1,-1,1
17108,＜調味料類＞　（調味ソース類）　冷やし中華のたれ,-1,-1,-1,-1,-1,-1,-1,-1,-1,-1,-1,-1,-1,-1,-1,-1,-1,-1,-1,1
17109,＜調味料類＞　（調味ソース類）　ホワイトソース,-1,-1,-1,-1,200,-1,-1,5,10,15,-1,-1,-1,290,1,-1,-1,-1,-1,1
17110,＜調味料類＞　（調味ソース類）　ぽん酢しょうゆ,-1,-1,-1,-1,200,100,2,5,-1,15,-1,-1,-1,-1,1,-1,-1,-1,-1,1
17137,＜調味料類＞　（調味ソース類）　ぽん酢しょうゆ　市販品,-1,-1,-1,-1,-1,-1,-1,-1,-1,-1,-1,-1,-1,-1,-1,-1,-1,-1,-1,1
17032,＜調味料類＞　（調味ソース類）　マーボー豆腐の素,-1,-1,-1,-1,-1,-1,-1,-1,-1,-1,-1,-1,-1,-1,-1,-1,-1,-1,-1,1
17111,＜調味料類＞　（調味ソース類）　マリネ液,-1,-1,300,-1,200,100,-1,5,-1,15,-1,-1,-1,-1,-1,-1,-1,-1,-1,1
17033,＜調味料類＞　（調味ソース類）　ミートソース,-1,-1,300,-1,220,100,-1,6,-1,17,-1,180,-1,295,-1,-1,-1,-1,-1,1
17144,＜調味料類＞　（調味ソース類）　焼きそば粉末ソース,-1,-1,300,-1,220,100,-1,6,-1,17,-1,-1,-1,-1,-1,-1,-1,-1,-1,1
17112,＜調味料類＞　（調味ソース類）　焼き鳥のたれ,-1,-1,300,-1,220,100,-1,6,-1,17,-1,-1,-1,-1,-1,-1,-1,-1,-1,1
17113,＜調味料類＞　（調味ソース類）　焼き肉のたれ,-1,-1,300,-1,220,100,-1,6,-1,17,-1,-1,-1,80,1,-1,-1,-1,-1,1
17114,＜調味料類＞　（調味ソース類）　みたらしのたれ,-1,-1,-1,-1,-1,-1,-1,-1,-1,-1,-1,-1,-1,-1,-1,-1,-1,-1,-1,1
17115,＜調味料類＞　（調味ソース類）　ゆずこしょう,-1,-1,-1,48,-1,-1,3,1,-1,18,-1,-1,-1,-1,-1,-1,-1,-1,-1,1
17034,＜調味料類＞　（トマト加工品類）　トマトピューレー,-1,-1,-1,-1,-1,-1,-1,6,-1,18,-1,295,-1,600,-1,-1,-1,-1,-1,1
17035,＜調味料類＞　（トマト加工品類）　トマトペースト,-1,-1,-1,-1,-1,-1,-1,6,-1,-1,-1,-1,-1,-1,-1,-1,-1,-1,-1,1
17036,＜調味料類＞　（トマト加工品類）　トマトケチャップ,-1,-1,-1,-1,230,-1,5,5,-1,15,-1,-1,-1,-1,1,-1,-1,-1,-1,1
17037,＜調味料類＞　（トマト加工品類）　トマトソース,-1,-1,-1,-1,-1,-1,-1,-1,-1,18,-1,-1,-1,400,-1,-1,-1,-1,-1,1
17038,＜調味料類＞　（トマト加工品類）　チリソース,-1,-1,15,15,70,7.5,-1,-1,-1,18,-1,200,-1,-1,-1,-1,-1,-1,-1,1
17042,＜調味料類＞　（ドレッシング類）　半固形状ドレッシング　マヨネーズ　全卵型,-1,-1,-1,-1,190,-1,7,5,-1,15,-1,-1,-1,-1,-1,-1,-1,-1,-1,1
17043,＜調味料類＞　（ドレッシング類）　半固形状ドレッシング　マヨネーズ　卵黄型,-1,-1,-1,-1,-1,-1,-1,5,-1,15,-1,-1,-1,-1,-1,-1,-1,-1,-1,1
17118,＜調味料類＞　（ドレッシング類）　半固形状ドレッシング　マヨネーズタイプ調味料　低カロリータイプ,-1,-1,-1,-1,-1,-1,-1,-1,-1,12,-1,-1,-1,-1,-1,-1,-1,-1,-1,1
17040,＜調味料類＞　（ドレッシング類）　分離液状ドレッシング　フレンチドレッシング　分離液状,-1,-1,-1,-1,-1,-1,-1,-1,-1,-1,-1,-1,-1,-1,-1,-1,-1,-1,-1,1
17116,＜調味料類＞　（ドレッシング類）　分離液状ドレッシング　和風ドレッシング　分離液状,-1,-1,-1,-1,-1,-1,-1,5,-1,15,-1,-1,-1,-1,-1,-1,-1,-1,-1,1
17039,＜調味料類＞　（ドレッシング類）　分離液状ドレッシング　和風ドレッシングタイプ調味料　ノンオイルタイプ,-1,-1,-1,-1,-1,-1,-1,5,-1,15,-1,-1,-1,-1,-1,-1,-1,-1,-1,1
17117,＜調味料類＞　（ドレッシング類）　乳化液状ドレッシング　ごまドレッシング,-1,-1,-1,-1,-1,-1,-1,5,-1,15,-1,-1,-1,-1,-1,-1,-1,-1,-1,1
17041,＜調味料類＞　（ドレッシング類）　乳化液状ドレッシング　サウザンアイランドドレッシング,-1,-1,-1,-1,-1,-1,-1,-1,-1,-1,-1,-1,-1,-1,-1,-1,-1,-1,-1,1
17149,＜調味料類＞　（ドレッシング類）　乳化液状ドレッシング　フレンチドレッシング　乳化液状,-1,-1,-1,-1,-1,-1,-1,5,-1,15,-1,-1,-1,-1,-1,-1,-1,-1,-1,1
17044,＜調味料類＞　（みそ類）　米みそ　甘みそ,-1,-1,-1,-1,-1,-1,-1,-1,-1,-1,-1,-1,-1,-1,-1,-1,-1,-1,-1,1
17045,＜調味料類＞　（みそ類）　米みそ　淡色辛みそ,-1,-1,-1,-1,230,115,-1,6,-1,18,-1,-1,-1,-1,-1,-1,-1,-1,-1,1
17046,＜調味料類＞　（みそ類）　米みそ　赤色辛みそ,6,-1,-1,-1,230,115,-1,6,-1,18,-1,-1,-1,-1,-1,-1,-1,-1,-1,1
17120,＜調味料類＞　（みそ類）　米みそ　だし入りみそ,-1,-1,-1,-1,230,115,-1,6,-1,18,-1,-1,-1,-1,-1,-1,-1,-1,-1,1
17145,＜調味料類＞　（みそ類）　米みそ　だし入りみそ　減塩,-1,-1,-1,-1,230,115,-1,6,-1,18,-1,-1,-1,-1,-1,-1,-1,-1,-1,1
17047,＜調味料類＞　（みそ類）　麦みそ,-1,-1,-1,-1,230,115,-1,6,-1,18,-1,-1,-1,-1,-1,-1,-1,-1,-1,1
17048,＜調味料類＞　（みそ類）　豆みそ,-1,-1,-1,-1,230,115,-1,6,-1,18,-1,-1,-1,-1,-1,-1,-1,-1,-1,1
17119,＜調味料類＞　（みそ類）　減塩みそ,-1,-1,-1,-1,230,115,-1,6,-1,18,-1,-1,-1,-1,-1,-1,-1,-1,-1,1
17049,＜調味料類＞　（みそ類）　即席みそ　粉末タイプ,-1,-1,-1,-1,230,115,-1,6,-1,18,-1,-1,-1,-1,-1,-1,-1,-1,-1,1
17050,＜調味料類＞　（みそ類）　即席みそ　ペーストタイプ,-1,-1,-1,-1,230,115,-1,6,-1,18,-1,-1,-1,-1,-1,-1,-1,-1,-1,1
17121,＜調味料類＞　（みそ類）　辛子酢みそ,-1,-1,-1,-1,230,115,-1,6,-1,18,-1,-1,-1,-1,-1,-1,-1,-1,-1,1
17122,＜調味料類＞　（みそ類）　ごまみそ,-1,-1,-1,-1,230,115,-1,6,-1,18,-1,-1,-1,-1,-1,-1,-1,-1,-1,1
17123,＜調味料類＞　（みそ類）　酢みそ,-1,-1,-1,-1,230,115,-1,6,-1,18,-1,-1,-1,-1,-1,-1,-1,-1,-1,1
17124,＜調味料類＞　（みそ類）　練りみそ,-1,-1,-1,-1,230,115,-1,6,-1,18,-1,-1,-1,-1,-1,-1,-1,-1,-1,1
17051,＜調味料類＞　（ルウ類）　カレールウ,-1,-1,-1,20,80,-1,-1,6,-1,18,-1,-1,200,-1,-1,-1,-1,-1,-1,1
17052,＜調味料類＞　（ルウ類）　ハヤシルウ,-1,-1,-1,20,-1,-1,-1,-1,-1,-1,-1,-1,120,-1,-1,-1,-1,-1,-1,1
17125,＜調味料類＞　（その他）　お茶漬けの素　さけ,-1,-1,-1,-1,-1,-1,-1,3,-1,9,-1,70,-1,-1,-1,-1,-1,-1,-1,1
17136,＜調味料類＞　（その他）　キムチの素,-1,-1,-1,-1,-1,-1,-1,5,-1,15,-1,-1,-1,620,1,-1,-1,-1,-1,1
17053,＜調味料類＞　（その他）　酒かす,-1,-1,-1,-1,-1,-1,-1,5,-1,15,-1,-1,-1,-1,-1,-1,-1,-1,-1,1
17126,＜調味料類＞　（その他）　即席すまし汁,-1,-1,-1,-1,-1,-1,-1,-1,-1,-1,-1,-1,-1,-1,-1,-1,-1,-1,-1,1
17127,＜調味料類＞　（その他）　ふりかけ　たまご,-1,-1,-1,-1,-1,-1,-1,3,-1,9,-1,80,-1,-1,-1,-1,-1,-1,-1,1
17054,＜調味料類＞　（その他）　みりん風調味料,-1,-1,-1,-1,-1,-1,-1,-1,-1,-1,-1,-1,-1,-1,-1,-1,-1,-1,-1,1
17138,＜調味料類＞　（その他）　料理酒,18,-1,-1,-1,200,100,2,5,-1,15,-1,-1,-1,-1,1,-1,-1,-1,-1,1
17055,＜香辛料類＞　オールスパイス　粉,-1,-1,-1,0.2,-1,-1,1,2,-1,6,-1,30,-1,-1,-1,-1,-1,-1,-1,1
17056,＜香辛料類＞　オニオンパウダー,-1,-1,-1,-1,-1,-1,1,-1,-1,-1,-1,-1,-1,-1,-1,-1,-1,-1,-1,1
17057,＜香辛料類＞　からし　粉,-1,-1,-1,-1,-1,-1,1,5,-1,-1,-1,-1,-1,-1,-1,-1,-1,-1,-1,1
17058,＜香辛料類＞　からし　練り,-1,-1,-1,-1,-1,-1,1,6,-1,18,-1,-1,-1,-1,-1,0.45,-1,-1,-1,1
17059,＜香辛料類＞　からし　練りマスタード,-1,-1,-1,-1,-1,-1,1,6,-1,18,-1,-1,-1,-1,-1,0.45,-1,-1,-1,1
17060,＜香辛料類＞　からし　粒入りマスタード,-1,-1,-1,-1,-1,-1,1,6,-1,18,-1,-1,-1,-1,-1,0.45,-1,-1,-1,1
17061,＜香辛料類＞　カレー粉,-1,-1,-1,-1,80,-1,1,2,-1,6,-1,-1,-1,-1,-1,-1,-1,-1,-1,1
17062,＜香辛料類＞　クローブ　粉,-1,-1,-1,0.1,-1,-1,1,2,-1,6,-1,-1,-1,-1,-1,-1,-1,-1,-1,1
17063,＜香辛料類＞　こしょう　黒　粉,-1,-1,-1,-1,-1,-1,1,2,-1,6,-1,-1,-1,100,-1,-1,-1,-1,-1,1
17064,＜香辛料類＞　こしょう　白　粉,-1,-1,-1,-1,-1,-1,1,2,-1,6,-1,-1,-1,100,-1,-1,-1,-1,-1,1
17065,＜香辛料類＞　こしょう　混合　粉,-1,-1,-1,-1,-1,1,1,2,-1,6,-1,-1,-1,-1,-1,-1,-1,-1,-1,1
17066,＜香辛料類＞　さんしょう　粉,-1,-1,-1,-1,-1,-1,1,2,-1,6,-1,-1,-1,15,-1,-1,-1,-1,-1,1
17067,＜香辛料類＞　シナモン　粉,-1,-1,-1,3,-1,-1,1,2,-1,6,-1,500,-1,-1,-1,3,-1,-1,-1,1
17068,＜香辛料類＞　しょうが　粉,-1,-1,-1,-1,-1,-1,1,2,-1,6,-1,-1,-1,-1,-1,-1,-1,-1,-1,1
17069,＜香辛料類＞　しょうが　おろし,-1,-1,-1,-1,-1,-1,1,6,-1,18,-1,-1,-1,-1,-1,0.45,-1,-1,-1,1
17070,＜香辛料類＞　セージ　粉,-1,-1,-1,-1,-1,-1,1,2,-1,6,-1,10,-1,-1,-1,-1,-1,-1,-1,1
17071,＜香辛料類＞　タイム　粉,-1,-1,-1,-1,-1,-1,1,2,-1,6,-1,10,-1,-1,-1,-1,-1,-1,-1,1
17072,＜香辛料類＞　チリパウダー,-1,-1,-1,-1,-1,-1,1,2,-1,6,-1,10,-1,-1,-1,-1,-1,-1,-1,1
17073,＜香辛料類＞　とうがらし　粉,-1,-1,-1,-1,-1,-1,1,2,-1,6,-1,-1,-1,-1,-1,-1,-1,-1,-1,1
17074,＜香辛料類＞　ナツメグ　粉,-1,-1,-1,-1,-1,-1,1,2,-1,6,-1,15,-1,-1,-1,-1,-1,-1,-1,1
17075,＜香辛料類＞　にんにく　ガーリックパウダー　食塩無添加,-1,-1,-1,-1,-1,-1,1,2,-1,6,-1,30,-1,-1,-1,-1,-1,-1,-1,1
17128,＜香辛料類＞　にんにく　ガーリックパウダー　食塩添加,-1,-1,-1,-1,-1,-1,1,6,-1,18,-1,-1,-1,130,-1,-1,-1,-1,-1,1
17076,＜香辛料類＞　にんにく　おろし,-1,-1,-1,15,-1,-1,5,6,10,18,-1,-1,-1,-1,-1,0.45,-1,-1,-1,1
17077,＜香辛料類＞　バジル　粉,-1,-1,-1,-1,-1,-1,1,2,-1,6,-1,100,-1,-1,-1,-1,-1,-1,-1,1
17078,＜香辛料類＞　パセリ　乾,-1,-1,-1,-1,-1,-1,1,2,-1,6,-1,-1,-1,-1,-1,-1,-1,-1,-1,1
17079,＜香辛料類＞　パプリカ　粉,-1,-1,-1,-1,-1,-1,1,2,-1,6,-1,-1,-1,-1,-1,-1,-1,-1,-1,1
17080,＜香辛料類＞　わさび　粉　からし粉入り,-1,-1,-1,-1,-1,-1,1,-1,-1,-1,-1,-1,-1,-1,-1,-1,-1,-1,-1,1
17081,＜香辛料類＞　わさび　練り,-1,-1,40,-1,-1,-1,1,6,-1,18,-1,-1,-1,-1,-1,0.45,-1,-1,-1,1
17082,＜その他＞　酵母　パン酵母　圧搾,-1,-1,-1,-1,-1,-1,1,3,-1,8,-1,40,-1,-1,-1,-1,-1,-1,-1,1
17083,＜その他＞　酵母　パン酵母　乾燥,-1,-1,-1,-1,-1,-1,1,4,-1,12,-1,40,-1,-1,-1,-1,-1,-1,-1,1
17084,＜その他＞　ベーキングパウダー,-1,-1,-1,-1,-1,-1,1,4,-1,12,100,-1,-1,-1,-1,-1,-1,-1,-1,1
18024,和風料理　和え物類　青菜の白和え,-1,-1,-1,-1,-1,-1,-1,-1,-1,-1,-1,-1,-1,-1,-1,-1,-1,-1,-1,1
18025,和風料理　和え物類　いんげんのごま和え,-1,-1,-1,-1,-1,-1,-1,-1,-1,-1,-1,-1,-1,-1,-1,-1,-1,-1,-1,1
18026,和風料理　和え物類　わかめとねぎの酢みそ和え,-1,-1,-1,-1,-1,-1,-1,-1,-1,-1,-1,-1,-1,-1,-1,-1,-1,-1,-1,1
18028,和風料理　汁物類　とん汁,-1,-1,-1,-1,-1,-1,-1,-1,-1,-1,-1,-1,-1,-1,-1,-1,-1,-1,-1,1
18027,和風料理　酢の物類　紅白なます,-1,-1,-1,-1,-1,-1,-1,-1,-1,-1,-1,-1,-1,-1,-1,-1,-1,-1,-1,1
18029,和風料理　煮物類　卯の花いり,-1,-1,-1,-1,-1,-1,-1,-1,-1,-1,-1,-1,-1,-1,-1,-1,-1,-1,-1,1
18030,和風料理　煮物類　親子丼の具,-1,-1,-1,-1,-1,-1,-1,-1,-1,-1,-1,-1,-1,-1,-1,-1,-1,-1,-1,1
18031,和風料理　煮物類　牛飯の具,-1,-1,-1,-1,-1,-1,-1,-1,-1,-1,-1,-1,-1,-1,-1,-1,-1,-1,-1,1
18032,和風料理　煮物類　切り干し大根の煮物,-1,-1,-1,-1,-1,-1,-1,-1,-1,-1,-1,-1,-1,-1,-1,-1,-1,-1,-1,1
18033,和風料理　煮物類　きんぴらごぼう,-1,-1,-1,-1,-1,-1,-1,-1,-1,-1,-1,-1,-1,-1,-1,-1,-1,-1,-1,1
18034,和風料理　煮物類　ぜんまいのいため煮,-1,-1,-1,-1,-1,-1,-1,-1,-1,-1,-1,-1,-1,-1,-1,-1,-1,-1,-1,1
18035,和風料理　煮物類　筑前煮,-1,-1,-1,-1,-1,-1,-1,-1,-1,-1,-1,-1,-1,-1,-1,-1,-1,-1,-1,1
18036,和風料理　煮物類　肉じゃが,-1,-1,-1,-1,-1,-1,-1,-1,-1,-1,-1,-1,-1,-1,-1,-1,-1,-1,-1,1
18037,和風料理　煮物類　ひじきのいため煮,-1,-1,-1,-1,100,-1,-1,-1,-1,-1,-1,-1,-1,-1,-1,-1,-1,-1,-1,1
18038,和風料理　その他　アジの南蛮漬け,-1,-1,-1,-1,-1,-1,-1,-1,-1,-1,-1,-1,-1,-1,-1,-1,-1,-1,-1,1
18053,和風料理　その他　お好み焼き,-1,-1,-1,-1,-1,-1,-1,-1,-1,-1,-1,-1,-1,-1,-1,-1,-1,-1,-1,1
18054,和風料理　その他　とりから揚げ,-1,-1,-1,-1,-1,-1,-1,-1,-1,-1,-1,-1,-1,-1,-1,-1,-1,-1,-1,1
18023,和風料理　その他　松前漬け　しょうゆ漬,-1,-1,-1,-1,-1,-1,-1,-1,-1,-1,-1,-1,-1,-1,-1,-1,-1,-1,-1,1
18040,洋風料理　カレー類　チキンカレー,-1,-1,-1,-1,-1,-1,-1,-1,-1,-1,-1,100,-1,-1,-1,-1,-1,-1,-1,1
18001,洋風料理　カレー類　ビーフカレー,-1,-1,-1,-1,-1,-1,-1,-1,-1,-1,-1,-1,-1,-1,-1,-1,-1,-1,-1,1
18041,洋風料理　カレー類　ポークカレー,-1,-1,-1,180,180,-1,-1,-1,-1,-1,-1,180,180,180,-1,-1,-1,-1,-1,1
18043,洋風料理　コロッケ類　カニクリームコロッケ,-1,-1,-1,-1,-1,-1,-1,-1,-1,-1,-1,-1,-1,-1,-1,-1,-1,-1,-1,1
18044,洋風料理　コロッケ類　コーンクリームコロッケ,-1,-1,-1,-1,-1,-1,-1,-1,-1,-1,-1,-1,-1,-1,-1,-1,-1,-1,-1,1
18018,洋風料理　コロッケ類　ポテトコロッケ,-1,-1,-1,80,-1,-1,-1,-1,-1,-1,-1,-1,-1,-1,-1,-1,-1,-1,-1,1
18045,洋風料理　シチュー類　チキンシチュー,-1,-1,-1,-1,-1,-1,-1,-1,-1,-1,-1,-1,-1,-1,-1,-1,-1,-1,-1,1
18011,洋風料理　シチュー類　ビーフシチュー,-1,-1,-1,-1,-1,-1,-1,-1,-1,-1,-1,-1,-1,-1,-1,-1,-1,-1,-1,1
18015,洋風料理　素揚げ類　ミートボール,-1,-1,-1,11,-1,-1,-1,-1,-1,-1,-1,500,-1,-1,-1,-1,-1,-1,-1,1
18042,洋風料理　スープ類　かぼちゃのクリームスープ,-1,-1,-1,-1,-1,-1,-1,-1,-1,-1,-1,-1,-1,-1,-1,-1,-1,-1,-1,1
18005,洋風料理　スープ類　コーンクリームスープ　コーンクリームスープ,-1,-1,-1,-1,-1,-1,-1,-1,-1,-1,-1,-1,-1,-1,-1,-1,-1,-1,-1,1
18004,洋風料理　スープ類　コーンクリームスープ　粉末タイプ,-1,-1,-1,-1,-1,-1,-1,-1,-1,-1,-1,-1,-1,-1,-1,-1,-1,-1,-1,1
18050,洋風料理　ハンバーグステーキ類　合いびきハンバーグ,-1,-1,-1,60,-1,-1,-1,-1,-1,-1,-1,-1,-1,-1,-1,-1,-1,-1,-1,1
18051,洋風料理　ハンバーグステーキ類　チキンハンバーグ,-1,-1,-1,-1,-1,-1,-1,-1,-1,-1,-1,-1,-1,-1,-1,-1,-1,-1,-1,1
18052,洋風料理　ハンバーグステーキ類　豆腐ハンバーグ,-1,-1,-1,-1,-1,-1,-1,-1,-1,-1,-1,-1,-1,-1,-1,-1,-1,-1,-1,1
18019,洋風料理　フライ類　いかフライ,-1,-1,-1,-1,-1,-1,-1,-1,-1,-1,-1,-1,-1,-1,-1,-1,-1,-1,-1,1
18020,洋風料理　フライ類　えびフライ,-1,-1,-1,16,-1,-1,-1,-1,-1,-1,-1,-1,-1,-1,-1,-1,-1,-1,-1,1
18055,洋風料理　フライ類　かきフライ,-1,-1,-1,-1,-1,-1,-1,-1,-1,-1,-1,-1,-1,-1,-1,-1,-1,-1,-1,1
18021,洋風料理　フライ類　白身フライ,-1,-1,-1,-1,-1,-1,-1,-1,-1,-1,-1,-1,-1,-1,-1,-1,-1,-1,-1,1
18022,洋風料理　フライ類　メンチカツ,-1,-1,-1,-1,-1,-1,-1,-1,-1,-1,-1,-1,-1,-1,-1,-1,-1,-1,-1,1
18008,洋風料理　フライ用冷凍食品　いかフライ　冷凍,-1,-1,-1,100,-1,-1,-1,-1,-1,-1,-1,-1,-1,-1,-1,-1,-1,-1,-1,1
18009,洋風料理　フライ用冷凍食品　えびフライ　冷凍,-1,-1,-1,-1,-1,-1,-1,-1,-1,-1,-1,-1,-1,-1,-1,-1,-1,-1,-1,1
18006,洋風料理　フライ用冷凍食品　コロッケ　クリームコロッケ　冷凍,-1,-1,-1,-1,-1,-1,-1,-1,-1,-1,-1,-1,-1,-1,-1,-1,-1,-1,-1,1
18007,洋風料理　フライ用冷凍食品　コロッケ　ポテトコロッケ　冷凍,-1,-1,-1,-1,-1,-1,-1,-1,-1,-1,-1,-1,-1,-1,-1,-1,-1,-1,-1,1
18010,洋風料理　フライ用冷凍食品　白身フライ　冷凍,-1,-1,-1,-1,-1,-1,-1,-1,-1,-1,-1,-1,-1,-1,-1,-1,-1,-1,-1,1
18016,洋風料理　フライ用冷凍食品　メンチカツ　冷凍,-1,-1,-1,-1,-1,-1,-1,-1,-1,-1,-1,-1,-1,-1,-1,-1,-1,-1,-1,1
18003,洋風料理　その他　えびグラタン,-1,-1,-1,-1,-1,-1,-1,-1,-1,-1,-1,-1,-1,-1,-1,-1,-1,-1,-1,1
18014,洋風料理　その他　えびピラフ,-1,-1,-1,-1,-1,-1,-1,-1,-1,-1,-1,-1,-1,-1,-1,-1,-1,-1,-1,1
18002,中国料理　点心類　ぎょうざ,-1,-1,-1,8,-1,-1,-1,-1,-1,-1,-1,100,-1,-1,-1,-1,-1,-1,-1,1
18012,中国料理　点心類　しゅうまい,-1,-1,-1,-1,-1,-1,-1,-1,-1,-1,-1,-1,-1,-1,-1,-1,-1,-1,-1,1
18046,中国料理　点心類　中華ちまき,-1,-1,-1,-1,-1,-1,-1,-1,-1,-1,-1,-1,-1,-1,-1,-1,-1,-1,-1,1
18056,中国料理　点心類　春巻き,-1,-1,-1,-1,-1,-1,-1,-1,-1,-1,-1,-1,-1,-1,-1,-1,-1,-1,-1,1
18047,中国料理　菜類　酢豚,-1,-1,-1,-1,-1,-1,-1,-1,-1,-1,-1,-1,-1,-1,-1,-1,-1,-1,-1,1
18057,中国料理　菜類　チャーハン,-1,-1,-1,-1,-1,-1,-1,-1,-1,-1,-1,-1,-1,-1,-1,-1,-1,-1,-1,1
18048,中国料理　菜類　八宝菜,-1,-1,-1,-1,-1,-1,-1,-1,-1,-1,-1,-1,-1,-1,-1,-1,-1,-1,-1,1
18049,中国料理　菜類　麻婆豆腐,-1,-1,-1,-1,-1,-1,-1,-1,-1,-1,-1,-1,-1,-1,-1,-1,-1,-1,-1,1
18039,韓国料理　和え物類　もやしのナムル,-1,-1,-1,-1,-1,-1,-1,-1,-1,-1,-1,-1,-1,-1,-1,-1,-1,-1,-1,1
,,,,,,,,,,,,,,,,,,,,,
